Workbook
Name نسبة_القيمة_المضافة: 'الإعدادات'!$B$5
Name سنة_التقارير: 'الإعدادات'!$B$6
Name قائمة_التصنيفات: 'الإعدادات'!$D$4:$D$203
Name قائمة_الشركات: 'الإعدادات'!$E$4:$E$203
Name قائمة_الجهات: 'الإعدادات'!$F$4:$F$203
Name قائمة_السائقين: 'الإعدادات'!$G$4:$G$203
Name قائمة_أصحاب_السيارات: 'الإعدادات'!$H$4:$H$203
Name قائمة_العملاء: 'الإعدادات'!$I$4:$I$203

Sheet لوحة التحكم
A1: شركة المتوكل — لوحة التحكم والمؤشرات
A2: نظرة شاملة على أداء الشركة — تُحدَّث تلقائياً مع إدخال البيانات
A4: إجمالي الإيرادات | E4: إجمالي المصروفات | I4: صافي الأرباح
A5: =SUM('البوالص'!$L$4:$L$2203)+SUM('شامل'!$O$4:$O$2203)+SUM('التخليص'!$G$4:$G$2203)+SUM('مولدات ايجي كول'!$G$4:$G$2203)+SUM('مولدات الشجيع'!$G$4:$G$2203) | E5: =SUM('البوالص'!$AF$4:$AF$2203)+SUM('شامل'!$T$4:$T$2203)+SUM('التخليص'!$F$4:$F$2203) | I5: =SUM('شامل'!$U$4:$U$2203)+SUM('شامل'!$V$4:$V$2203)+SUM('البوالص'!$AH$4:$AH$2203)
A7: إجمالي المتحصّلات | E7: المتبقي على العملاء | I7: إجمالي النولون
A8: =SUM('البوالص'!$Q$4:$Q$2203)+SUM('شامل'!$P$4:$P$2203)+SUM('التخليص'!$H$4:$H$2203)+SUM('مولدات ايجي كول'!$H$4:$H$2203)+SUM('مولدات الشجيع'!$H$4:$H$2203) | E8: =SUM('البوالص'!$R$4:$R$2203)+SUM('شامل'!$Q$4:$Q$2203)+SUM('التخليص'!$I$4:$I$2203)+SUM('مولدات ايجي كول'!$I$4:$I$2203)+SUM('مولدات الشجيع'!$I$4:$I$2203) | I8: =SUM('البوالص'!$L$4:$L$2203)+SUM('شامل'!$J$4:$J$2203)+SUM('مولدات ايجي كول'!$G$4:$G$2203)+SUM('مولدات الشجيع'!$G$4:$G$2203)
A10: عدد البوالص | C10: عدد الفواتير | E10: عدد الحاويات | G10: عدد المولدات | I10: شهادات التخليص
A11: =COUNT('البوالص'!$B$4:$B$2203) | C11: =COUNT('شامل'!$B$4:$B$2203) | E11: =SUM('شامل'!$I$4:$I$2203)+SUMPRODUCT(--('البوالص'!$H$4:$H$2203<>"")) | G11: =SUM('مولدات ايجي كول'!$F$4:$F$2203)+SUM('مولدات الشجيع'!$F$4:$F$2203) | I11: =COUNT('التخليص'!$B$4:$B$2203)
A13: التحليلات البيانية

Sheet البوالص
A1: شركة المتوكل — البوالص
A2: سجل بوالص الشحن ومحاسبة رحلات السيارات
A3: م | B3: التاريخ | C3: رقم البوليصة | D3: صاحب البيان | E3: التصنيف | F3: اسم الشركة | G3: الجهة | H3: رقم الحاوية | I3: رقم السيارة | J3: اسم السائق | K3: صاحب السيارة | L3: نولون | M3: عهدة | N3: تحويلة | O3: خصم | P3: بياتة (تحصيل) | Q3: دفعة | R3: باقي | S3: إجمالي التحصيل | T3: دور سواق | U3: دور تبّاع | V3: بياتة (مصروف) | W3: مصروف | X3: كرتات | Y3: تحيا مصر | Z3: ثبتان | AA3: ظ كاوتش | AB3: تصاريح | AC3: كاوتش | AD3: م أخرى | AE3: جاز | AF3: إجمالي المصروف | AG3: الباقي من العهدة | AH3: صافي السيارة | AI3: ربح/خسارة %
A4: =IF($B4="","",COUNTA($B$4:$B4)) | B4: 46023 | C4: 1974 | E4: كساحة ملاكى | G4: التجمع | H4: سيارة ملاكى | I4: 4373 س د و | J4: رامى سمير | K4: الدلوعة | L4: 4500 | M4: 3000 | Q4: 1500 | R4: =IF($B4="","",N($S4)-N($Q4)) | S4: =IF($B4="","",N($L4)+N($N4)+N($P4)) | AF4: =IF($B4="","",SUM($T4:$AE4)) | AG4: =IF($B4="","",N($M4)-N($AF4)) | AH4: =IF($B4="","",N($L4)-N($AF4)) | AI4: =IF($B4="","",IF(N($L4)=0,"",(N($L4)-N($AF4))/N($L4)))
A5: =IF($B5="","",COUNTA($B$4:$B5)) | B5: 46023 | C5: 1975 | E5: كساحة ملاكى | F5: محمد جميل | G5: اكتوبر | H5: سيارة ملاكى | I5: س م ب 7843 | J5: محمود محمد | K5: الدلوعة | L5: 4200 | M5: 3000 | Q5: 1200 | R5: =IF($B5="","",N($S5)-N($Q5)) | S5: =IF($B5="","",N($L5)+N($N5)+N($P5)) | AF5: =IF($B5="","",SUM($T5:$AE5)) | AG5: =IF($B5="","",N($M5)-N($AF5)) | AH5: =IF($B5="","",N($L5)-N($AF5)) | AI5: =IF($B5="","",IF(N($L5)=0,"",(N($L5)-N($AF5))/N($L5)))
A6: =IF($B6="","",COUNTA($B$4:$B6)) | B6: 46023 | C6: 1550 | D6: حمو مرزوق | E6: 1*40 | G6: السادات | H6: 067381/4 | I6: س ر ا 6671 | J6: السيد بدوى | K6: حمو مرزوق | L6: 11700 | M6: 7100 | O6: 200 | Q6: 4400 | R6: =IF($B6="","",N($S6)-N($Q6)) | S6: =IF($B6="","",N($L6)+N($N6)+N($P6)) | AF6: =IF($B6="","",SUM($T6:$AE6)) | AG6: =IF($B6="","",N($M6)-N($AF6)) | AH6: =IF($B6="","",N($L6)-N($AF6)) | AI6: =IF($B6="","",IF(N($L6)=0,"",(N($L6)-N($AF6))/N($L6)))
A7: =IF($B7="","",COUNTA($B$4:$B7)) | B7: 46023 | C7: 1549 | D7: حاتم البحر ق | E7: 1*40 | F7: ريجينا | G7: السادات | H7: 625009/2 | I7: س م ى 3925 | J7: عادل علام | K7: ايمن الزقزق | L7: 11700 | M7: 7100 | O7: 200 | Q7: 4400 | R7: =IF($B7="","",N($S7)-N($Q7)) | S7: =IF($B7="","",N($L7)+N($N7)+N($P7)) | AF7: =IF($B7="","",SUM($T7:$AE7)) | AG7: =IF($B7="","",N($M7)-N($AF7)) | AH7: =IF($B7="","",N($L7)-N($AF7)) | AI7: =IF($B7="","",IF(N($L7)=0,"",(N($L7)-N($AF7))/N($L7)))
A8: =IF($B8="","",COUNTA($B$4:$B8)) | B8: 46023 | C8: 1608 | D8: المكتب | E8: 2*20 | F8: ريجينا | G8: السادات | H8: 286911/9-137074/2 | I8: س ع م 8737 | J8: محمود بكر | K8: المكتب | L8: 15500 | M8: 6000 | Q8: 9500 | R8: =IF($B8="","",N($S8)-N($Q8)) | S8: =IF($B8="","",N($L8)+N($N8)+N($P8)) | T8: 1600 | U8: 600 | W8: 200 | X8: 60 | Y8: 60 | AC8: 50 | AE8: 2690 | AF8: =IF($B8="","",SUM($T8:$AE8)) | AG8: =IF($B8="","",N($M8)-N($AF8)) | AH8: =IF($B8="","",N($L8)-N($AF8)) | AI8: =IF($B8="","",IF(N($L8)=0,"",(N($L8)-N($AF8))/N($L8)))
A9: =IF($B9="","",COUNTA($B$4:$B9)) | B9: 46025 | C9: 1567 | D9: حاتم البحر ق | E9: 1*40 ث | F9: جرين لاند | G9: ك الدوار | H9: 862577/6 | I9: س م ب 3925 | J9: عادل محمد | K9: علاء علام | L9: 9000 | M9: 5100 | O9: 200 | Q9: 3700 | R9: =IF($B9="","",N($S9)-N($Q9)) | S9: =IF($B9="","",N($L9)+N($N9)+N($P9)) | AF9: =IF($B9="","",SUM($T9:$AE9)) | AG9: =IF($B9="","",N($M9)-N($AF9)) | AH9: =IF($B9="","",N($L9)-N($AF9)) | AI9: =IF($B9="","",IF(N($L9)=0,"",(N($L9)-N($AF9))/N($L9)))
A10: =IF($B10="","",COUNTA($B$4:$B10)) | B10: 46025 | C10: 1568 | D10: علاء علام | E10: 1*40 ث | F10: جرين لاند | G10: ك الدوار | H10: 508450/0 | I10: س ل ب 5917 | J10: احمد محمود فرج | K10: علاء علام | L10: 9000 | M10: 5100 | O10: 200 | Q10: 3700 | R10: =IF($B10="","",N($S10)-N($Q10)) | S10: =IF($B10="","",N($L10)+N($N10)+N($P10)) | AF10: =IF($B10="","",SUM($T10:$AE10)) | AG10: =IF($B10="","",N($M10)-N($AF10)) | AH10: =IF($B10="","",N($L10)-N($AF10)) | AI10: =IF($B10="","",IF(N($L10)=0,"",(N($L10)-N($AF10))/N($L10)))
A11: =IF($B11="","",COUNTA($B$4:$B11)) | B11: 46025 | C11: 1569 | D11: ابو مينا | E11: 1*40 ث | F11: جرين لاند | G11: ك الدوار | H11: 554623/3 | I11: س ع ف 5194 | J11: محمد حسان | K11: ابو مينا | L11: 9000 | M11: 5100 | O11: 200 | Q11: 3700 | R11: =IF($B11="","",N($S11)-N($Q11)) | S11: =IF($B11="","",N($L11)+N($N11)+N($P11)) | AF11: =IF($B11="","",SUM($T11:$AE11)) | AG11: =IF($B11="","",N($M11)-N($AF11)) | AH11: =IF($B11="","",N($L11)-N($AF11)) | AI11: =IF($B11="","",IF(N($L11)=0,"",(N($L11)-N($AF11))/N($L11)))
A12: =IF($B12="","",COUNTA($B$4:$B12)) | B12: 46025 | C12: 1570 | D12: حمو مرزوق | E12: 1*40 ث | F12: جرين لاند | G12: ك الدوار | H12: 158456/3 | I12: س ر ا 6671 | J12: السيد بدوى | K12: حمو مرزوق | L12: 9500 | M12: 5100 | O12: 200 | Q12: 4200 | R12: =IF($B12="","",N($S12)-N($Q12)) | S12: =IF($B12="","",N($L12)+N($N12)+N($P12)) | AF12: =IF($B12="","",SUM($T12:$AE12)) | AG12: =IF($B12="","",N($M12)-N($AF12)) | AH12: =IF($B12="","",N($L12)-N($AF12)) | AI12: =IF($B12="","",IF(N($L12)=0,"",(N($L12)-N($AF12))/N($L12)))
A13: =IF($B13="","",COUNTA($B$4:$B13)) | B13: 46025 | C13: 1571 | D13: صعيدى 1خ | E13: 1*40 ث | F13: جرين لاند | G13: ك الدوار | H13: 509384/2 | I13: س ر ا 9611 | J13: ياسر محمد | K13: محمد الصعيدى | L13: 9000 | M13: 5100 | O13: 200 | Q13: 3700 | R13: =IF($B13="","",N($S13)-N($Q13)) | S13: =IF($B13="","",N($L13)+N($N13)+N($P13)) | AF13: =IF($B13="","",SUM($T13:$AE13)) | AG13: =IF($B13="","",N($M13)-N($AF13)) | AH13: =IF($B13="","",N($L13)-N($AF13)) | AI13: =IF($B13="","",IF(N($L13)=0,"",(N($L13)-N($AF13))/N($L13)))
A14: =IF($B14="","",COUNTA($B$4:$B14)) | B14: 46025 | C14: 1610 | D14: ايوب خ | E14: 1*20 | F14: حلوانى اخوان | G14: العاشر | H14: 089103/0 | I14: ب ا ج 7235 | J14: حسام محمد | K14: ايوب | L14: 13000 | M14: 8100 | O14: 200 | Q14: 4700 | R14: =IF($B14="","",N($S14)-N($Q14)) | S14: =IF($B14="","",N($L14)+N($N14)+N($P14)) | AF14: =IF($B14="","",SUM($T14:$AE14)) | AG14: =IF($B14="","",N($M14)-N($AF14)) | AH14: =IF($B14="","",N($L14)-N($AF14)) | AI14: =IF($B14="","",IF(N($L14)=0,"",(N($L14)-N($AF14))/N($L14)))
A15: =IF($B15="","",COUNTA($B$4:$B15)) | B15: 46025 | C15: 1611 | D15: المكتب | E15: 2*20 | F15: حلوانى اخوان | G15: العاشر | H15: 093991/5-177254/4 | I15: س ع م 8737 | J15: محمود بكر | K15: المكتب | L15: 19000 | M15: 5000 | Q15: 14000 | R15: =IF($B15="","",N($S15)-N($Q15)) | S15: =IF($B15="","",N($L15)+N($N15)+N($P15)) | T15: 1700 | U15: 700 | W15: 200 | X15: 130 | Y15: 60 | AB15: 250 | AC15: 120 | AE15: 3940 | AF15: =IF($B15="","",SUM($T15:$AE15)) | AG15: =IF($B15="","",N($M15)-N($AF15)) | AH15: =IF($B15="","",N($L15)-N($AF15)) | AI15: =IF($B15="","",IF(N($L15)=0,"",(N($L15)-N($AF15))/N($L15)))
A16: =IF($B16="","",COUNTA($B$4:$B16)) | B16: 46025 | C16: 1609 | D16: عتريس مخيمر خ | E16: 1*40 | F16: يونايتد باك | G16: اكتوبر | H16: 422287/2 | I16: ب ص ا 2574 | J16: محمد البحيرى | K16: احمد خليف | L16: 12700 | M16: 7100 | O16: 200 | Q16: 5400 | R16: =IF($B16="","",N($S16)-N($Q16)) | S16: =IF($B16="","",N($L16)+N($N16)+N($P16)) | AF16: =IF($B16="","",SUM($T16:$AE16)) | AG16: =IF($B16="","",N($M16)-N($AF16)) | AH16: =IF($B16="","",N($L16)-N($AF16)) | AI16: =IF($B16="","",IF(N($L16)=0,"",(N($L16)-N($AF16))/N($L16)))
A17: =IF($B17="","",COUNTA($B$4:$B17)) | B17: 46026 | C17: 1614 | D17: سعد منير | E17: 1*40 | F17: الريعى | G17: ابو حماد | H17: 504109/8 | I17: ب ن و 6487 | J17: احمد رياض | K17: استوريا | L17: 16000 | M17: 8100 | O17: 200 | Q17: 7700 | R17: =IF($B17="","",N($S17)-N($Q17)) | S17: =IF($B17="","",N($L17)+N($N17)+N($P17)) | AF17: =IF($B17="","",SUM($T17:$AE17)) | AG17: =IF($B17="","",N($M17)-N($AF17)) | AH17: =IF($B17="","",N($L17)-N($AF17)) | AI17: =IF($B17="","",IF(N($L17)=0,"",(N($L17)-N($AF17))/N($L17)))
A18: =IF($B18="","",COUNTA($B$4:$B18)) | B18: 46026 | C18: 1615 | D18: عتريس مخيمر خ | E18: 1*40 | F18: الريعى | G18: ابو حماد | H18: 519205/3 | I18: ب ص ا 2574 | J18: محمد البحيرى | K18: احمد خليف | L18: 15000 | M18: 8100 | O18: 200 | Q18: 6700 | R18: =IF($B18="","",N($S18)-N($Q18)) | S18: =IF($B18="","",N($L18)+N($N18)+N($P18)) | AF18: =IF($B18="","",SUM($T18:$AE18)) | AG18: =IF($B18="","",N($M18)-N($AF18)) | AH18: =IF($B18="","",N($L18)-N($AF18)) | AI18: =IF($B18="","",IF(N($L18)=0,"",(N($L18)-N($AF18))/N($L18)))
A19: =IF($B19="","",COUNTA($B$4:$B19)) | B19: 46026 | C19: 1613 | D19: المكتب | E19: 1*40 | F19: يونايتد باك | G19: العاشر | H19: 483811/9 | I19: س ع م 8737 | J19: محمود بكر | K19: المكتب | L19: 14500 | M19: 5500 | Q19: 9000 | R19: =IF($B19="","",N($S19)-N($Q19)) | S19: =IF($B19="","",N($L19)+N($N19)+N($P19)) | T19: 1500 | U19: 600 | W19: 150 | X19: 130 | Y19: 60 | AC19: 250 | AE19: 3450 | AF19: =IF($B19="","",SUM($T19:$AE19)) | AG19: =IF($B19="","",N($M19)-N($AF19)) | AH19: =IF($B19="","",N($L19)-N($AF19)) | AI19: =IF($B19="","",IF(N($L19)=0,"",(N($L19)-N($AF19))/N($L19)))
A20: =IF($B20="","",COUNTA($B$4:$B20)) | B20: 46026 | C20: 1612 | D20: احمد محسن | E20: 1*40 | F20: مصر اسبانيا | G20: السادات | H20: 590982/1 | I20: س ه ف 1387 | J20: محمد خميس | K20: احمد محسن | L20: 11700 | M20: 6100 | O20: 200 | Q20: 5400 | R20: =IF($B20="","",N($S20)-N($Q20)) | S20: =IF($B20="","",N($L20)+N($N20)+N($P20)) | AF20: =IF($B20="","",SUM($T20:$AE20)) | AG20: =IF($B20="","",N($M20)-N($AF20)) | AH20: =IF($B20="","",N($L20)-N($AF20)) | AI20: =IF($B20="","",IF(N($L20)=0,"",(N($L20)-N($AF20))/N($L20)))
A21: =IF($B21="","",COUNTA($B$4:$B21)) | B21: 46026 | C21: 1616 | D21: احمد عبدو خ | E21: 1*40 | F21: سمارت فود | G21: الخطاطبة | H21: 890001/0 | I21: س ا ه 8198 | J21: ياسر عويضة | K21: علاء علام | L21: 11700 | M21: 7100 | O21: 200 | Q21: 4400 | R21: =IF($B21="","",N($S21)-N($Q21)) | S21: =IF($B21="","",N($L21)+N($N21)+N($P21)) | AF21: =IF($B21="","",SUM($T21:$AE21)) | AG21: =IF($B21="","",N($M21)-N($AF21)) | AH21: =IF($B21="","",N($L21)-N($AF21)) | AI21: =IF($B21="","",IF(N($L21)=0,"",(N($L21)-N($AF21))/N($L21)))
A22: =IF($B22="","",COUNTA($B$4:$B22)) | B22: 46026 | C22: 1617 | D22: احمد عبدو خ | E22: 1*40 | F22: سمارت فود | G22: الخطاطبة | H22: 846234/7 | I22: س ل ب 5917 | J22: محمود احمد | K22: علاء علام | L22: 11700 | M22: 7100 | O22: 200 | Q22: 4400 | R22: =IF($B22="","",N($S22)-N($Q22)) | S22: =IF($B22="","",N($L22)+N($N22)+N($P22)) | AF22: =IF($B22="","",SUM($T22:$AE22)) | AG22: =IF($B22="","",N($M22)-N($AF22)) | AH22: =IF($B22="","",N($L22)-N($AF22)) | AI22: =IF($B22="","",IF(N($L22)=0,"",(N($L22)-N($AF22))/N($L22)))
A23: =IF($B23="","",COUNTA($B$4:$B23)) | B23: 46026 | C23: 1572 | D23: حمو مرزوق | E23: 2*20 | F23: الدولية للفحم | G23: البرج | H23: 308570/4-096658/1 | I23: س ر ا 6671 | J23: السيد بدوى | K23: حمو مرزوق | L23: 10000 | M23: 5000 | Q23: 5000 | R23: =IF($B23="","",N($S23)-N($Q23)) | S23: =IF($B23="","",N($L23)+N($N23)+N($P23)) | AF23: =IF($B23="","",SUM($T23:$AE23)) | AG23: =IF($B23="","",N($M23)-N($AF23)) | AH23: =IF($B23="","",N($L23)-N($AF23)) | AI23: =IF($B23="","",IF(N($L23)=0,"",(N($L23)-N($AF23))/N($L23)))
A24: =IF($B24="","",COUNTA($B$4:$B24)) | B24: 46027 | C24: 1575 | D24: بدوى صلاح | E24: 1*20 | F24: مصر اسبانيا | G24: السادات | H24: 224206/5 | I24: ط ف ر 4847 | J24: محمد عبدالله | K24: عصفور | L24: 9000 | M24: 6100 | O24: 200 | Q24: 2700 | R24: =IF($B24="","",N($S24)-N($Q24)) | S24: =IF($B24="","",N($L24)+N($N24)+N($P24)) | AF24: =IF($B24="","",SUM($T24:$AE24)) | AG24: =IF($B24="","",N($M24)-N($AF24)) | AH24: =IF($B24="","",N($L24)-N($AF24)) | AI24: =IF($B24="","",IF(N($L24)=0,"",(N($L24)-N($AF24))/N($L24)))
A25: =IF($B25="","",COUNTA($B$4:$B25)) | B25: 46027 | C25: 1573 | D25: ايوب خ | E25: 1*20 | F25: الحناوي | G25: السادات | H25: 276863/3 | I25: ب د ن 5863 | J25: احمد السعيد | K25: ايوب | L25: 11500 | M25: 2600 | O25: 200 | Q25: 8700 | R25: =IF($B25="","",N($S25)-N($Q25)) | S25: =IF($B25="","",N($L25)+N($N25)+N($P25)) | AF25: =IF($B25="","",SUM($T25:$AE25)) | AG25: =IF($B25="","",N($M25)-N($AF25)) | AH25: =IF($B25="","",N($L25)-N($AF25)) | AI25: =IF($B25="","",IF(N($L25)=0,"",(N($L25)-N($AF25))/N($L25)))
A26: =IF($B26="","",COUNTA($B$4:$B26)) | B26: 46027 | C26: 1574 | D26: سعد منير | E26: 1*40 | F26: فابريك | G26: العاشر | H26: 786743/2 | I26: ب ج ط 9147 | J26: رضا محمد | K26: استوريا | L26: 14500 | M26: 8100 | O26: 200 | Q26: 6200 | R26: =IF($B26="","",N($S26)-N($Q26)) | S26: =IF($B26="","",N($L26)+N($N26)+N($P26)) | AF26: =IF($B26="","",SUM($T26:$AE26)) | AG26: =IF($B26="","",N($M26)-N($AF26)) | AH26: =IF($B26="","",N($L26)-N($AF26)) | AI26: =IF($B26="","",IF(N($L26)=0,"",(N($L26)-N($AF26))/N($L26)))
A27: =IF($B27="","",COUNTA($B$4:$B27)) | B27: 46027 | C27: 1651 | D27: ابو مينا | E27: 1*40 | F27: وادي الرياض | G27: الاسماعيليه | H27: 713234/4 | I27: ي ر ع 7945 | J27: علي جاد | K27: ابو مينا | L27: 17000 | M27: 9100 | O27: 200 | Q27: 7700 | R27: =IF($B27="","",N($S27)-N($Q27)) | S27: =IF($B27="","",N($L27)+N($N27)+N($P27)) | AF27: =IF($B27="","",SUM($T27:$AE27)) | AG27: =IF($B27="","",N($M27)-N($AF27)) | AH27: =IF($B27="","",N($L27)-N($AF27)) | AI27: =IF($B27="","",IF(N($L27)=0,"",(N($L27)-N($AF27))/N($L27)))
A28: =IF($B28="","",COUNTA($B$4:$B28)) | B28: 46027 | C28: 1576 | D28: الشريف خ | E28: 1*40 | F28: الريعي | G28: ابوحماد الشرقيه | H28: 761414/4 | I28: ب د ف 5419 | J28: سمير نوفل | K28: الليبر | L28: 15000 | M28: 8100 | O28: 200 | Q28: 6700 | R28: =IF($B28="","",N($S28)-N($Q28)) | S28: =IF($B28="","",N($L28)+N($N28)+N($P28)) | AF28: =IF($B28="","",SUM($T28:$AE28)) | AG28: =IF($B28="","",N($M28)-N($AF28)) | AH28: =IF($B28="","",N($L28)-N($AF28)) | AI28: =IF($B28="","",IF(N($L28)=0,"",(N($L28)-N($AF28))/N($L28)))
A29: =IF($B29="","",COUNTA($B$4:$B29)) | B29: 46027 | C29: 1577 | D29: حمو مرزوق | E29: 1*40 | F29: الريعي | G29: ابوحماد الشرقيه | H29: 797675/2 | I29: س ر ا 6671 | J29: السيد مرسي | K29: حمو مرزوق | L29: 15500 | M29: 8100 | O29: 200 | Q29: 7200 | R29: =IF($B29="","",N($S29)-N($Q29)) | S29: =IF($B29="","",N($L29)+N($N29)+N($P29)) | AF29: =IF($B29="","",SUM($T29:$AE29)) | AG29: =IF($B29="","",N($M29)-N($AF29)) | AH29: =IF($B29="","",N($L29)-N($AF29)) | AI29: =IF($B29="","",IF(N($L29)=0,"",(N($L29)-N($AF29))/N($L29)))
A30: =IF($B30="","",COUNTA($B$4:$B30)) | B30: 46028 | C30: 1288 | D30: ايوب خ | E30: 1*20 | F30: ايه كيه اتشى | G30: الهرم سقاره | H30: 101173/2 | I30: ب ع ا 5839 | J30: هاني شريف | K30: ايوب | L30: 10000 | M30: 7100 | O30: 200 | Q30: 2700 | R30: =IF($B30="","",N($S30)-N($Q30)) | S30: =IF($B30="","",N($L30)+N($N30)+N($P30)) | AF30: =IF($B30="","",SUM($T30:$AE30)) | AG30: =IF($B30="","",N($M30)-N($AF30)) | AH30: =IF($B30="","",N($L30)-N($AF30)) | AI30: =IF($B30="","",IF(N($L30)=0,"",(N($L30)-N($AF30))/N($L30)))
A31: =IF($B31="","",COUNTA($B$4:$B31)) | B31: 46028 | C31: 1578 | D31: عتريس مخيمر خ | E31: 1*40 | F31: الدوليه انترناشونال | G31: العاشر | H31: 46723/0 | I31: ب ص ا 2574 | J31: حمدي البحيري | K31: البحيري | L31: 14000 | M31: 8100 | O31: 200 | Q31: 5700 | R31: =IF($B31="","",N($S31)-N($Q31)) | S31: =IF($B31="","",N($L31)+N($N31)+N($P31)) | AF31: =IF($B31="","",SUM($T31:$AE31)) | AG31: =IF($B31="","",N($M31)-N($AF31)) | AH31: =IF($B31="","",N($L31)-N($AF31)) | AI31: =IF($B31="","",IF(N($L31)=0,"",(N($L31)-N($AF31))/N($L31)))
A32: =IF($B32="","",COUNTA($B$4:$B32)) | B32: 46028 | C32: 1579 | D32: المكتب | E32: 1*40 | F32: الدوليه | G32: العاشر | H32: 659169/8 | I32: س ع م 8737 | J32: محمود بكر | K32: المكتب | L32: 14000 | M32: 6000 | Q32: 8000 | R32: =IF($B32="","",N($S32)-N($Q32)) | S32: =IF($B32="","",N($L32)+N($N32)+N($P32)) | T32: 1500 | U32: 600 | W32: 150 | X32: 130 | Y32: 120 | AC32: 100 | AE32: 3630 | AF32: =IF($B32="","",SUM($T32:$AE32)) | AG32: =IF($B32="","",N($M32)-N($AF32)) | AH32: =IF($B32="","",N($L32)-N($AF32)) | AI32: =IF($B32="","",IF(N($L32)=0,"",(N($L32)-N($AF32))/N($L32)))
A33: =IF($B33="","",COUNTA($B$4:$B33)) | B33: 46029 | C33: 1618 | D33: حمو مرزوق | E33: 1*40 | F33: اجرو جرين | G33: جمصه | H33: 500718/5 | I33: س ر ا 6671 | J33: السيد بدوي | K33: حمو مرزوق | L33: 13500 | M33: 7100 | O33: 200 | Q33: 6200 | R33: =IF($B33="","",N($S33)-N($Q33)) | S33: =IF($B33="","",N($L33)+N($N33)+N($P33)) | AF33: =IF($B33="","",SUM($T33:$AE33)) | AG33: =IF($B33="","",N($M33)-N($AF33)) | AH33: =IF($B33="","",N($L33)-N($AF33)) | AI33: =IF($B33="","",IF(N($L33)=0,"",(N($L33)-N($AF33))/N($L33)))
A34: =IF($B34="","",COUNTA($B$4:$B34)) | B34: 46030 | C34: 1584 | D34: حمو مرزوق | E34: 1*40 | F34: محمود مسعود | G34: الكيلو59 | H34: 828127/9 | I34: س ر ا 6671 | J34: السيد مرسي | K34: حمو مرزوق | L34: 10000 | M34: 7100 | O34: 200 | Q34: 2700 | R34: =IF($B34="","",N($S34)-N($Q34)) | S34: =IF($B34="","",N($L34)+N($N34)+N($P34)) | AF34: =IF($B34="","",SUM($T34:$AE34)) | AG34: =IF($B34="","",N($M34)-N($AF34)) | AH34: =IF($B34="","",N($L34)-N($AF34)) | AI34: =IF($B34="","",IF(N($L34)=0,"",(N($L34)-N($AF34))/N($L34)))
A35: =IF($B35="","",COUNTA($B$4:$B35)) | B35: 46030 | C35: 1585 | D35: استوريا خ | E35: 1*40 | F35: محمود مسعود | G35: الكيلو59 | H35: 560074/1 | I35: س ن ب 1649 | J35: محمد عاطف | K35: محمد صابر | L35: 10000 | M35: 5100 | O35: 200 | Q35: 4700 | R35: =IF($B35="","",N($S35)-N($Q35)) | S35: =IF($B35="","",N($L35)+N($N35)+N($P35)) | AF35: =IF($B35="","",SUM($T35:$AE35)) | AG35: =IF($B35="","",N($M35)-N($AF35)) | AH35: =IF($B35="","",N($L35)-N($AF35)) | AI35: =IF($B35="","",IF(N($L35)=0,"",(N($L35)-N($AF35))/N($L35)))
A36: =IF($B36="","",COUNTA($B$4:$B36)) | B36: 46030 | C36: 1580 | D36: احمد عبدو خ | E36: 1*40 | F36: المستقبل | G36: الخطاطبة | H36: 46905/8 | I36: س ل ب 5917 | J36: ياسر احمد | K36: علاء علام | L36: 11700 | M36: 7100 | O36: 200 | Q36: 4400 | R36: =IF($B36="","",N($S36)-N($Q36)) | S36: =IF($B36="","",N($L36)+N($N36)+N($P36)) | AF36: =IF($B36="","",SUM($T36:$AE36)) | AG36: =IF($B36="","",N($M36)-N($AF36)) | AH36: =IF($B36="","",N($L36)-N($AF36)) | AI36: =IF($B36="","",IF(N($L36)=0,"",(N($L36)-N($AF36))/N($L36)))
A37: =IF($B37="","",COUNTA($B$4:$B37)) | B37: 46030 | C37: 1581 | D37: مخزن | E37: 1*40 | F37: المستقبل | G37: الخطاطبة | H37: 40490/4 | I37: س ل ا 5468 | J37: حسام الدين محمد | K37: احمد مخزن | L37: 11700 | M37: 7100 | O37: 200 | Q37: 4400 | R37: =IF($B37="","",N($S37)-N($Q37)) | S37: =IF($B37="","",N($L37)+N($N37)+N($P37)) | AF37: =IF($B37="","",SUM($T37:$AE37)) | AG37: =IF($B37="","",N($M37)-N($AF37)) | AH37: =IF($B37="","",N($L37)-N($AF37)) | AI37: =IF($B37="","",IF(N($L37)=0,"",(N($L37)-N($AF37))/N($L37)))
A38: =IF($B38="","",COUNTA($B$4:$B38)) | B38: 46030 | C38: 1582 | D38: عتريس مخيمر خ | E38: 1*40 | F38: المستقبل | G38: الخطاطبة | H38: 4273392/6 | I38: ب ص ا 2574 | J38: محمد البحيرى | K38: البحيري | L38: 11700 | M38: 7100 | O38: 200 | Q38: 4400 | R38: =IF($B38="","",N($S38)-N($Q38)) | S38: =IF($B38="","",N($L38)+N($N38)+N($P38)) | AF38: =IF($B38="","",SUM($T38:$AE38)) | AG38: =IF($B38="","",N($M38)-N($AF38)) | AH38: =IF($B38="","",N($L38)-N($AF38)) | AI38: =IF($B38="","",IF(N($L38)=0,"",(N($L38)-N($AF38))/N($L38)))
A39: =IF($B39="","",COUNTA($B$4:$B39)) | B39: 46030 | C39: 1583 | D39: المكتب | E39: 1*40 | F39: المستقبل | G39: الخطاطبة | H39: 605262/2 | I39: س ع م 8737 | J39: محمود بكر | K39: المكتب | L39: 11700 | M39: 5000 | Q39: 6700 | R39: =IF($B39="","",N($S39)-N($Q39)) | S39: =IF($B39="","",N($L39)+N($N39)+N($P39)) | T39: 1400 | U39: 550 | V39: 300 | W39: 150 | X39: 65 | Y39: 120 | AE39: 2200 | AF39: =IF($B39="","",SUM($T39:$AE39)) | AG39: =IF($B39="","",N($M39)-N($AF39)) | AH39: =IF($B39="","",N($L39)-N($AF39)) | AI39: =IF($B39="","",IF(N($L39)=0,"",(N($L39)-N($AF39))/N($L39)))
A40: =IF($B40="","",COUNTA($B$4:$B40)) | B40: 46031 | C40: 1586 | D40: حاتم البحر ق | E40: 1*40 | G40: كفر الدوار | H40: 564861/6 | I40: س م ب 3925 | J40: عادل محمد علام | K40: الزوقزوق | L40: 9000 | M40: 5100 | O40: 200 | Q40: 3700 | R40: =IF($B40="","",N($S40)-N($Q40)) | S40: =IF($B40="","",N($L40)+N($N40)+N($P40)) | AF40: =IF($B40="","",SUM($T40:$AE40)) | AG40: =IF($B40="","",N($M40)-N($AF40)) | AH40: =IF($B40="","",N($L40)-N($AF40)) | AI40: =IF($B40="","",IF(N($L40)=0,"",(N($L40)-N($AF40))/N($L40)))
A41: =IF($B41="","",COUNTA($B$4:$B41)) | B41: 46032 | C41: 1285 | D41: عتريس مخيمر خ | E41: 1*40 | F41: نيو ستار | G41: بور سعيد منطقه حره | H41: 446382/6 | I41: ب ص ا 2574 | J41: محمد البحيري | K41: احمد خليف | L41: 14500 | M41: 8100 | O41: 200 | Q41: 6200 | R41: =IF($B41="","",N($S41)-N($Q41)) | S41: =IF($B41="","",N($L41)+N($N41)+N($P41)) | AF41: =IF($B41="","",SUM($T41:$AE41)) | AG41: =IF($B41="","",N($M41)-N($AF41)) | AH41: =IF($B41="","",N($L41)-N($AF41)) | AI41: =IF($B41="","",IF(N($L41)=0,"",(N($L41)-N($AF41))/N($L41)))
A42: =IF($B42="","",COUNTA($B$4:$B42)) | B42: 46032 | C42: 1910 | D42: ابو مينا | E42: 1*40 | F42: اركانا | G42: اكتوبر | H42: 401177/7 | I42: س ع ف 5194 | J42: اسلام عصام | K42: ابو مينا | L42: 12700 | M42: 7100 | O42: 200 | Q42: 5400 | R42: =IF($B42="","",N($S42)-N($Q42)) | S42: =IF($B42="","",N($L42)+N($N42)+N($P42)) | AF42: =IF($B42="","",SUM($T42:$AE42)) | AG42: =IF($B42="","",N($M42)-N($AF42)) | AH42: =IF($B42="","",N($L42)-N($AF42)) | AI42: =IF($B42="","",IF(N($L42)=0,"",(N($L42)-N($AF42))/N($L42)))
A43: =IF($B43="","",COUNTA($B$4:$B43)) | B43: 46032 | C43: 1619 | D43: المكتب | E43: 2*20 | F43: اكما | G43: بني سويف | H43: 284409/3-206166/9 | I43: س ع م 8737 | J43: سامح عبدالحميد | K43: المكتب | L43: 25000 | M43: 10000 | Q43: 15000 | R43: =IF($B43="","",N($S43)-N($Q43)) | S43: =IF($B43="","",N($L43)+N($N43)+N($P43)) | T43: 2000 | U43: 900 | W43: 200 | X43: 180 | Y43: 60 | AB43: 250 | AC43: 600 | AD43: 900 | AE43: 5510 | AF43: =IF($B43="","",SUM($T43:$AE43)) | AG43: =IF($B43="","",N($M43)-N($AF43)) | AH43: =IF($B43="","",N($L43)-N($AF43)) | AI43: =IF($B43="","",IF(N($L43)=0,"",(N($L43)-N($AF43))/N($L43)))
A44: =IF($B44="","",COUNTA($B$4:$B44)) | B44: 46032 | C44: 1284 | D44: كمال رزق خ | E44: 1*40 | F44: الرحاب | G44: كفر شكر السعد | I44: س ف ب7458 | J44: بسام الرامبو | K44: قلبظ | L44: 14000 | M44: 8100 | O44: 200 | Q44: 5700 | R44: =IF($B44="","",N($S44)-N($Q44)) | S44: =IF($B44="","",N($L44)+N($N44)+N($P44)) | AF44: =IF($B44="","",SUM($T44:$AE44)) | AG44: =IF($B44="","",N($M44)-N($AF44)) | AH44: =IF($B44="","",N($L44)-N($AF44)) | AI44: =IF($B44="","",IF(N($L44)=0,"",(N($L44)-N($AF44))/N($L44)))
A45: =IF($B45="","",COUNTA($B$4:$B45)) | B45: 46033 | C45: 1621 | D45: محمد نصر | E45: 1*20 | F45: السويدي بوليمارز | G45: العاشر | H45: 159539/8 | I45: ب ص ا2873 | J45: عيد لطفي احمد | K45: محمد نصر | L45: 13000 | M45: 7500 | O45: 200 | Q45: 5300 | R45: =IF($B45="","",N($S45)-N($Q45)) | S45: =IF($B45="","",N($L45)+N($N45)+N($P45)) | AF45: =IF($B45="","",SUM($T45:$AE45)) | AG45: =IF($B45="","",N($M45)-N($AF45)) | AH45: =IF($B45="","",N($L45)-N($AF45)) | AI45: =IF($B45="","",IF(N($L45)=0,"",(N($L45)-N($AF45))/N($L45)))
A46: =IF($B46="","",COUNTA($B$4:$B46)) | B46: 46033 | C46: 1286 | D46: حمو مرزوق | E46: 1*40 | F46: ماي فارم | G46: جمصه | H46: 415510/2 | I46: س ر ا 6671 | J46: السيد بدوي | K46: حمو مرزوق | L46: 13500 | M46: 9100 | O46: 200 | Q46: 4200 | R46: =IF($B46="","",N($S46)-N($Q46)) | S46: =IF($B46="","",N($L46)+N($N46)+N($P46)) | AF46: =IF($B46="","",SUM($T46:$AE46)) | AG46: =IF($B46="","",N($M46)-N($AF46)) | AH46: =IF($B46="","",N($L46)-N($AF46)) | AI46: =IF($B46="","",IF(N($L46)=0,"",(N($L46)-N($AF46))/N($L46)))
A47: =IF($B47="","",COUNTA($B$4:$B47)) | B47: 46033 | C47: 1976 | D47: المكتب | E47: 1*40 | F47: يونايتد باك | G47: العاشر | H47: 653302/7 | I47: س ع م 8737 | J47: سامح السيد | K47: المكتب | L47: 14500 | M47: 7000 | Q47: 7500 | R47: =IF($B47="","",N($S47)-N($Q47)) | S47: =IF($B47="","",N($L47)+N($N47)+N($P47)) | T47: 1500 | U47: 600 | W47: 150 | X47: 130 | Y47: 60 | AC47: 100 | AE47: 3600 | AF47: =IF($B47="","",SUM($T47:$AE47)) | AG47: =IF($B47="","",N($M47)-N($AF47)) | AH47: =IF($B47="","",N($L47)-N($AF47)) | AI47: =IF($B47="","",IF(N($L47)=0,"",(N($L47)-N($AF47))/N($L47)))
A48: =IF($B48="","",COUNTA($B$4:$B48)) | B48: 46033 | C48: 1620 | D48: ايوب خ | E48: 1*20 | F48: محمد محمود عبالفتاح | G48: اكتوبر | H48: 233025/4 | I48: ب ف ر 3546 | J48: ابراهيم عبدالله | K48: ايوب | L48: 10000 | M48: 6100 | O48: 200 | Q48: 3700 | R48: =IF($B48="","",N($S48)-N($Q48)) | S48: =IF($B48="","",N($L48)+N($N48)+N($P48)) | AF48: =IF($B48="","",SUM($T48:$AE48)) | AG48: =IF($B48="","",N($M48)-N($AF48)) | AH48: =IF($B48="","",N($L48)-N($AF48)) | AI48: =IF($B48="","",IF(N($L48)=0,"",(N($L48)-N($AF48))/N($L48)))
A49: =IF($B49="","",COUNTA($B$4:$B49)) | B49: 46033 | C49: 1287 | D49: هاشم | E49: 1*20 | F49: السويدي بوليمارز | G49: العاشر | H49: 241916/8 | I49: ب ر ج 6543 | J49: اشرف الحناوي | K49: روماني | L49: 13500 | M49: 8100 | O49: 200 | Q49: 5200 | R49: =IF($B49="","",N($S49)-N($Q49)) | S49: =IF($B49="","",N($L49)+N($N49)+N($P49)) | AF49: =IF($B49="","",SUM($T49:$AE49)) | AG49: =IF($B49="","",N($M49)-N($AF49)) | AH49: =IF($B49="","",N($L49)-N($AF49)) | AI49: =IF($B49="","",IF(N($L49)=0,"",(N($L49)-N($AF49))/N($L49)))
A50: =IF($B50="","",COUNTA($B$4:$B50)) | B50: 46034 | C50: 1652 | D50: عتريس مخيمر خ | E50: 1*40 | F50: السويدي بوليمارز | G50: العاشر | H50: 912275/4 | I50: ب ص ا 2574 | J50: محمد البحيرى | K50: البحيري | L50: 14500 | M50: 8100 | O50: 200 | Q50: 6200 | R50: =IF($B50="","",N($S50)-N($Q50)) | S50: =IF($B50="","",N($L50)+N($N50)+N($P50)) | AF50: =IF($B50="","",SUM($T50:$AE50)) | AG50: =IF($B50="","",N($M50)-N($AF50)) | AH50: =IF($B50="","",N($L50)-N($AF50)) | AI50: =IF($B50="","",IF(N($L50)=0,"",(N($L50)-N($AF50))/N($L50)))
A51: =IF($B51="","",COUNTA($B$4:$B51)) | B51: 46034 | C51: 1911 | D51: بدوى صلاح | E51: 1*20 | F51: سمارت فود | G51: اكتوبر | H51: 317933/9 | I51: ب د ن 2193 | J51: وليد جاد | K51: روماني | L51: 10500 | M51: 7100 | O51: 200 | Q51: 3200 | R51: =IF($B51="","",N($S51)-N($Q51)) | S51: =IF($B51="","",N($L51)+N($N51)+N($P51)) | AF51: =IF($B51="","",SUM($T51:$AE51)) | AG51: =IF($B51="","",N($M51)-N($AF51)) | AH51: =IF($B51="","",N($L51)-N($AF51)) | AI51: =IF($B51="","",IF(N($L51)=0,"",(N($L51)-N($AF51))/N($L51)))
A52: =IF($B52="","",COUNTA($B$4:$B52)) | B52: 46034 | C52: 1912 | D52: احمد عبدو خ | E52: 1*40 | F52: المستقبل | G52: الخطاطبة | H52: 829572/6 | I52: س ل ب 5917 | J52: مصطفى علام | K52: علاء علام | L52: 11700 | M52: 7100 | O52: 200 | Q52: 4400 | R52: =IF($B52="","",N($S52)-N($Q52)) | S52: =IF($B52="","",N($L52)+N($N52)+N($P52)) | AF52: =IF($B52="","",SUM($T52:$AE52)) | AG52: =IF($B52="","",N($M52)-N($AF52)) | AH52: =IF($B52="","",N($L52)-N($AF52)) | AI52: =IF($B52="","",IF(N($L52)=0,"",(N($L52)-N($AF52))/N($L52)))
A53: =IF($B53="","",COUNTA($B$4:$B53)) | B53: 46034 | C53: 1913 | D53: طارق الجمل | E53: 1*40 | F53: المستقبل | G53: الخطاطبة | H53: 647017/1 | I53: س ص ب3829 | J53: محمد احمد | K53: اشرف الجمل | L53: 11700 | M53: 7100 | O53: 200 | Q53: 4400 | R53: =IF($B53="","",N($S53)-N($Q53)) | S53: =IF($B53="","",N($L53)+N($N53)+N($P53)) | AF53: =IF($B53="","",SUM($T53:$AE53)) | AG53: =IF($B53="","",N($M53)-N($AF53)) | AH53: =IF($B53="","",N($L53)-N($AF53)) | AI53: =IF($B53="","",IF(N($L53)=0,"",(N($L53)-N($AF53))/N($L53)))
A54: =IF($B54="","",COUNTA($B$4:$B54)) | B54: 46034 | C54: 1914 | D54: المكتب | E54: 1*40 | F54: المستقبل | G54: الخطاطبة | I54: س ع م 8737 | J54: سامح عبدالحميد | K54: المكتب | L54: 11700 | M54: 5000 | Q54: 6700 | R54: =IF($B54="","",N($S54)-N($Q54)) | S54: =IF($B54="","",N($L54)+N($N54)+N($P54)) | T54: 1400 | U54: 550 | W54: 150 | X54: 65 | Y54: 60 | AC54: 100 | AE54: 2500 | AF54: =IF($B54="","",SUM($T54:$AE54)) | AG54: =IF($B54="","",N($M54)-N($AF54)) | AH54: =IF($B54="","",N($L54)-N($AF54)) | AI54: =IF($B54="","",IF(N($L54)=0,"",(N($L54)-N($AF54))/N($L54)))
A55: =IF($B55="","",COUNTA($B$4:$B55)) | B55: 46034 | C55: 1587 | D55: ايوب خ | E55: 1*20 | F55: الباز | G55: المنصورة | H55: 680389/4 | I55: ب ر ط 6478 | J55: محمد اسماعيل | K55: ايوب | L55: 11000 | M55: 7100 | O55: 200 | Q55: 3700 | R55: =IF($B55="","",N($S55)-N($Q55)) | S55: =IF($B55="","",N($L55)+N($N55)+N($P55)) | AF55: =IF($B55="","",SUM($T55:$AE55)) | AG55: =IF($B55="","",N($M55)-N($AF55)) | AH55: =IF($B55="","",N($L55)-N($AF55)) | AI55: =IF($B55="","",IF(N($L55)=0,"",(N($L55)-N($AF55))/N($L55)))
A56: =IF($B56="","",COUNTA($B$4:$B56)) | B56: 46034 | C56: 1588 | D56: حمودى | E56: 1*20 | F56: السويدي بوليمارز | G56: العاشر | H56: 102451/5 | I56: م را 6836 | J56: ايمن جيتة | K56: ايمن جيدة | L56: 13000 | M56: 8100 | O56: 200 | Q56: 4700 | R56: =IF($B56="","",N($S56)-N($Q56)) | S56: =IF($B56="","",N($L56)+N($N56)+N($P56)) | AF56: =IF($B56="","",SUM($T56:$AE56)) | AG56: =IF($B56="","",N($M56)-N($AF56)) | AH56: =IF($B56="","",N($L56)-N($AF56)) | AI56: =IF($B56="","",IF(N($L56)=0,"",(N($L56)-N($AF56))/N($L56)))
A57: =IF($B57="","",COUNTA($B$4:$B57)) | B57: 46034 | C57: 1623 | D57: احمد خطاب | E57: 1*40 | F57: نتس لاند | G57: بورسعيد | H57: 844090/7 | I57: ع رع 9485 | J57: محمود ابو عيسى | K57: الليبر | L57: 20000 | M57: 10100 | O57: 200 | Q57: 9700 | R57: =IF($B57="","",N($S57)-N($Q57)) | S57: =IF($B57="","",N($L57)+N($N57)+N($P57)) | AF57: =IF($B57="","",SUM($T57:$AE57)) | AG57: =IF($B57="","",N($M57)-N($AF57)) | AH57: =IF($B57="","",N($L57)-N($AF57)) | AI57: =IF($B57="","",IF(N($L57)=0,"",(N($L57)-N($AF57))/N($L57)))
A58: =IF($B58="","",COUNTA($B$4:$B58)) | B58: 46034 | C58: 1624 | D58: حاتم البحر ق | E58: 1*40 | F58: نتس لاند | G58: بورسعيد | H58: 4062361/1 | I58: س د و 4584 | J58: محمد مصطفى | K58: غزال | L58: 21000 | M58: 10100 | O58: 200 | Q58: 10700 | R58: =IF($B58="","",N($S58)-N($Q58)) | S58: =IF($B58="","",N($L58)+N($N58)+N($P58)) | AF58: =IF($B58="","",SUM($T58:$AE58)) | AG58: =IF($B58="","",N($M58)-N($AF58)) | AH58: =IF($B58="","",N($L58)-N($AF58)) | AI58: =IF($B58="","",IF(N($L58)=0,"",(N($L58)-N($AF58))/N($L58)))
A59: =IF($B59="","",COUNTA($B$4:$B59)) | B59: 46034 | C59: 1625 | D59: احمد محسن | E59: 1*40 | F59: الملكة والامير | G59: م دينا | H59: 843572/9 | I59: س ع ا 7219 | J59: طلعت محمد | K59: احمد محسن | L59: 11700 | M59: 7100 | O59: 200 | Q59: 4400 | R59: =IF($B59="","",N($S59)-N($Q59)) | S59: =IF($B59="","",N($L59)+N($N59)+N($P59)) | AF59: =IF($B59="","",SUM($T59:$AE59)) | AG59: =IF($B59="","",N($M59)-N($AF59)) | AH59: =IF($B59="","",N($L59)-N($AF59)) | AI59: =IF($B59="","",IF(N($L59)=0,"",(N($L59)-N($AF59))/N($L59)))
A60: =IF($B60="","",COUNTA($B$4:$B60)) | B60: 46034 | C60: 1626 | D60: حمادة ذكى | E60: 1*40 | F60: الملكة والامير | G60: م دينا | H60: 770564/9 | I60: س ى ه 9473 | J60: عبد الحميد | K60: حمادة ذكى | L60: 11700 | M60: 7100 | O60: 200 | Q60: 4400 | R60: =IF($B60="","",N($S60)-N($Q60)) | S60: =IF($B60="","",N($L60)+N($N60)+N($P60)) | AF60: =IF($B60="","",SUM($T60:$AE60)) | AG60: =IF($B60="","",N($M60)-N($AF60)) | AH60: =IF($B60="","",N($L60)-N($AF60)) | AI60: =IF($B60="","",IF(N($L60)=0,"",(N($L60)-N($AF60))/N($L60)))
A61: =IF($B61="","",COUNTA($B$4:$B61)) | B61: 46034 | D61: حمو مرزوق | E61: 1*40 | F61: الملكة والامير | G61: الخطاطبة | H61: 670402/0 | I61: س ر ا 6671 | J61: السيد بدوى | K61: حمو مرزوق | L61: 11700 | M61: 7100 | O61: 200 | Q61: 4400 | R61: =IF($B61="","",N($S61)-N($Q61)) | S61: =IF($B61="","",N($L61)+N($N61)+N($P61)) | AF61: =IF($B61="","",SUM($T61:$AE61)) | AG61: =IF($B61="","",N($M61)-N($AF61)) | AH61: =IF($B61="","",N($L61)-N($AF61)) | AI61: =IF($B61="","",IF(N($L61)=0,"",(N($L61)-N($AF61))/N($L61)))
A62: =IF($B62="","",COUNTA($B$4:$B62)) | B62: 46034 | C62: 1628 | D62: ابو مينا | E62: 1*40 | F62: الملكة والامير | G62: م دينا | H62: 420193/0 | I62: س ى ه 7938 | J62: محمد محمود | K62: ايو مينا | L62: 11700 | M62: 7100 | O62: 200 | Q62: 4400 | R62: =IF($B62="","",N($S62)-N($Q62)) | S62: =IF($B62="","",N($L62)+N($N62)+N($P62)) | AF62: =IF($B62="","",SUM($T62:$AE62)) | AG62: =IF($B62="","",N($M62)-N($AF62)) | AH62: =IF($B62="","",N($L62)-N($AF62)) | AI62: =IF($B62="","",IF(N($L62)=0,"",(N($L62)-N($AF62))/N($L62)))
A63: =IF($B63="","",COUNTA($B$4:$B63)) | B63: 46034 | C63: 1622 | D63: كمال رزق خ | E63: 1*40 | F63: تايجل انوفيشن | G63: السادات | H63: 402023/3 | I63: س ف ب 7458 | J63: بسام محمد | K63: ابو طالب | L63: 11700 | M63: 7100 | O63: 200 | Q63: 4400 | R63: =IF($B63="","",N($S63)-N($Q63)) | S63: =IF($B63="","",N($L63)+N($N63)+N($P63)) | AF63: =IF($B63="","",SUM($T63:$AE63)) | AG63: =IF($B63="","",N($M63)-N($AF63)) | AH63: =IF($B63="","",N($L63)-N($AF63)) | AI63: =IF($B63="","",IF(N($L63)=0,"",(N($L63)-N($AF63))/N($L63)))
A64: =IF($B64="","",COUNTA($B$4:$B64)) | B64: 46035 | C64: 1978 | D64: كمال رزق خ | E64: 1*40 | F64: قرى ضم | G64: بور سعيد منطقه حره | H64: 509272/1 | I64: س ف ب 7458 | J64: بسام محمد | K64: الرامبو | L64: 14500 | M64: 8100 | O64: 200 | Q64: 6200 | R64: =IF($B64="","",N($S64)-N($Q64)) | S64: =IF($B64="","",N($L64)+N($N64)+N($P64)) | AF64: =IF($B64="","",SUM($T64:$AE64)) | AG64: =IF($B64="","",N($M64)-N($AF64)) | AH64: =IF($B64="","",N($L64)-N($AF64)) | AI64: =IF($B64="","",IF(N($L64)=0,"",(N($L64)-N($AF64))/N($L64)))
A65: =IF($B65="","",COUNTA($B$4:$B65)) | B65: 46035 | C65: 1977 | D65: احمد محسن | E65: 1*40 | F65: فرى ضم | G65: بورسعيد | H65: 511266/4 | I65: س ه ف1387 | J65: محمد خميس | K65: احمد محسن | L65: 14500 | M65: 8100 | O65: 200 | P65: 2500 | Q65: 8700 | R65: =IF($B65="","",N($S65)-N($Q65)) | S65: =IF($B65="","",N($L65)+N($N65)+N($P65)) | AF65: =IF($B65="","",SUM($T65:$AE65)) | AG65: =IF($B65="","",N($M65)-N($AF65)) | AH65: =IF($B65="","",N($L65)-N($AF65)) | AI65: =IF($B65="","",IF(N($L65)=0,"",(N($L65)-N($AF65))/N($L65)))
A66: =IF($B66="","",COUNTA($B$4:$B66)) | B66: 46035 | C66: 1985 | D66: ايوب خ | E66: 1*20 | F66: فرى ضم | G66: بورسعيد | H66: 360535/8 | I66: ب د ن 5863 | J66: احمد السعيد | K66: ايوب | L66: 12000 | M66: 7100 | O66: 200 | Q66: 4700 | R66: =IF($B66="","",N($S66)-N($Q66)) | S66: =IF($B66="","",N($L66)+N($N66)+N($P66)) | AF66: =IF($B66="","",SUM($T66:$AE66)) | AG66: =IF($B66="","",N($M66)-N($AF66)) | AH66: =IF($B66="","",N($L66)-N($AF66)) | AI66: =IF($B66="","",IF(N($L66)=0,"",(N($L66)-N($AF66))/N($L66)))
A67: =IF($B67="","",COUNTA($B$4:$B67)) | B67: 46035 | C67: 1979 | D67: حاتم البحر ق | E67: 1*40 | F67: صعيد مصر | G67: بنى سويف | H67: 879966/6 | I67: س م ى 4213 | J67: عبد الله غزال | K67: غزال | L67: 18500 | M67: 9100 | O67: 200 | Q67: 9200 | R67: =IF($B67="","",N($S67)-N($Q67)) | S67: =IF($B67="","",N($L67)+N($N67)+N($P67)) | AF67: =IF($B67="","",SUM($T67:$AE67)) | AG67: =IF($B67="","",N($M67)-N($AF67)) | AH67: =IF($B67="","",N($L67)-N($AF67)) | AI67: =IF($B67="","",IF(N($L67)=0,"",(N($L67)-N($AF67))/N($L67)))
A68: =IF($B68="","",COUNTA($B$4:$B68)) | B68: 46035 | C68: 1591 | D68: صعيدى 1خ | E68: 1*40 | F68: الاكرامى | G68: العاشر | H68: 400403/7 | I68: س ل ج 2521 | J68: احمد جمال | K68: محمد الصعيدى | L68: 14500 | M68: 7100 | O68: 200 | Q68: 7200 | R68: =IF($B68="","",N($S68)-N($Q68)) | S68: =IF($B68="","",N($L68)+N($N68)+N($P68)) | AF68: =IF($B68="","",SUM($T68:$AE68)) | AG68: =IF($B68="","",N($M68)-N($AF68)) | AH68: =IF($B68="","",N($L68)-N($AF68)) | AI68: =IF($B68="","",IF(N($L68)=0,"",(N($L68)-N($AF68))/N($L68)))
A69: =IF($B69="","",COUNTA($B$4:$B69)) | B69: 46035 | C69: 1592 | D69: صعيدى 1خ | E69: 1*40 | F69: الاكرامى | G69: العاشر | H69: 400777/7 | I69: س ه ف 1874 | J69: هانى عزت | K69: محمد الصعيدى | L69: 14500 | M69: 7100 | O69: 200 | Q69: 7200 | R69: =IF($B69="","",N($S69)-N($Q69)) | S69: =IF($B69="","",N($L69)+N($N69)+N($P69)) | AF69: =IF($B69="","",SUM($T69:$AE69)) | AG69: =IF($B69="","",N($M69)-N($AF69)) | AH69: =IF($B69="","",N($L69)-N($AF69)) | AI69: =IF($B69="","",IF(N($L69)=0,"",(N($L69)-N($AF69))/N($L69)))
A70: =IF($B70="","",COUNTA($B$4:$B70)) | B70: 46035 | C70: 1982 | D70: احمد ابو حمرة | E70: 1*40 | F70: نيوبيبى | G70: العاشر | H70: 910927/2 | I70: ل د ف 8346 | J70: عادل ابراهيم | K70: استوريا | L70: 14000 | M70: 8100 | O70: 200 | Q70: 5700 | R70: =IF($B70="","",N($S70)-N($Q70)) | S70: =IF($B70="","",N($L70)+N($N70)+N($P70)) | AF70: =IF($B70="","",SUM($T70:$AE70)) | AG70: =IF($B70="","",N($M70)-N($AF70)) | AH70: =IF($B70="","",N($L70)-N($AF70)) | AI70: =IF($B70="","",IF(N($L70)=0,"",(N($L70)-N($AF70))/N($L70)))
A71: =IF($B71="","",COUNTA($B$4:$B71)) | B71: 46035 | C71: 1984 | D71: المكتب | E71: 1*40 | F71: نيوبيبى | G71: العاشر | H71: 961686/4 | I71: س ع م 8737 | J71: سامح عبدالحميد | K71: المكتب | L71: 14000 | M71: 5000 | Q71: 9000 | R71: =IF($B71="","",N($S71)-N($Q71)) | S71: =IF($B71="","",N($L71)+N($N71)+N($P71)) | T71: 1500 | U71: 600 | W71: 150 | X71: 130 | Y71: 60 | AE71: 3700 | AF71: =IF($B71="","",SUM($T71:$AE71)) | AG71: =IF($B71="","",N($M71)-N($AF71)) | AH71: =IF($B71="","",N($L71)-N($AF71)) | AI71: =IF($B71="","",IF(N($L71)=0,"",(N($L71)-N($AF71))/N($L71)))
A72: =IF($B72="","",COUNTA($B$4:$B72)) | B72: 46035 | C72: 1981 | D72: سعد منير | E72: 1*40 | F72: نيوبيبى | G72: العاشر | H72: 777945/4 | I72: ب د ن 6125 | J72: سليمان امام | K72: استوريا | L72: 14000 | M72: 8100 | O72: 200 | Q72: 5700 | R72: =IF($B72="","",N($S72)-N($Q72)) | S72: =IF($B72="","",N($L72)+N($N72)+N($P72)) | AF72: =IF($B72="","",SUM($T72:$AE72)) | AG72: =IF($B72="","",N($M72)-N($AF72)) | AH72: =IF($B72="","",N($L72)-N($AF72)) | AI72: =IF($B72="","",IF(N($L72)=0,"",(N($L72)-N($AF72))/N($L72)))
A73: =IF($B73="","",COUNTA($B$4:$B73)) | B73: 46035 | C73: 1980 | D73: عمرو عبد السلام | E73: 1*40 | F73: نيوبيبى | G73: العاشر | H73: 822782/9 | I73: س ا و 1841 | J73: رضا فتحى | K73: الليبر | L73: 14000 | M73: 8100 | O73: 200 | Q73: 5700 | R73: =IF($B73="","",N($S73)-N($Q73)) | S73: =IF($B73="","",N($L73)+N($N73)+N($P73)) | AF73: =IF($B73="","",SUM($T73:$AE73)) | AG73: =IF($B73="","",N($M73)-N($AF73)) | AH73: =IF($B73="","",N($L73)-N($AF73)) | AI73: =IF($B73="","",IF(N($L73)=0,"",(N($L73)-N($AF73))/N($L73)))
A74: =IF($B74="","",COUNTA($B$4:$B74)) | B74: 46035 | C74: 1987 | D74: محمد عتمان | E74: 1*40 | G74: العاشر | H74: 975215/0 | I74: ط ف ر 2313 | J74: ايمن رمضان | K74: ايمن رمضان | L74: 14000 | M74: 8100 | O74: 200 | Q74: 5700 | R74: =IF($B74="","",N($S74)-N($Q74)) | S74: =IF($B74="","",N($L74)+N($N74)+N($P74)) | AF74: =IF($B74="","",SUM($T74:$AE74)) | AG74: =IF($B74="","",N($M74)-N($AF74)) | AH74: =IF($B74="","",N($L74)-N($AF74)) | AI74: =IF($B74="","",IF(N($L74)=0,"",(N($L74)-N($AF74))/N($L74)))
A75: =IF($B75="","",COUNTA($B$4:$B75)) | B75: 46035 | C75: 1986 | D75: احمد عبدو خ | E75: 1*40 | F75: نيوبيبى | G75: العاشر | H75: 921908/6 | I75: س ل ب 5917 | J75: احمد محمود | K75: علاء علام | L75: 14000 | M75: 8100 | O75: 200 | Q75: 5700 | R75: =IF($B75="","",N($S75)-N($Q75)) | S75: =IF($B75="","",N($L75)+N($N75)+N($P75)) | AF75: =IF($B75="","",SUM($T75:$AE75)) | AG75: =IF($B75="","",N($M75)-N($AF75)) | AH75: =IF($B75="","",N($L75)-N($AF75)) | AI75: =IF($B75="","",IF(N($L75)=0,"",(N($L75)-N($AF75))/N($L75)))
A76: =IF($B76="","",COUNTA($B$4:$B76)) | B76: 46035 | C76: 1984 | D76: الليبر | E76: 1*40 | F76: نيوبيبى | G76: العاشر | H76: 778470/8 | I76: ب رط 6817 | J76: باسم رمضان | K76: الليبر | L76: 14000 | M76: 8100 | O76: 200 | Q76: 5700 | R76: =IF($B76="","",N($S76)-N($Q76)) | S76: =IF($B76="","",N($L76)+N($N76)+N($P76)) | AF76: =IF($B76="","",SUM($T76:$AE76)) | AG76: =IF($B76="","",N($M76)-N($AF76)) | AH76: =IF($B76="","",N($L76)-N($AF76)) | AI76: =IF($B76="","",IF(N($L76)=0,"",(N($L76)-N($AF76))/N($L76)))
A77: =IF($B77="","",COUNTA($B$4:$B77)) | B77: 46035 | C77: 1589 | D77: هاشم | E77: 1*20 | F77: السويدي بوليمارز | G77: العاشر | H77: 119030/2 | I77: ب ر ج 6543 | J77: اشرف الحناوي | K77: روماني | L77: 13500 | M77: 8100 | O77: 200 | Q77: 5200 | R77: =IF($B77="","",N($S77)-N($Q77)) | S77: =IF($B77="","",N($L77)+N($N77)+N($P77)) | AF77: =IF($B77="","",SUM($T77:$AE77)) | AG77: =IF($B77="","",N($M77)-N($AF77)) | AH77: =IF($B77="","",N($L77)-N($AF77)) | AI77: =IF($B77="","",IF(N($L77)=0,"",(N($L77)-N($AF77))/N($L77)))
A78: =IF($B78="","",COUNTA($B$4:$B78)) | B78: 46035 | C78: 1590 | D78: بدوى صلاح | E78: 1*40 | F78: فيكتور كلور | G78: الفيوم | H78: 441357/3 | I78: ب د ن 4175 | J78: سعد الصاوى | K78: رمضان الصاوى | L78: 17000 | M78: 9100 | O78: 200 | Q78: 7700 | R78: =IF($B78="","",N($S78)-N($Q78)) | S78: =IF($B78="","",N($L78)+N($N78)+N($P78)) | AF78: =IF($B78="","",SUM($T78:$AE78)) | AG78: =IF($B78="","",N($M78)-N($AF78)) | AH78: =IF($B78="","",N($L78)-N($AF78)) | AI78: =IF($B78="","",IF(N($L78)=0,"",(N($L78)-N($AF78))/N($L78)))
A79: =IF($B79="","",COUNTA($B$4:$B79)) | B79: 46035 | C79: 1593 | D79: حاتم البحر ق | E79: 1*20 | F79: فود لاين | G79: اكتوبر | H79: 261112/7 | I79: ب ص ا 1439 | J79: عاشور محمد عاشور | K79: روماني | L79: 10500 | M79: 7100 | O79: 200 | Q79: 3200 | R79: =IF($B79="","",N($S79)-N($Q79)) | S79: =IF($B79="","",N($L79)+N($N79)+N($P79)) | AF79: =IF($B79="","",SUM($T79:$AE79)) | AG79: =IF($B79="","",N($M79)-N($AF79)) | AH79: =IF($B79="","",N($L79)-N($AF79)) | AI79: =IF($B79="","",IF(N($L79)=0,"",(N($L79)-N($AF79))/N($L79)))
A80: =IF($B80="","",COUNTA($B$4:$B80)) | B80: 46035 | C80: 1288 | D80: استوريا خ | E80: 1*40 | F80: المصرية الاوربية | G80: الفيوم | H80: 716571/6 | I80: س ن ر 5265 | J80: خالد شحاتة | K80: محمد صابر | L80: 17000 | M80: 9100 | N80: 1100 | O80: 200 | Q80: 6600 | R80: =IF($B80="","",N($S80)-N($Q80)) | S80: =IF($B80="","",N($L80)+N($N80)+N($P80)) | AF80: =IF($B80="","",SUM($T80:$AE80)) | AG80: =IF($B80="","",N($M80)-N($AF80)) | AH80: =IF($B80="","",N($L80)-N($AF80)) | AI80: =IF($B80="","",IF(N($L80)=0,"",(N($L80)-N($AF80))/N($L80)))
A81: =IF($B81="","",COUNTA($B$4:$B81)) | B81: 46035 | C81: 1289 | D81: هاشم | E81: 1*20 | F81: السراج | G81: العاشر | H81: 041327/9 | I81: ب ل ص 9364 | J81: محمد رشاد | K81: ايوب | L81: 11500 | M81: 7100 | O81: 200 | Q81: 4200 | R81: =IF($B81="","",N($S81)-N($Q81)) | S81: =IF($B81="","",N($L81)+N($N81)+N($P81)) | AF81: =IF($B81="","",SUM($T81:$AE81)) | AG81: =IF($B81="","",N($M81)-N($AF81)) | AH81: =IF($B81="","",N($L81)-N($AF81)) | AI81: =IF($B81="","",IF(N($L81)=0,"",(N($L81)-N($AF81))/N($L81)))
A82: =IF($B82="","",COUNTA($B$4:$B82)) | B82: 46036 | C82: 1915 | D82: المكتب | E82: 1*40 | F82: ايزو مصر | G82: قويسنا | H82: 817624/9 | I82: س ع م 8737 | J82: سامح عبدالحميد | K82: المكتب | L82: 11700 | M82: 5000 | Q82: 6700 | R82: =IF($B82="","",N($S82)-N($Q82)) | S82: =IF($B82="","",N($L82)+N($N82)+N($P82)) | T82: 1500 | U82: 600 | W82: 150 | X82: 130 | Y82: 60 | Z82: 100 | AF82: =IF($B82="","",SUM($T82:$AE82)) | AG82: =IF($B82="","",N($M82)-N($AF82)) | AH82: =IF($B82="","",N($L82)-N($AF82)) | AI82: =IF($B82="","",IF(N($L82)=0,"",(N($L82)-N($AF82))/N($L82)))
A83: =IF($B83="","",COUNTA($B$4:$B83)) | B83: 46036 | C83: 1629 | D83: حمو مرزوق | E83: 1*40 | F83: بوت مان | G83: م حرة | H83: 903741/0 | I83: س ر ا 6671 | J83: السيد بدوى | K83: حمو مرزوق | L83: 9000 | M83: 6100 | O83: 200 | Q83: 2700 | R83: =IF($B83="","",N($S83)-N($Q83)) | S83: =IF($B83="","",N($L83)+N($N83)+N($P83)) | AF83: =IF($B83="","",SUM($T83:$AE83)) | AG83: =IF($B83="","",N($M83)-N($AF83)) | AH83: =IF($B83="","",N($L83)-N($AF83)) | AI83: =IF($B83="","",IF(N($L83)=0,"",(N($L83)-N($AF83))/N($L83)))
A84: =IF($B84="","",COUNTA($B$4:$B84)) | B84: 46037 | C84: 1988 | D84: سعد منير | E84: 1*40 | F84: اورينت | G84: العاشر | H84: 665378/5 | I84: ص ع ا 6384 | J84: اسماعيل بندق | K84: الليبر | L84: 14000 | M84: 8100 | O84: 200 | Q84: 5700 | R84: =IF($B84="","",N($S84)-N($Q84)) | S84: =IF($B84="","",N($L84)+N($N84)+N($P84)) | AF84: =IF($B84="","",SUM($T84:$AE84)) | AG84: =IF($B84="","",N($M84)-N($AF84)) | AH84: =IF($B84="","",N($L84)-N($AF84)) | AI84: =IF($B84="","",IF(N($L84)=0,"",(N($L84)-N($AF84))/N($L84)))
A85: =IF($B85="","",COUNTA($B$4:$B85)) | B85: 46037 | C85: 1989 | D85: استوريا خ | E85: 1*40 | F85: اورينت | G85: العاشر | H85: 966734/0 | I85: ب ع ط 3417 | J85: محمد الشريدى | K85: استوريا | L85: 14000 | M85: 8100 | O85: 200 | Q85: 5700 | R85: =IF($B85="","",N($S85)-N($Q85)) | S85: =IF($B85="","",N($L85)+N($N85)+N($P85)) | AF85: =IF($B85="","",SUM($T85:$AE85)) | AG85: =IF($B85="","",N($M85)-N($AF85)) | AH85: =IF($B85="","",N($L85)-N($AF85)) | AI85: =IF($B85="","",IF(N($L85)=0,"",(N($L85)-N($AF85))/N($L85)))
A86: =IF($B86="","",COUNTA($B$4:$B86)) | B86: 46037 | C86: 1990 | D86: استوريا خ | E86: 1*40 | F86: اورينت | G86: العاشر | H86: 860735/1 | I86: ب و ا 5761 | J86: احمد السيد | K86: استوريا | L86: 14000 | M86: 8100 | O86: 200 | Q86: 5700 | R86: =IF($B86="","",N($S86)-N($Q86)) | S86: =IF($B86="","",N($L86)+N($N86)+N($P86)) | AF86: =IF($B86="","",SUM($T86:$AE86)) | AG86: =IF($B86="","",N($M86)-N($AF86)) | AH86: =IF($B86="","",N($L86)-N($AF86)) | AI86: =IF($B86="","",IF(N($L86)=0,"",(N($L86)-N($AF86))/N($L86)))
A87: =IF($B87="","",COUNTA($B$4:$B87)) | B87: 46037 | C87: 1991 | D87: الانصارى خ | E87: 1*40 | F87: اورينت | G87: العاشر | H87: 517659/2 | I87: ب ص ا 2574 | J87: محمد البحيرى | K87: البحيري | L87: 14000 | M87: 8100 | O87: 200 | Q87: 5700 | R87: =IF($B87="","",N($S87)-N($Q87)) | S87: =IF($B87="","",N($L87)+N($N87)+N($P87)) | AF87: =IF($B87="","",SUM($T87:$AE87)) | AG87: =IF($B87="","",N($M87)-N($AF87)) | AH87: =IF($B87="","",N($L87)-N($AF87)) | AI87: =IF($B87="","",IF(N($L87)=0,"",(N($L87)-N($AF87))/N($L87)))
A88: =IF($B88="","",COUNTA($B$4:$B88)) | B88: 46037 | C88: 1992 | D88: سعد منير | E88: 1*40 | F88: اورينت | G88: العاشر | H88: 627679/3 | I88: ص ع ا 1342 | J88: سمير نصر | K88: الليبر | L88: 14000 | M88: 8100 | O88: 200 | Q88: 5700 | R88: =IF($B88="","",N($S88)-N($Q88)) | S88: =IF($B88="","",N($L88)+N($N88)+N($P88)) | AF88: =IF($B88="","",SUM($T88:$AE88)) | AG88: =IF($B88="","",N($M88)-N($AF88)) | AH88: =IF($B88="","",N($L88)-N($AF88)) | AI88: =IF($B88="","",IF(N($L88)=0,"",(N($L88)-N($AF88))/N($L88)))
A89: =IF($B89="","",COUNTA($B$4:$B89)) | B89: 46037 | C89: 1993 | D89: احمد خطاب | E89: 1*40 | F89: اورينت | G89: العاشر | H89: 749574/6 | I89: ب د ف 9286 | J89: عماد حمدى | K89: الليبر | L89: 14000 | M89: 8100 | O89: 200 | Q89: 5700 | R89: =IF($B89="","",N($S89)-N($Q89)) | S89: =IF($B89="","",N($L89)+N($N89)+N($P89)) | AF89: =IF($B89="","",SUM($T89:$AE89)) | AG89: =IF($B89="","",N($M89)-N($AF89)) | AH89: =IF($B89="","",N($L89)-N($AF89)) | AI89: =IF($B89="","",IF(N($L89)=0,"",(N($L89)-N($AF89))/N($L89)))
A90: =IF($B90="","",COUNTA($B$4:$B90)) | B90: 46037 | C90: 1994 | D90: احمد عبدو خ | E90: 1*40 | F90: اورينت | G90: العاشر | H90: 630936/4 | I90: س ل ب5917 | J90: مصطفى علام | K90: علاء علام | L90: 14000 | M90: 8100 | O90: 200 | Q90: 5700 | R90: =IF($B90="","",N($S90)-N($Q90)) | S90: =IF($B90="","",N($L90)+N($N90)+N($P90)) | AF90: =IF($B90="","",SUM($T90:$AE90)) | AG90: =IF($B90="","",N($M90)-N($AF90)) | AH90: =IF($B90="","",N($L90)-N($AF90)) | AI90: =IF($B90="","",IF(N($L90)=0,"",(N($L90)-N($AF90))/N($L90)))
A91: =IF($B91="","",COUNTA($B$4:$B91)) | B91: 46037 | C91: 1995 | D91: احمد محسن | E91: 1*40 | F91: اورينت | G91: العاشر | H91: 489593/3 | I91: س ع ا 7219 | J91: طلعت محمد | K91: احمد محسن | L91: 14000 | M91: 8100 | O91: 200 | Q91: 5700 | R91: =IF($B91="","",N($S91)-N($Q91)) | S91: =IF($B91="","",N($L91)+N($N91)+N($P91)) | AF91: =IF($B91="","",SUM($T91:$AE91)) | AG91: =IF($B91="","",N($M91)-N($AF91)) | AH91: =IF($B91="","",N($L91)-N($AF91)) | AI91: =IF($B91="","",IF(N($L91)=0,"",(N($L91)-N($AF91))/N($L91)))
A92: =IF($B92="","",COUNTA($B$4:$B92)) | B92: 46037 | C92: 1996 | D92: المكتب | E92: 1*40 | F92: المصرية للتريكو | G92: العاشر | H92: 510450/3 | I92: س ع م 8737 | J92: سامح عبدالحميد | K92: المكتب | L92: 14000 | M92: 6000 | Q92: 8000 | R92: =IF($B92="","",N($S92)-N($Q92)) | S92: =IF($B92="","",N($L92)+N($N92)+N($P92)) | T92: 1400 | U92: 550 | W92: 150 | X92: 60 | Y92: 60 | AC92: 150 | AE92: 2430 | AF92: =IF($B92="","",SUM($T92:$AE92)) | AG92: =IF($B92="","",N($M92)-N($AF92)) | AH92: =IF($B92="","",N($L92)-N($AF92)) | AI92: =IF($B92="","",IF(N($L92)=0,"",(N($L92)-N($AF92))/N($L92)))
A93: =IF($B93="","",COUNTA($B$4:$B93)) | B93: 46037 | C93: 1292 | D93: حماد خ | E93: 1*40 ث | F93: الفرسان | G93: اكتوبر | H93: 546703/2 | I93: س ن ب 1639 | J93: محمد عاطف | K93: محمدصابر | L93: 14000 | M93: 8100 | O93: 200 | Q93: 5700 | R93: =IF($B93="","",N($S93)-N($Q93)) | S93: =IF($B93="","",N($L93)+N($N93)+N($P93)) | AF93: =IF($B93="","",SUM($T93:$AE93)) | AG93: =IF($B93="","",N($M93)-N($AF93)) | AH93: =IF($B93="","",N($L93)-N($AF93)) | AI93: =IF($B93="","",IF(N($L93)=0,"",(N($L93)-N($AF93))/N($L93)))
A94: =IF($B94="","",COUNTA($B$4:$B94)) | B94: 46037 | C94: 1290 | D94: حماد خ | E94: 1*40 ث | F94: الفرسان | G94: اكتوبر | H94: 988048/7 | I94: س ن ر 5265 | J94: خالد شحاتة | K94: محمد صابر | L94: 14000 | M94: 8100 | O94: 200 | Q94: 5700 | R94: =IF($B94="","",N($S94)-N($Q94)) | S94: =IF($B94="","",N($L94)+N($N94)+N($P94)) | AF94: =IF($B94="","",SUM($T94:$AE94)) | AG94: =IF($B94="","",N($M94)-N($AF94)) | AH94: =IF($B94="","",N($L94)-N($AF94)) | AI94: =IF($B94="","",IF(N($L94)=0,"",(N($L94)-N($AF94))/N($L94)))
A95: =IF($B95="","",COUNTA($B$4:$B95)) | B95: 46037 | C95: 1291 | D95: مخزن | E95: 1*40 ث | F95: الفرسان | G95: أكتوبر | H95: 941231/1 | I95: س ل ا 5468 | J95: حسام الدين محمد | K95: احمد مخزن | L95: 14000 | M95: 8100 | O95: 200 | Q95: 5700 | R95: =IF($B95="","",N($S95)-N($Q95)) | S95: =IF($B95="","",N($L95)+N($N95)+N($P95)) | AF95: =IF($B95="","",SUM($T95:$AE95)) | AG95: =IF($B95="","",N($M95)-N($AF95)) | AH95: =IF($B95="","",N($L95)-N($AF95)) | AI95: =IF($B95="","",IF(N($L95)=0,"",(N($L95)-N($AF95))/N($L95)))
A96: =IF($B96="","",COUNTA($B$4:$B96)) | B96: 46037 | C96: 1293 | D96: حمادة ذكى | E96: 1*40 ث | F96: الفرسان | G96: أكتوبر | H96: 806531/4 | I96: س ر ا 9197 | J96: الشيخ سيد | K96: حمادة ذكى | L96: 14000 | M96: 8100 | O96: 200 | Q96: 5700 | R96: =IF($B96="","",N($S96)-N($Q96)) | S96: =IF($B96="","",N($L96)+N($N96)+N($P96)) | AF96: =IF($B96="","",SUM($T96:$AE96)) | AG96: =IF($B96="","",N($M96)-N($AF96)) | AH96: =IF($B96="","",N($L96)-N($AF96)) | AI96: =IF($B96="","",IF(N($L96)=0,"",(N($L96)-N($AF96))/N($L96)))
A97: =IF($B97="","",COUNTA($B$4:$B97)) | B97: 46037 | C97: 1294 | D97: بدوى صلاح | E97: 1*40 | F97: جرين بايو | G97: الصالحية | H97: 838723/8 | I97: ص ع ا 7538 | J97: رمضان الصاوى | K97: رمضان الصاوى | L97: 17000 | M97: 9100 | O97: 200 | Q97: 7700 | R97: =IF($B97="","",N($S97)-N($Q97)) | S97: =IF($B97="","",N($L97)+N($N97)+N($P97)) | AF97: =IF($B97="","",SUM($T97:$AE97)) | AG97: =IF($B97="","",N($M97)-N($AF97)) | AH97: =IF($B97="","",N($L97)-N($AF97)) | AI97: =IF($B97="","",IF(N($L97)=0,"",(N($L97)-N($AF97))/N($L97)))
A98: =IF($B98="","",COUNTA($B$4:$B98)) | B98: 46037 | C98: 1916 | D98: المكتب | E98: 1*40 | F98: جرين بايو | G98: الصالحية / رجوع من ايتاى | H98: 779532/7 | I98: س ع م 8737 | J98: سامح عبدالحميد | K98: المكتب | L98: 10000 | M98: 8000 | Q98: 2000 | R98: =IF($B98="","",N($S98)-N($Q98)) | S98: =IF($B98="","",N($L98)+N($N98)+N($P98)) | T98: 1000 | U98: 500 | V98: 100 | W98: 90 | X98: 60 | AC98: 730 | AF98: =IF($B98="","",SUM($T98:$AE98)) | AG98: =IF($B98="","",N($M98)-N($AF98)) | AH98: =IF($B98="","",N($L98)-N($AF98)) | AI98: =IF($B98="","",IF(N($L98)=0,"",(N($L98)-N($AF98))/N($L98)))
A99: =IF($B99="","",COUNTA($B$4:$B99)) | B99: 46037 | C99: 1632 | D99: الفرجانى | E99: 1*40 | F99: اجرو جرين | G99: جمصة | H99: 501406/0 | I99: س م ص 1193 | J99: محمد محروس | K99: الفرجانى | L99: 13000 | M99: 8100 | O99: 200 | Q99: 4700 | R99: =IF($B99="","",N($S99)-N($Q99)) | S99: =IF($B99="","",N($L99)+N($N99)+N($P99)) | AF99: =IF($B99="","",SUM($T99:$AE99)) | AG99: =IF($B99="","",N($M99)-N($AF99)) | AH99: =IF($B99="","",N($L99)-N($AF99)) | AI99: =IF($B99="","",IF(N($L99)=0,"",(N($L99)-N($AF99))/N($L99)))
A100: =IF($B100="","",COUNTA($B$4:$B100)) | B100: 46037 | C100: 1630 | D100: طارق الجمل | E100: 1*40 | F100: دلتا فلكس | G100: المحلة | H100: 744000/2 | I100: س ص ى 3829 | J100: محمد امين | K100: اشرف الجمل | L100: 12700 | M100: 7100 | O100: 200 | Q100: 5400 | R100: =IF($B100="","",N($S100)-N($Q100)) | S100: =IF($B100="","",N($L100)+N($N100)+N($P100)) | AF100: =IF($B100="","",SUM($T100:$AE100)) | AG100: =IF($B100="","",N($M100)-N($AF100)) | AH100: =IF($B100="","",N($L100)-N($AF100)) | AI100: =IF($B100="","",IF(N($L100)=0,"",(N($L100)-N($AF100))/N($L100)))
...

Sheet التخليص
A1: شركة المتوكل — التخليص
A2: سجل شهادات وأعمال التخليص الجمركي
A3: م | B3: التاريخ | C3: اسم الشهادة | D3: رقم الشهادة | E3: الأتعاب | F3: المصروفات | G3: إجمالي الكشف | H3: الدفعات | I3: المتبقي
A4: =IF($B4="","",COUNTA($B$4:$B4)) | G4: =IF($B4="","",N($E4)+N($F4)) | I4: =IF($B4="","",N($G4)-N($H4))
A5: =IF($B5="","",COUNTA($B$4:$B5)) | G5: =IF($B5="","",N($E5)+N($F5)) | I5: =IF($B5="","",N($G5)-N($H5))
A6: =IF($B6="","",COUNTA($B$4:$B6)) | G6: =IF($B6="","",N($E6)+N($F6)) | I6: =IF($B6="","",N($G6)-N($H6))
A7: =IF($B7="","",COUNTA($B$4:$B7)) | G7: =IF($B7="","",N($E7)+N($F7)) | I7: =IF($B7="","",N($G7)-N($H7))
A8: =IF($B8="","",COUNTA($B$4:$B8)) | G8: =IF($B8="","",N($E8)+N($F8)) | I8: =IF($B8="","",N($G8)-N($H8))
A9: =IF($B9="","",COUNTA($B$4:$B9)) | G9: =IF($B9="","",N($E9)+N($F9)) | I9: =IF($B9="","",N($G9)-N($H9))
A10: =IF($B10="","",COUNTA($B$4:$B10)) | G10: =IF($B10="","",N($E10)+N($F10)) | I10: =IF($B10="","",N($G10)-N($H10))
A11: =IF($B11="","",COUNTA($B$4:$B11)) | G11: =IF($B11="","",N($E11)+N($F11)) | I11: =IF($B11="","",N($G11)-N($H11))
A12: =IF($B12="","",COUNTA($B$4:$B12)) | G12: =IF($B12="","",N($E12)+N($F12)) | I12: =IF($B12="","",N($G12)-N($H12))
A13: =IF($B13="","",COUNTA($B$4:$B13)) | G13: =IF($B13="","",N($E13)+N($F13)) | I13: =IF($B13="","",N($G13)-N($H13))
A14: =IF($B14="","",COUNTA($B$4:$B14)) | G14: =IF($B14="","",N($E14)+N($F14)) | I14: =IF($B14="","",N($G14)-N($H14))
A15: =IF($B15="","",COUNTA($B$4:$B15)) | G15: =IF($B15="","",N($E15)+N($F15)) | I15: =IF($B15="","",N($G15)-N($H15))
... A2203: =IF($B2203="","",COUNTA($B$4:$B2203)) | G2203: =IF($B2203="","",N($E2203)+N($F2203)) | I2203: =IF($B2203="","",N($G2203)-N($H2203))
B2204: الإجماليات | E2204: =SUM($E$4:$E$2203) | F2204: =SUM($F$4:$F$2203) | G2204: =SUM($G$4:$G$2203) | H2204: =SUM($H$4:$H$2203) | I2204: =SUM($I$4:$I$2203)

Sheet مولدات ايجي كول
A1: شركة المتوكل — مولدات ايجي كول
A2: سجل نقل مولدات شركة ايجي كول
A3: م | B3: التاريخ | C3: اسم الشركة | D3: العنوان | E3: رقم الإذن | F3: عدد المولدات | G3: النولون | H3: الدفعات | I3: المتبقي
A4: =IF($B4="","",COUNTA($B$4:$B4)) | B4: 46030 | C4: المسعد | D4: البرج | E4: 871257 | F4: 2 | G4: 5500 | I4: =IF($B4="","",N($G4)-N($H4))
A5: =IF($B5="","",COUNTA($B$4:$B5)) | B5: 46033 | C5: ماى فارم | D5: جمصة | E5: 75127 | F5: 1 | G5: 2750 | I5: =IF($B5="","",N($G5)-N($H5))
A6: =IF($B6="","",COUNTA($B$4:$B6)) | B6: 46037 | C6: الفرسان | D6: اكتوبر | E6: 873056 | F6: 4 | G6: 11000 | I6: =IF($B6="","",N($G6)-N($H6))
A7: =IF($B7="","",COUNTA($B$4:$B7)) | B7: 46039 | C7: الفرسان | D7: اكتوبر | E7: 873078 | F7: 1 | G7: 2750 | I7: =IF($B7="","",N($G7)-N($H7))
A8: =IF($B8="","",COUNTA($B$4:$B8)) | B8: 46044 | C8: المجد | D8: النوبارية | E8: 3034 | F8: 2 | G8: 5500 | I8: =IF($B8="","",N($G8)-N($H8))
A9: =IF($B9="","",COUNTA($B$4:$B9)) | B9: 46046 | C9: ماى فارم | D9: جمصة | E9: 37584 | F9: 1 | G9: 2750 | I9: =IF($B9="","",N($G9)-N($H9))
A10: =IF($B10="","",COUNTA($B$4:$B10)) | B10: 46047 | C10: الصعيد | D10: بنى سويف | E10: 276995 | F10: 4 | G10: 11000 | I10: =IF($B10="","",N($G10)-N($H10))
A11: =IF($B11="","",COUNTA($B$4:$B11)) | B11: 46047 | C11: الصعيد | D11: بنى سويف | E11: 277114 | F11: 1 | G11: 2750 | I11: =IF($B11="","",N($G11)-N($H11))
A12: =IF($B12="","",COUNTA($B$4:$B12)) | B12: 46047 | C12: ماى فارم | D12: الجيزة | E12: 873146 | F12: 1 | G12: 2750 | I12: =IF($B12="","",N($G12)-N($H12))
A13: =IF($B13="","",COUNTA($B$4:$B13)) | B13: 46051 | C13: المجد | D13: النوبارية | E13: 1515 | F13: 2 | G13: 5500 | I13: =IF($B13="","",N($G13)-N($H13))
A14: =IF($B14="","",COUNTA($B$4:$B14)) | B14: 46051 | C14: المجد | D14: التوفيقية | E14: 1520 | F14: 3 | G14: 8250 | I14: =IF($B14="","",N($G14)-N($H14))
A15: =IF($B15="","",COUNTA($B$4:$B15)) | B15: 46055 | C15: بيك اجرى | D15: النوبارية | E15: 878856 | F15: 1 | G15: 2750 | I15: =IF($B15="","",N($G15)-N($H15))
A16: =IF($B16="","",COUNTA($B$4:$B16)) | B16: 46063 | H16: 50000 | I16: =IF($B16="","",N($G16)-N($H16))
A17: =IF($B17="","",COUNTA($B$4:$B17)) | B17: 46063 | C17: معبد فارم | D17: القناطر | E17: 882981 | F17: 1 | G17: 2750 | I17: =IF($B17="","",N($G17)-N($H17))
A18: =IF($B18="","",COUNTA($B$4:$B18)) | B18: 46068 | C18: انترواكو | D18: القناطر | E18: 884175 | F18: 2 | G18: 5500 | I18: =IF($B18="","",N($G18)-N($H18))
A19: =IF($B19="","",COUNTA($B$4:$B19)) | B19: 46074 | C19: نورميلا | D19: البرج | E19: 57110 | F19: 2 | G19: 5500 | I19: =IF($B19="","",N($G19)-N($H19))
A20: =IF($B20="","",COUNTA($B$4:$B20)) | B20: 46074 | C20: انترواكو | D20: القناطر | E20: 57109 | F20: 2 | G20: 5500 | I20: =IF($B20="","",N($G20)-N($H20))
A21: =IF($B21="","",COUNTA($B$4:$B21)) | B21: 46076 | C21: اورينت | D21: العبور | F21: 1 | G21: 2750 | I21: =IF($B21="","",N($G21)-N($H21))
A22: =IF($B22="","",COUNTA($B$4:$B22)) | B22: 46079 | C22: الفرسان | D22: اكتوبر | E22: 89983 | F22: 1 | G22: 2750 | I22: =IF($B22="","",N($G22)-N($H22))
A23: =IF($B23="","",COUNTA($B$4:$B23)) | B23: 46079 | H23: 30000 | I23: =IF($B23="","",N($G23)-N($H23))
A24: =IF($B24="","",COUNTA($B$4:$B24)) | B24: 46083 | C24: تومكو | D24: المنيا | E24: 279807 | F24: 1 | G24: 3750 | I24: =IF($B24="","",N($G24)-N($H24))
A25: =IF($B25="","",COUNTA($B$4:$B25)) | B25: 46089 | C25: انتراكو | D25: القناطر | E25: 9020621020 | F25: 4 | G25: 11000 | I25: =IF($B25="","",N($G25)-N($H25))
A26: =IF($B26="","",COUNTA($B$4:$B26)) | B26: 46090 | C26: الريعى | D26: الشرقية | E26: 892394 | F26: 1 | G26: 2750 | I26: =IF($B26="","",N($G26)-N($H26))
A27: =IF($B27="","",COUNTA($B$4:$B27)) | B27: 46090 | C27: المجد | D27: بلد | E27: 16111072 | F27: 1 | G27: 2750 | I27: =IF($B27="","",N($G27)-N($H27))
A28: =IF($B28="","",COUNTA($B$4:$B28)) | B28: 46093 | C28: انتراكو | D28: السادات | E28: 894052 | I28: =IF($B28="","",N($G28)-N($H28))
A29: =IF($B29="","",COUNTA($B$4:$B29)) | B29: 46093 | C29: انتراكو | D29: بنى سويف | E29: 895171 | F29: 1 | G29: 2750 | I29: =IF($B29="","",N($G29)-N($H29))
A30: =IF($B30="","",COUNTA($B$4:$B30)) | B30: 46095 | C30: الفرسان | D30: اكتوبر | E30: 894811 | F30: 1 | G30: 2750 | I30: =IF($B30="","",N($G30)-N($H30))
A31: =IF($B31="","",COUNTA($B$4:$B31)) | B31: 46097 | C31: انتراكو | D31: السادات | E31: 896107 | F31: 1 | G31: 2750 | I31: =IF($B31="","",N($G31)-N($H31))
A32: =IF($B32="","",COUNTA($B$4:$B32)) | B32: 46098 | C32: جرين لاند | D32: ك الدوار | E32: 886874 | F32: 2 | G32: 5500 | I32: =IF($B32="","",N($G32)-N($H32))
A33: =IF($B33="","",COUNTA($B$4:$B33)) | B33: 46099 | H33: 40000 | I33: =IF($B33="","",N($G33)-N($H33))
A34: =IF($B34="","",COUNTA($B$4:$B34)) | B34: 46111 | C34: انتراكو | D34: السادات | E34: 900217 | F34: 4 | G34: 11000 | I34: =IF($B34="","",N($G34)-N($H34))
A35: =IF($B35="","",COUNTA($B$4:$B35)) | B35: 46121 | C35: انتراكو | D35: السادات | E35: 900788 | F35: 4 | G35: 11000 | I35: =IF($B35="","",N($G35)-N($H35))
A36: =IF($B36="","",COUNTA($B$4:$B36)) | B36: 46121 | C36: الموندو | D36: السادات | E36: 9020717040 | F36: 1 | G36: 2750 | I36: =IF($B36="","",N($G36)-N($H36))
A37: =IF($B37="","",COUNTA($B$4:$B37)) | B37: 46128 | C37: البستانية وارد | D37: السادات | E37: 148538 | F37: 2 | G37: 5500 | I37: =IF($B37="","",N($G37)-N($H37))
A38: =IF($B38="","",COUNTA($B$4:$B38)) | B38: 46133 | H38: 40000 | I38: =IF($B38="","",N($G38)-N($H38))
A39: =IF($B39="","",COUNTA($B$4:$B39)) | B39: 46133 | C39: الفرسان | D39: اكتوبر | E39: 903929 | F39: 1 | G39: 2750 | I39: =IF($B39="","",N($G39)-N($H39))
A40: =IF($B40="","",COUNTA($B$4:$B40)) | B40: 46133 | C40: الفرسان | D40: اكتوبر | E40: 908217 | F40: 1 | G40: 2750 | I40: =IF($B40="","",N($G40)-N($H40))
A41: =IF($B41="","",COUNTA($B$4:$B41)) | B41: 46135 | C41: الفرسان | D41: اكتوبر | E41: 903980 | I41: =IF($B41="","",N($G41)-N($H41))
A42: =IF($B42="","",COUNTA($B$4:$B42)) | B42: 46135 | C42: ماى فارم | D42: جمصة | E42: 24671489 | F42: 1 | G42: 2750 | I42: =IF($B42="","",N($G42)-N($H42))
A43: =IF($B43="","",COUNTA($B$4:$B43)) | B43: 46138 | C43: المراعى الخضراء | D43: اكتوبر | E43: 911076 | F43: 1 | G43: 2750 | I43: =IF($B43="","",N($G43)-N($H43))
A44: =IF($B44="","",COUNTA($B$4:$B44)) | B44: 46140 | C44: انتراكو | D44: الاسماعيلية | E44: 196994 | F44: 1 | G44: 2750 | I44: =IF($B44="","",N($G44)-N($H44))
A45: =IF($B45="","",COUNTA($B$4:$B45)) | B45: 46140 | C45: المراعى الخضراء | D45: اكتوبر | E45: 426369889 | F45: 1 | G45: 2750 | I45: =IF($B45="","",N($G45)-N($H45))
A46: =IF($B46="","",COUNTA($B$4:$B46)) | B46: 46140 | C46: النوبارية | D46: انتراكوا | E46: 902077488 | F46: 3 | G46: 8250 | I46: =IF($B46="","",N($G46)-N($H46))
A47: =IF($B47="","",COUNTA($B$4:$B47)) | B47: 46146 | C47: العاشر | D47: الكوثر | E47: 613/098 | F47: 2 | G47: 2150 | I47: =IF($B47="","",N($G47)-N($H47))
A48: =IF($B48="","",COUNTA($B$4:$B48)) | B48: 46146 | C48: العاشر | D48: الكوثر | E48: 613/133 | I48: =IF($B48="","",N($G48)-N($H48))
A49: =IF($B49="","",COUNTA($B$4:$B49)) | B49: 46167 | H49: 50000 | I49: =IF($B49="","",N($G49)-N($H49))
A50: =IF($B50="","",COUNTA($B$4:$B50)) | I50: =IF($B50="","",N($G50)-N($H50))
A51: =IF($B51="","",COUNTA($B$4:$B51)) | I51: =IF($B51="","",N($G51)-N($H51))
A52: =IF($B52="","",COUNTA($B$4:$B52)) | I52: =IF($B52="","",N($G52)-N($H52))
A53: =IF($B53="","",COUNTA($B$4:$B53)) | I53: =IF($B53="","",N($G53)-N($H53))
A54: =IF($B54="","",COUNTA($B$4:$B54)) | I54: =IF($B54="","",N($G54)-N($H54))
A55: =IF($B55="","",COUNTA($B$4:$B55)) | I55: =IF($B55="","",N($G55)-N($H55))
A56: =IF($B56="","",COUNTA($B$4:$B56)) | I56: =IF($B56="","",N($G56)-N($H56))
A57: =IF($B57="","",COUNTA($B$4:$B57)) | I57: =IF($B57="","",N($G57)-N($H57))
A58: =IF($B58="","",COUNTA($B$4:$B58)) | I58: =IF($B58="","",N($G58)-N($H58))
A59: =IF($B59="","",COUNTA($B$4:$B59)) | I59: =IF($B59="","",N($G59)-N($H59))
A60: =IF($B60="","",COUNTA($B$4:$B60)) | I60: =IF($B60="","",N($G60)-N($H60))
A61: =IF($B61="","",COUNTA($B$4:$B61)) | I61: =IF($B61="","",N($G61)-N($H61))
... A2203: =IF($B2203="","",COUNTA($B$4:$B2203)) | I2203: =IF($B2203="","",N($G2203)-N($H2203))
B2204: الإجماليات | F2204: =SUM($F$4:$F$2203) | G2204: =SUM($G$4:$G$2203) | H2204: =SUM($H$4:$H$2203) | I2204: =SUM($I$4:$I$2203)

Sheet مولدات الشجيع
A1: شركة المتوكل — مولدات الشجيع
A2: سجل نقل مولدات الشجيع
A3: م | B3: التاريخ | C3: اسم الشركة | D3: العنوان | E3: رقم الإذن | F3: عدد المولدات | G3: النولون | H3: الدفعات | I3: المتبقي
A4: =IF($B4="","",COUNTA($B$4:$B4)) | B4: 46110 | C4: انتراكوا | D4: الاسماعيلية | E4: 900222 | F4: 1 | I4: =IF($B4="","",N($G4)-N($H4))
A5: =IF($B5="","",COUNTA($B$4:$B5)) | B5: 46116 | C5: تومكو | D5: المنيا | E5: 901954 | F5: 2 | I5: =IF($B5="","",N($G5)-N($H5))
A6: =IF($B6="","",COUNTA($B$4:$B6)) | B6: 46118 | I6: =IF($B6="","",N($G6)-N($H6))
A7: =IF($B7="","",COUNTA($B$4:$B7)) | I7: =IF($B7="","",N($G7)-N($H7))
A8: =IF($B8="","",COUNTA($B$4:$B8)) | I8: =IF($B8="","",N($G8)-N($H8))
A9: =IF($B9="","",COUNTA($B$4:$B9)) | I9: =IF($B9="","",N($G9)-N($H9))
A10: =IF($B10="","",COUNTA($B$4:$B10)) | I10: =IF($B10="","",N($G10)-N($H10))
A11: =IF($B11="","",COUNTA($B$4:$B11)) | I11: =IF($B11="","",N($G11)-N($H11))
A12: =IF($B12="","",COUNTA($B$4:$B12)) | I12: =IF($B12="","",N($G12)-N($H12))
A13: =IF($B13="","",COUNTA($B$4:$B13)) | I13: =IF($B13="","",N($G13)-N($H13))
A14: =IF($B14="","",COUNTA($B$4:$B14)) | I14: =IF($B14="","",N($G14)-N($H14))
A15: =IF($B15="","",COUNTA($B$4:$B15)) | I15: =IF($B15="","",N($G15)-N($H15))
A16: =IF($B16="","",COUNTA($B$4:$B16)) | I16: =IF($B16="","",N($G16)-N($H16))
A17: =IF($B17="","",COUNTA($B$4:$B17)) | I17: =IF($B17="","",N($G17)-N($H17))
A18: =IF($B18="","",COUNTA($B$4:$B18)) | I18: =IF($B18="","",N($G18)-N($H18))
... A2203: =IF($B2203="","",COUNTA($B$4:$B2203)) | I2203: =IF($B2203="","",N($G2203)-N($H2203))
B2204: الإجماليات | F2204: =SUM($F$4:$F$2203) | G2204: =SUM($G$4:$G$2203) | H2204: =SUM($H$4:$H$2203) | I2204: =SUM($I$4:$I$2203)

Sheet شامل
A1: شركة المتوكل — شامل
A2: السجل الشامل للفواتير وحسابات العملاء
A3: مسلسل | B3: تاريخ الفاتورة | C3: رقم الكشف | D3: رقم الفاتورة | E3: رقم الإذن | F3: اسم العميل | G3: اسم الشركة | H3: الجهة | I3: عدد الحاويات | J3: النولون | K3: بيانات أو عطالات | L3: قيمة مضافة | M3: خصم أ ت ص | N3: الإيصالات | O3: إجمالي الفاتورة | P3: الدفعات | Q3: إجمالي الحساب | R3: نولون فعلي | S3: كشف وضمان | T3: مصروف | U3: إجمالي ربح | V3: ربح آخر
A4: =IF($B4="","",COUNTA($B$4:$B4)) | L4: =IF($B4="","",ROUND((N($J4)+N($K4))*نسبة_القيمة_المضافة,2)) | O4: =IF($B4="","",N($J4)+N($K4)+N($L4)-N($M4)+N($N4)) | Q4: =IF($B4="","",N($O4)-N($P4)) | U4: =IF($B4="","",N($J4)-N($R4)-N($T4))
A5: =IF($B5="","",COUNTA($B$4:$B5)) | L5: =IF($B5="","",ROUND((N($J5)+N($K5))*نسبة_القيمة_المضافة,2)) | O5: =IF($B5="","",N($J5)+N($K5)+N($L5)-N($M5)+N($N5)) | Q5: =IF($B5="","",N($O5)-N($P5)) | U5: =IF($B5="","",N($J5)-N($R5)-N($T5))
A6: =IF($B6="","",COUNTA($B$4:$B6)) | L6: =IF($B6="","",ROUND((N($J6)+N($K6))*نسبة_القيمة_المضافة,2)) | O6: =IF($B6="","",N($J6)+N($K6)+N($L6)-N($M6)+N($N6)) | Q6: =IF($B6="","",N($O6)-N($P6)) | U6: =IF($B6="","",N($J6)-N($R6)-N($T6))
A7: =IF($B7="","",COUNTA($B$4:$B7)) | L7: =IF($B7="","",ROUND((N($J7)+N($K7))*نسبة_القيمة_المضافة,2)) | O7: =IF($B7="","",N($J7)+N($K7)+N($L7)-N($M7)+N($N7)) | Q7: =IF($B7="","",N($O7)-N($P7)) | U7: =IF($B7="","",N($J7)-N($R7)-N($T7))
A8: =IF($B8="","",COUNTA($B$4:$B8)) | L8: =IF($B8="","",ROUND((N($J8)+N($K8))*نسبة_القيمة_المضافة,2)) | O8: =IF($B8="","",N($J8)+N($K8)+N($L8)-N($M8)+N($N8)) | Q8: =IF($B8="","",N($O8)-N($P8)) | U8: =IF($B8="","",N($J8)-N($R8)-N($T8))
A9: =IF($B9="","",COUNTA($B$4:$B9)) | L9: =IF($B9="","",ROUND((N($J9)+N($K9))*نسبة_القيمة_المضافة,2)) | O9: =IF($B9="","",N($J9)+N($K9)+N($L9)-N($M9)+N($N9)) | Q9: =IF($B9="","",N($O9)-N($P9)) | U9: =IF($B9="","",N($J9)-N($R9)-N($T9))
A10: =IF($B10="","",COUNTA($B$4:$B10)) | L10: =IF($B10="","",ROUND((N($J10)+N($K10))*نسبة_القيمة_المضافة,2)) | O10: =IF($B10="","",N($J10)+N($K10)+N($L10)-N($M10)+N($N10)) | Q10: =IF($B10="","",N($O10)-N($P10)) | U10: =IF($B10="","",N($J10)-N($R10)-N($T10))
A11: =IF($B11="","",COUNTA($B$4:$B11)) | L11: =IF($B11="","",ROUND((N($J11)+N($K11))*نسبة_القيمة_المضافة,2)) | O11: =IF($B11="","",N($J11)+N($K11)+N($L11)-N($M11)+N($N11)) | Q11: =IF($B11="","",N($O11)-N($P11)) | U11: =IF($B11="","",N($J11)-N($R11)-N($T11))
A12: =IF($B12="","",COUNTA($B$4:$B12)) | L12: =IF($B12="","",ROUND((N($J12)+N($K12))*نسبة_القيمة_المضافة,2)) | O12: =IF($B12="","",N($J12)+N($K12)+N($L12)-N($M12)+N($N12)) | Q12: =IF($B12="","",N($O12)-N($P12)) | U12: =IF($B12="","",N($J12)-N($R12)-N($T12))
A13: =IF($B13="","",COUNTA($B$4:$B13)) | L13: =IF($B13="","",ROUND((N($J13)+N($K13))*نسبة_القيمة_المضافة,2)) | O13: =IF($B13="","",N($J13)+N($K13)+N($L13)-N($M13)+N($N13)) | Q13: =IF($B13="","",N($O13)-N($P13)) | U13: =IF($B13="","",N($J13)-N($R13)-N($T13))
A14: =IF($B14="","",COUNTA($B$4:$B14)) | L14: =IF($B14="","",ROUND((N($J14)+N($K14))*نسبة_القيمة_المضافة,2)) | O14: =IF($B14="","",N($J14)+N($K14)+N($L14)-N($M14)+N($N14)) | Q14: =IF($B14="","",N($O14)-N($P14)) | U14: =IF($B14="","",N($J14)-N($R14)-N($T14))
A15: =IF($B15="","",COUNTA($B$4:$B15)) | L15: =IF($B15="","",ROUND((N($J15)+N($K15))*نسبة_القيمة_المضافة,2)) | O15: =IF($B15="","",N($J15)+N($K15)+N($L15)-N($M15)+N($N15)) | Q15: =IF($B15="","",N($O15)-N($P15)) | U15: =IF($B15="","",N($J15)-N($R15)-N($T15))
... A2203: =IF($B2203="","",COUNTA($B$4:$B2203)) | L2203: =IF($B2203="","",ROUND((N($J2203)+N($K2203))*نسبة_القيمة_المضافة,2)) | O2203: =IF($B2203="","",N($J2203)+N($K2203)+N($L2203)-N($M2203)+N($N2203)) | Q2203: =IF($B2203="","",N($O2203)-N($P2203)) | U2203: =IF($B2203="","",N($J2203)-N($R2203)-N($T2203))
B2204: الإجماليات | I2204: =SUM($I$4:$I$2203) | J2204: =SUM($J$4:$J$2203) | K2204: =SUM($K$4:$K$2203) | L2204: =SUM($L$4:$L$2203) | M2204: =SUM($M$4:$M$2203) | N2204: =SUM($N$4:$N$2203) | O2204: =SUM($O$4:$O$2203) | P2204: =SUM($P$4:$P$2203) | Q2204: =SUM($Q$4:$Q$2203) | R2204: =SUM($R$4:$R$2203) | S2204: =SUM($S$4:$S$2203) | T2204: =SUM($T$4:$T$2203) | U2204: =SUM($U$4:$U$2203) | V2204: =SUM($V$4:$V$2203)

Sheet أرصدة العملاء والموردين
A1: شركة المتوكل — أرصدة العملاء والموردين
A2: كشف حساب العملاء والموردين — المنقول من النظام القديم
B3: العميل | C3: الرصيد (له) | E3: المورد | F3: الرصيد (عليه)
B4: فاطمة | E4: طارق | F4: 500000
B5: عرب اوشن | E5: احمد عليمي | F5: 20000
B6: سيجل | E6: احمد ظريف | F6: 10000
B7: صلاح | E7: احمد عادل | F7: 15000
B8: علاء جمعة | E8: مكتب | F8: 54000
B9: فيرتكس | E9: بوالص | F9: 3469000
B10: احمد سنبل | E10: vito
B11: الفؤاد | E11: مولدات
B12: احمد عبدالله
B13: الشيخ حسن
B14: وورلد
B15: نيو ترند
B16: اسلام
B17: اوفرسيز.
B18: kz
B19: البغدادية
B20: اسماء خليفة
B21: يونايتد
B22: كومباكت
B23: اكما
... B50: بيردس
B204: إجمالي أرصدة العملاء | C204: =SUM(C4:C203) | E204: إجمالي أرصدة الموردين | F204: =SUM(F4:F203)
E205: الفرق (له − عليه) | F205: =C204-F204

Sheet التقارير
A1: شركة المتوكل — التقارير المالية والإدارية
A2: تقارير جاهزة للطباعة — تُحدَّث تلقائياً
B3: الملخص المالي العام
B4: إجمالي الإيرادات | C4: =SUM('البوالص'!$L$4:$L$2203)+SUM('شامل'!$O$4:$O$2203)+SUM('التخليص'!$G$4:$G$2203)+SUM('مولدات ايجي كول'!$G$4:$G$2203)+SUM('مولدات الشجيع'!$G$4:$G$2203) | E4: إجمالي المتحصّلات | F4: =SUM('البوالص'!$Q$4:$Q$2203)+SUM('شامل'!$P$4:$P$2203)+SUM('التخليص'!$H$4:$H$2203)+SUM('مولدات ايجي كول'!$H$4:$H$2203)+SUM('مولدات الشجيع'!$H$4:$H$2203)
B5: إجمالي المصروفات | C5: =SUM('البوالص'!$AF$4:$AF$2203)+SUM('شامل'!$T$4:$T$2203)+SUM('التخليص'!$F$4:$F$2203) | E5: المتبقي على العملاء | F5: =SUM('البوالص'!$R$4:$R$2203)+SUM('شامل'!$Q$4:$Q$2203)+SUM('التخليص'!$I$4:$I$2203)+SUM('مولدات ايجي كول'!$I$4:$I$2203)+SUM('مولدات الشجيع'!$I$4:$I$2203)
B6: صافي الأرباح | C6: =SUM('شامل'!$U$4:$U$2203)+SUM('شامل'!$V$4:$V$2203)+SUM('البوالص'!$AH$4:$AH$2203) | E6: إجمالي النولون | F6: =SUM('البوالص'!$L$4:$L$2203)+SUM('شامل'!$J$4:$J$2203)+SUM('مولدات ايجي كول'!$G$4:$G$2203)+SUM('مولدات الشجيع'!$G$4:$G$2203)
E7: هامش الربح % | F7: =IF((SUM('البوالص'!$L$4:$L$2203)+SUM('شامل'!$O$4:$O$2203)+SUM('التخليص'!$G$4:$G$2203)+SUM('مولدات ايجي كول'!$G$4:$G$2203)+SUM('مولدات الشجيع'!$G$4:$G$2203))=0,"",(SUM('شامل'!$U$4:$U$2203)+SUM('شامل'!$V$4:$V$2203)+SUM('البوالص'!$AH$4:$AH$2203))/(SUM('البوالص'!$L$4:$L$2203)+SUM('شامل'!$O$4:$O$2203)+SUM('التخليص'!$G$4:$G$2203)+SUM('مولدات ايجي كول'!$G$4:$G$2203)+SUM('مولدات الشجيع'!$G$4:$G$2203)))
B9: الأداء الشهري | H9: الربح حسب الشركة
B10: الشهر | C10: الإيرادات | D10: المصروفات | E10: صافي الربح | F10: المتحصّلات | H10: الشركة | I10: النولون | J10: صافي الربح
B11: ='بيانات_التقارير'!B4 | C11: ='بيانات_التقارير'!C4 | D11: ='بيانات_التقارير'!D4 | E11: ='بيانات_التقارير'!E4 | F11: ='بيانات_التقارير'!F4 | H11: ='بيانات_التقارير'!H4 | I11: ='بيانات_التقارير'!I4 | J11: ='بيانات_التقارير'!J4
B12: ='بيانات_التقارير'!B5 | C12: ='بيانات_التقارير'!C5 | D12: ='بيانات_التقارير'!D5 | E12: ='بيانات_التقارير'!E5 | F12: ='بيانات_التقارير'!F5 | H12: ='بيانات_التقارير'!H5 | I12: ='بيانات_التقارير'!I5 | J12: ='بيانات_التقارير'!J5
B13: ='بيانات_التقارير'!B6 | C13: ='بيانات_التقارير'!C6 | D13: ='بيانات_التقارير'!D6 | E13: ='بيانات_التقارير'!E6 | F13: ='بيانات_التقارير'!F6 | H13: ='بيانات_التقارير'!H6 | I13: ='بيانات_التقارير'!I6 | J13: ='بيانات_التقارير'!J6
B14: ='بيانات_التقارير'!B7 | C14: ='بيانات_التقارير'!C7 | D14: ='بيانات_التقارير'!D7 | E14: ='بيانات_التقارير'!E7 | F14: ='بيانات_التقارير'!F7 | H14: ='بيانات_التقارير'!H7 | I14: ='بيانات_التقارير'!I7 | J14: ='بيانات_التقارير'!J7
B15: ='بيانات_التقارير'!B8 | C15: ='بيانات_التقارير'!C8 | D15: ='بيانات_التقارير'!D8 | E15: ='بيانات_التقارير'!E8 | F15: ='بيانات_التقارير'!F8 | H15: ='بيانات_التقارير'!H8 | I15: ='بيانات_التقارير'!I8 | J15: ='بيانات_التقارير'!J8
B16: ='بيانات_التقارير'!B9 | C16: ='بيانات_التقارير'!C9 | D16: ='بيانات_التقارير'!D9 | E16: ='بيانات_التقارير'!E9 | F16: ='بيانات_التقارير'!F9 | H16: ='بيانات_التقارير'!H9 | I16: ='بيانات_التقارير'!I9 | J16: ='بيانات_التقارير'!J9
B17: ='بيانات_التقارير'!B10 | C17: ='بيانات_التقارير'!C10 | D17: ='بيانات_التقارير'!D10 | E17: ='بيانات_التقارير'!E10 | F17: ='بيانات_التقارير'!F10 | H17: ='بيانات_التقارير'!H10 | I17: ='بيانات_التقارير'!I10 | J17: ='بيانات_التقارير'!J10
B18: ='بيانات_التقارير'!B11 | C18: ='بيانات_التقارير'!C11 | D18: ='بيانات_التقارير'!D11 | E18: ='بيانات_التقارير'!E11 | F18: ='بيانات_التقارير'!F11 | H18: ='بيانات_التقارير'!H11 | I18: ='بيانات_التقارير'!I11 | J18: ='بيانات_التقارير'!J11
B19: ='بيانات_التقارير'!B12 | C19: ='بيانات_التقارير'!C12 | D19: ='بيانات_التقارير'!D12 | E19: ='بيانات_التقارير'!E12 | F19: ='بيانات_التقارير'!F12 | H19: ='بيانات_التقارير'!H12 | I19: ='بيانات_التقارير'!I12 | J19: ='بيانات_التقارير'!J12
B20: ='بيانات_التقارير'!B13 | C20: ='بيانات_التقارير'!C13 | D20: ='بيانات_التقارير'!D13 | E20: ='بيانات_التقارير'!E13 | F20: ='بيانات_التقارير'!F13 | H20: ='بيانات_التقارير'!H13 | I20: ='بيانات_التقارير'!I13 | J20: ='بيانات_التقارير'!J13
B21: ='بيانات_التقارير'!B14 | C21: ='بيانات_التقارير'!C14 | D21: ='بيانات_التقارير'!D14 | E21: ='بيانات_التقارير'!E14 | F21: ='بيانات_التقارير'!F14 | H21: ='بيانات_التقارير'!H14 | I21: ='بيانات_التقارير'!I14 | J21: ='بيانات_التقارير'!J14
B22: ='بيانات_التقارير'!B15 | C22: ='بيانات_التقارير'!C15 | D22: ='بيانات_التقارير'!D15 | E22: ='بيانات_التقارير'!E15 | F22: ='بيانات_التقارير'!F15 | H22: ='بيانات_التقارير'!H15 | I22: ='بيانات_التقارير'!I15 | J22: ='بيانات_التقارير'!J15
B23: الإجمالي السنوي | C23: =SUM('بيانات_التقارير'!C4:C15) | D23: =SUM('بيانات_التقارير'!D4:D15) | E23: =SUM('بيانات_التقارير'!E4:E15) | F23: =SUM('بيانات_التقارير'!F4:F15) | H23: ='بيانات_التقارير'!H16 | I23: ='بيانات_التقارير'!I16 | J23: ='بيانات_التقارير'!J16
H24: ='بيانات_التقارير'!H17 | I24: ='بيانات_التقارير'!I17 | J24: ='بيانات_التقارير'!J17
H25: ='بيانات_التقارير'!H18 | I25: ='بيانات_التقارير'!I18 | J25: ='بيانات_التقارير'!J18
B26: مديونية العملاء (المتأخرات)
B27: العميل | C27: إجمالي الفواتير | D27: المتبقي عليه
B28: ='بيانات_التقارير'!L4 | C28: ='بيانات_التقارير'!M4 | D28: ='بيانات_التقارير'!N4
B29: ='بيانات_التقارير'!L5 | C29: ='بيانات_التقارير'!M5 | D29: ='بيانات_التقارير'!N5
B30: ='بيانات_التقارير'!L6 | C30: ='بيانات_التقارير'!M6 | D30: ='بيانات_التقارير'!N6
B31: ='بيانات_التقارير'!L7 | C31: ='بيانات_التقارير'!M7 | D31: ='بيانات_التقارير'!N7
B32: ='بيانات_التقارير'!L8 | C32: ='بيانات_التقارير'!M8 | D32: ='بيانات_التقارير'!N8
B33: ='بيانات_التقارير'!L9 | C33: ='بيانات_التقارير'!M9 | D33: ='بيانات_التقارير'!N9
B34: ='بيانات_التقارير'!L10 | C34: ='بيانات_التقارير'!M10 | D34: ='بيانات_التقارير'!N10
B35: ='بيانات_التقارير'!L11 | C35: ='بيانات_التقارير'!M11 | D35: ='بيانات_التقارير'!N11
B36: ='بيانات_التقارير'!L12 | C36: ='بيانات_التقارير'!M12 | D36: ='بيانات_التقارير'!N12
B37: ='بيانات_التقارير'!L13 | C37: ='بيانات_التقارير'!M13 | D37: ='بيانات_التقارير'!N13
B38: ='بيانات_التقارير'!L14 | C38: ='بيانات_التقارير'!M14 | D38: ='بيانات_التقارير'!N14
B39: ='بيانات_التقارير'!L15 | C39: ='بيانات_التقارير'!M15 | D39: ='بيانات_التقارير'!N15
... B42: ='بيانات_التقارير'!L18 | C42: ='بيانات_التقارير'!M18 | D42: ='بيانات_التقارير'!N18

Sheet بيانات_التقارير
A1: شركة المتوكل — بيانات التقارير (تُحدَّث تلقائياً)
A2: لا تُعدّل هذه الصفحة يدوياً — تُغذّي لوحة التحكم والرسوم
A3: تاريخ | B3: الشهر | C3: الإيرادات | D3: المصروفات | E3: صافي الربح | F3: المتحصّلات | H3: الشركة | I3: النولون | J3: صافي الربح | L3: العميل | M3: إجمالي الفواتير | N3: المتبقي عليه | P3: بند المصروف | Q3: الإجمالي | S3: جهة المولدات | T3: إجمالي النولون | V3: المورد | W3: الرصيد
A4: =DATE(سنة_التقارير,1,1) | B4: يناير | C4: =SUMIFS('البوالص'!$L$4:$L$2203,'البوالص'!$B$4:$B$2203,">="&$A4,'البوالص'!$B$4:$B$2203,"<"&EDATE($A4,1))+SUMIFS('شامل'!$O$4:$O$2203,'شامل'!$B$4:$B$2203,">="&$A4,'شامل'!$B$4:$B$2203,"<"&EDATE($A4,1))+SUMIFS('التخليص'!$G$4:$G$2203,'التخليص'!$B$4:$B$2203,">="&$A4,'التخليص'!$B$4:$B$2203,"<"&EDATE($A4,1))+SUMIFS('مولدات ايجي كول'!$G$4:$G$2203,'مولدات ايجي كول'!$B$4:$B$2203,">="&$A4,'مولدات ايجي كول'!$B$4:$B$2203,"<"&EDATE($A4,1))+SUMIFS('مولدات الشجيع'!$G$4:$G$2203,'مولدات الشجيع'!$B$4:$B$2203,">="&$A4,'مولدات الشجيع'!$B$4:$B$2203,"<"&EDATE($A4,1)) | D4: =SUMIFS('البوالص'!$AF$4:$AF$2203,'البوالص'!$B$4:$B$2203,">="&$A4,'البوالص'!$B$4:$B$2203,"<"&EDATE($A4,1))+SUMIFS('شامل'!$T$4:$T$2203,'شامل'!$B$4:$B$2203,">="&$A4,'شامل'!$B$4:$B$2203,"<"&EDATE($A4,1))+SUMIFS('التخليص'!$F$4:$F$2203,'التخليص'!$B$4:$B$2203,">="&$A4,'التخليص'!$B$4:$B$2203,"<"&EDATE($A4,1)) | E4: =SUMIFS('شامل'!$U$4:$U$2203,'شامل'!$B$4:$B$2203,">="&$A4,'شامل'!$B$4:$B$2203,"<"&EDATE($A4,1))+SUMIFS('شامل'!$V$4:$V$2203,'شامل'!$B$4:$B$2203,">="&$A4,'شامل'!$B$4:$B$2203,"<"&EDATE($A4,1))+SUMIFS('البوالص'!$AH$4:$AH$2203,'البوالص'!$B$4:$B$2203,">="&$A4,'البوالص'!$B$4:$B$2203,"<"&EDATE($A4,1)) | F4: =SUMIFS('البوالص'!$Q$4:$Q$2203,'البوالص'!$B$4:$B$2203,">="&$A4,'البوالص'!$B$4:$B$2203,"<"&EDATE($A4,1))+SUMIFS('شامل'!$P$4:$P$2203,'شامل'!$B$4:$B$2203,">="&$A4,'شامل'!$B$4:$B$2203,"<"&EDATE($A4,1))+SUMIFS('التخليص'!$H$4:$H$2203,'التخليص'!$B$4:$B$2203,">="&$A4,'التخليص'!$B$4:$B$2203,"<"&EDATE($A4,1))+SUMIFS('مولدات ايجي كول'!$H$4:$H$2203,'مولدات ايجي كول'!$B$4:$B$2203,">="&$A4,'مولدات ايجي كول'!$B$4:$B$2203,"<"&EDATE($A4,1))+SUMIFS('مولدات الشجيع'!$H$4:$H$2203,'مولدات الشجيع'!$B$4:$B$2203,">="&$A4,'مولدات الشجيع'!$B$4:$B$2203,"<"&EDATE($A4,1)) | H4: =IF(الإعدادات!$E4="","",الإعدادات!$E4) | I4: =SUMIF('البوالص'!$F$4:$F$2203,الإعدادات!$E4,'البوالص'!$L$4:$L$2203)+SUMIF('شامل'!$G$4:$G$2203,الإعدادات!$E4,'شامل'!$J$4:$J$2203) | J4: =SUMIF('البوالص'!$F$4:$F$2203,الإعدادات!$E4,'البوالص'!$AH$4:$AH$2203)+SUMIF('شامل'!$G$4:$G$2203,الإعدادات!$E4,'شامل'!$U$4:$U$2203) | L4: =IF(الإعدادات!$I4="","",الإعدادات!$I4) | M4: =SUMIF('شامل'!$F$4:$F$2203,الإعدادات!$I4,'شامل'!$O$4:$O$2203) | N4: =SUMIF('شامل'!$F$4:$F$2203,الإعدادات!$I4,'شامل'!$Q$4:$Q$2203) | P4: دور سواق | Q4: =SUM('البوالص'!$T$4:$T$2203) | S4: ايجي كول | T4: =SUM('مولدات ايجي كول'!$G$4:$G$2203) | V4: =IF('أرصدة العملاء والموردين'!E4="","",'أرصدة العملاء والموردين'!E4) | W4: ='أرصدة العملاء والموردين'!F4
A5: =DATE(سنة_التقارير,2,1) | B5: فبراير | C5: =SUMIFS('البوالص'!$L$4:$L$2203,'البوالص'!$B$4:$B$2203,">="&$A5,'البوالص'!$B$4:$B$2203,"<"&EDATE($A5,1))+SUMIFS('شامل'!$O$4:$O$2203,'شامل'!$B$4:$B$2203,">="&$A5,'شامل'!$B$4:$B$2203,"<"&EDATE($A5,1))+SUMIFS('التخليص'!$G$4:$G$2203,'التخليص'!$B$4:$B$2203,">="&$A5,'التخليص'!$B$4:$B$2203,"<"&EDATE($A5,1))+SUMIFS('مولدات ايجي كول'!$G$4:$G$2203,'مولدات ايجي كول'!$B$4:$B$2203,">="&$A5,'مولدات ايجي كول'!$B$4:$B$2203,"<"&EDATE($A5,1))+SUMIFS('مولدات الشجيع'!$G$4:$G$2203,'مولدات الشجيع'!$B$4:$B$2203,">="&$A5,'مولدات الشجيع'!$B$4:$B$2203,"<"&EDATE($A5,1)) | D5: =SUMIFS('البوالص'!$AF$4:$AF$2203,'البوالص'!$B$4:$B$2203,">="&$A5,'البوالص'!$B$4:$B$2203,"<"&EDATE($A5,1))+SUMIFS('شامل'!$T$4:$T$2203,'شامل'!$B$4:$B$2203,">="&$A5,'شامل'!$B$4:$B$2203,"<"&EDATE($A5,1))+SUMIFS('التخليص'!$F$4:$F$2203,'التخليص'!$B$4:$B$2203,">="&$A5,'التخليص'!$B$4:$B$2203,"<"&EDATE($A5,1)) | E5: =SUMIFS('شامل'!$U$4:$U$2203,'شامل'!$B$4:$B$2203,">="&$A5,'شامل'!$B$4:$B$2203,"<"&EDATE($A5,1))+SUMIFS('شامل'!$V$4:$V$2203,'شامل'!$B$4:$B$2203,">="&$A5,'شامل'!$B$4:$B$2203,"<"&EDATE($A5,1))+SUMIFS('البوالص'!$AH$4:$AH$2203,'البوالص'!$B$4:$B$2203,">="&$A5,'البوالص'!$B$4:$B$2203,"<"&EDATE($A5,1)) | F5: =SUMIFS('البوالص'!$Q$4:$Q$2203,'البوالص'!$B$4:$B$2203,">="&$A5,'البوالص'!$B$4:$B$2203,"<"&EDATE($A5,1))+SUMIFS('شامل'!$P$4:$P$2203,'شامل'!$B$4:$B$2203,">="&$A5,'شامل'!$B$4:$B$2203,"<"&EDATE($A5,1))+SUMIFS('التخليص'!$H$4:$H$2203,'التخليص'!$B$4:$B$2203,">="&$A5,'التخليص'!$B$4:$B$2203,"<"&EDATE($A5,1))+SUMIFS('مولدات ايجي كول'!$H$4:$H$2203,'مولدات ايجي كول'!$B$4:$B$2203,">="&$A5,'مولدات ايجي كول'!$B$4:$B$2203,"<"&EDATE($A5,1))+SUMIFS('مولدات الشجيع'!$H$4:$H$2203,'مولدات الشجيع'!$B$4:$B$2203,">="&$A5,'مولدات الشجيع'!$B$4:$B$2203,"<"&EDATE($A5,1)) | H5: =IF(الإعدادات!$E5="","",الإعدادات!$E5) | I5: =SUMIF('البوالص'!$F$4:$F$2203,الإعدادات!$E5,'البوالص'!$L$4:$L$2203)+SUMIF('شامل'!$G$4:$G$2203,الإعدادات!$E5,'شامل'!$J$4:$J$2203) | J5: =SUMIF('البوالص'!$F$4:$F$2203,الإعدادات!$E5,'البوالص'!$AH$4:$AH$2203)+SUMIF('شامل'!$G$4:$G$2203,الإعدادات!$E5,'شامل'!$U$4:$U$2203) | L5: =IF(الإعدادات!$I5="","",الإعدادات!$I5) | M5: =SUMIF('شامل'!$F$4:$F$2203,الإعدادات!$I5,'شامل'!$O$4:$O$2203) | N5: =SUMIF('شامل'!$F$4:$F$2203,الإعدادات!$I5,'شامل'!$Q$4:$Q$2203) | P5: دور تبّاع | Q5: =SUM('البوالص'!$U$4:$U$2203) | S5: الشجيع | T5: =SUM('مولدات الشجيع'!$G$4:$G$2203) | V5: =IF('أرصدة العملاء والموردين'!E5="","",'أرصدة العملاء والموردين'!E5) | W5: ='أرصدة العملاء والموردين'!F5
A6: =DATE(سنة_التقارير,3,1) | B6: مارس | C6: =SUMIFS('البوالص'!$L$4:$L$2203,'البوالص'!$B$4:$B$2203,">="&$A6,'البوالص'!$B$4:$B$2203,"<"&EDATE($A6,1))+SUMIFS('شامل'!$O$4:$O$2203,'شامل'!$B$4:$B$2203,">="&$A6,'شامل'!$B$4:$B$2203,"<"&EDATE($A6,1))+SUMIFS('التخليص'!$G$4:$G$2203,'التخليص'!$B$4:$B$2203,">="&$A6,'التخليص'!$B$4:$B$2203,"<"&EDATE($A6,1))+SUMIFS('مولدات ايجي كول'!$G$4:$G$2203,'مولدات ايجي كول'!$B$4:$B$2203,">="&$A6,'مولدات ايجي كول'!$B$4:$B$2203,"<"&EDATE($A6,1))+SUMIFS('مولدات الشجيع'!$G$4:$G$2203,'مولدات الشجيع'!$B$4:$B$2203,">="&$A6,'مولدات الشجيع'!$B$4:$B$2203,"<"&EDATE($A6,1)) | D6: =SUMIFS('البوالص'!$AF$4:$AF$2203,'البوالص'!$B$4:$B$2203,">="&$A6,'البوالص'!$B$4:$B$2203,"<"&EDATE($A6,1))+SUMIFS('شامل'!$T$4:$T$2203,'شامل'!$B$4:$B$2203,">="&$A6,'شامل'!$B$4:$B$2203,"<"&EDATE($A6,1))+SUMIFS('التخليص'!$F$4:$F$2203,'التخليص'!$B$4:$B$2203,">="&$A6,'التخليص'!$B$4:$B$2203,"<"&EDATE($A6,1)) | E6: =SUMIFS('شامل'!$U$4:$U$2203,'شامل'!$B$4:$B$2203,">="&$A6,'شامل'!$B$4:$B$2203,"<"&EDATE($A6,1))+SUMIFS('شامل'!$V$4:$V$2203,'شامل'!$B$4:$B$2203,">="&$A6,'شامل'!$B$4:$B$2203,"<"&EDATE($A6,1))+SUMIFS('البوالص'!$AH$4:$AH$2203,'البوالص'!$B$4:$B$2203,">="&$A6,'البوالص'!$B$4:$B$2203,"<"&EDATE($A6,1)) | F6: =SUMIFS('البوالص'!$Q$4:$Q$2203,'البوالص'!$B$4:$B$2203,">="&$A6,'البوالص'!$B$4:$B$2203,"<"&EDATE($A6,1))+SUMIFS('شامل'!$P$4:$P$2203,'شامل'!$B$4:$B$2203,">="&$A6,'شامل'!$B$4:$B$2203,"<"&EDATE($A6,1))+SUMIFS('التخليص'!$H$4:$H$2203,'التخليص'!$B$4:$B$2203,">="&$A6,'التخليص'!$B$4:$B$2203,"<"&EDATE($A6,1))+SUMIFS('مولدات ايجي كول'!$H$4:$H$2203,'مولدات ايجي كول'!$B$4:$B$2203,">="&$A6,'مولدات ايجي كول'!$B$4:$B$2203,"<"&EDATE($A6,1))+SUMIFS('مولدات الشجيع'!$H$4:$H$2203,'مولدات الشجيع'!$B$4:$B$2203,">="&$A6,'مولدات الشجيع'!$B$4:$B$2203,"<"&EDATE($A6,1)) | H6: =IF(الإعدادات!$E6="","",الإعدادات!$E6) | I6: =SUMIF('البوالص'!$F$4:$F$2203,الإعدادات!$E6,'البوالص'!$L$4:$L$2203)+SUMIF('شامل'!$G$4:$G$2203,الإعدادات!$E6,'شامل'!$J$4:$J$2203) | J6: =SUMIF('البوالص'!$F$4:$F$2203,الإعدادات!$E6,'البوالص'!$AH$4:$AH$2203)+SUMIF('شامل'!$G$4:$G$2203,الإعدادات!$E6,'شامل'!$U$4:$U$2203) | L6: =IF(الإعدادات!$I6="","",الإعدادات!$I6) | M6: =SUMIF('شامل'!$F$4:$F$2203,الإعدادات!$I6,'شامل'!$O$4:$O$2203) | N6: =SUMIF('شامل'!$F$4:$F$2203,الإعدادات!$I6,'شامل'!$Q$4:$Q$2203) | P6: بياتة (مصروف) | Q6: =SUM('البوالص'!$V$4:$V$2203) | V6: =IF('أرصدة العملاء والموردين'!E6="","",'أرصدة العملاء والموردين'!E6) | W6: ='أرصدة العملاء والموردين'!F6
A7: =DATE(سنة_التقارير,4,1) | B7: أبريل | C7: =SUMIFS('البوالص'!$L$4:$L$2203,'البوالص'!$B$4:$B$2203,">="&$A7,'البوالص'!$B$4:$B$2203,"<"&EDATE($A7,1))+SUMIFS('شامل'!$O$4:$O$2203,'شامل'!$B$4:$B$2203,">="&$A7,'شامل'!$B$4:$B$2203,"<"&EDATE($A7,1))+SUMIFS('التخليص'!$G$4:$G$2203,'التخليص'!$B$4:$B$2203,">="&$A7,'التخليص'!$B$4:$B$2203,"<"&EDATE($A7,1))+SUMIFS('مولدات ايجي كول'!$G$4:$G$2203,'مولدات ايجي كول'!$B$4:$B$2203,">="&$A7,'مولدات ايجي كول'!$B$4:$B$2203,"<"&EDATE($A7,1))+SUMIFS('مولدات الشجيع'!$G$4:$G$2203,'مولدات الشجيع'!$B$4:$B$2203,">="&$A7,'مولدات الشجيع'!$B$4:$B$2203,"<"&EDATE($A7,1)) | D7: =SUMIFS('البوالص'!$AF$4:$AF$2203,'البوالص'!$B$4:$B$2203,">="&$A7,'البوالص'!$B$4:$B$2203,"<"&EDATE($A7,1))+SUMIFS('شامل'!$T$4:$T$2203,'شامل'!$B$4:$B$2203,">="&$A7,'شامل'!$B$4:$B$2203,"<"&EDATE($A7,1))+SUMIFS('التخليص'!$F$4:$F$2203,'التخليص'!$B$4:$B$2203,">="&$A7,'التخليص'!$B$4:$B$2203,"<"&EDATE($A7,1)) | E7: =SUMIFS('شامل'!$U$4:$U$2203,'شامل'!$B$4:$B$2203,">="&$A7,'شامل'!$B$4:$B$2203,"<"&EDATE($A7,1))+SUMIFS('شامل'!$V$4:$V$2203,'شامل'!$B$4:$B$2203,">="&$A7,'شامل'!$B$4:$B$2203,"<"&EDATE($A7,1))+SUMIFS('البوالص'!$AH$4:$AH$2203,'البوالص'!$B$4:$B$2203,">="&$A7,'البوالص'!$B$4:$B$2203,"<"&EDATE($A7,1)) | F7: =SUMIFS('البوالص'!$Q$4:$Q$2203,'البوالص'!$B$4:$B$2203,">="&$A7,'البوالص'!$B$4:$B$2203,"<"&EDATE($A7,1))+SUMIFS('شامل'!$P$4:$P$2203,'شامل'!$B$4:$B$2203,">="&$A7,'شامل'!$B$4:$B$2203,"<"&EDATE($A7,1))+SUMIFS('التخليص'!$H$4:$H$2203,'التخليص'!$B$4:$B$2203,">="&$A7,'التخليص'!$B$4:$B$2203,"<"&EDATE($A7,1))+SUMIFS('مولدات ايجي كول'!$H$4:$H$2203,'مولدات ايجي كول'!$B$4:$B$2203,">="&$A7,'مولدات ايجي كول'!$B$4:$B$2203,"<"&EDATE($A7,1))+SUMIFS('مولدات الشجيع'!$H$4:$H$2203,'مولدات الشجيع'!$B$4:$B$2203,">="&$A7,'مولدات الشجيع'!$B$4:$B$2203,"<"&EDATE($A7,1)) | H7: =IF(الإعدادات!$E7="","",الإعدادات!$E7) | I7: =SUMIF('البوالص'!$F$4:$F$2203,الإعدادات!$E7,'البوالص'!$L$4:$L$2203)+SUMIF('شامل'!$G$4:$G$2203,الإعدادات!$E7,'شامل'!$J$4:$J$2203) | J7: =SUMIF('البوالص'!$F$4:$F$2203,الإعدادات!$E7,'البوالص'!$AH$4:$AH$2203)+SUMIF('شامل'!$G$4:$G$2203,الإعدادات!$E7,'شامل'!$U$4:$U$2203) | L7: =IF(الإعدادات!$I7="","",الإعدادات!$I7) | M7: =SUMIF('شامل'!$F$4:$F$2203,الإعدادات!$I7,'شامل'!$O$4:$O$2203) | N7: =SUMIF('شامل'!$F$4:$F$2203,الإعدادات!$I7,'شامل'!$Q$4:$Q$2203) | P7: مصروف | Q7: =SUM('البوالص'!$W$4:$W$2203) | V7: =IF('أرصدة العملاء والموردين'!E7="","",'أرصدة العملاء والموردين'!E7) | W7: ='أرصدة العملاء والموردين'!F7
A8: =DATE(سنة_التقارير,5,1) | B8: مايو | C8: =SUMIFS('البوالص'!$L$4:$L$2203,'البوالص'!$B$4:$B$2203,">="&$A8,'البوالص'!$B$4:$B$2203,"<"&EDATE($A8,1))+SUMIFS('شامل'!$O$4:$O$2203,'شامل'!$B$4:$B$2203,">="&$A8,'شامل'!$B$4:$B$2203,"<"&EDATE($A8,1))+SUMIFS('التخليص'!$G$4:$G$2203,'التخليص'!$B$4:$B$2203,">="&$A8,'التخليص'!$B$4:$B$2203,"<"&EDATE($A8,1))+SUMIFS('مولدات ايجي كول'!$G$4:$G$2203,'مولدات ايجي كول'!$B$4:$B$2203,">="&$A8,'مولدات ايجي كول'!$B$4:$B$2203,"<"&EDATE($A8,1))+SUMIFS('مولدات الشجيع'!$G$4:$G$2203,'مولدات الشجيع'!$B$4:$B$2203,">="&$A8,'مولدات الشجيع'!$B$4:$B$2203,"<"&EDATE($A8,1)) | D8: =SUMIFS('البوالص'!$AF$4:$AF$2203,'البوالص'!$B$4:$B$2203,">="&$A8,'البوالص'!$B$4:$B$2203,"<"&EDATE($A8,1))+SUMIFS('شامل'!$T$4:$T$2203,'شامل'!$B$4:$B$2203,">="&$A8,'شامل'!$B$4:$B$2203,"<"&EDATE($A8,1))+SUMIFS('التخليص'!$F$4:$F$2203,'التخليص'!$B$4:$B$2203,">="&$A8,'التخليص'!$B$4:$B$2203,"<"&EDATE($A8,1)) | E8: =SUMIFS('شامل'!$U$4:$U$2203,'شامل'!$B$4:$B$2203,">="&$A8,'شامل'!$B$4:$B$2203,"<"&EDATE($A8,1))+SUMIFS('شامل'!$V$4:$V$2203,'شامل'!$B$4:$B$2203,">="&$A8,'شامل'!$B$4:$B$2203,"<"&EDATE($A8,1))+SUMIFS('البوالص'!$AH$4:$AH$2203,'البوالص'!$B$4:$B$2203,">="&$A8,'البوالص'!$B$4:$B$2203,"<"&EDATE($A8,1)) | F8: =SUMIFS('البوالص'!$Q$4:$Q$2203,'البوالص'!$B$4:$B$2203,">="&$A8,'البوالص'!$B$4:$B$2203,"<"&EDATE($A8,1))+SUMIFS('شامل'!$P$4:$P$2203,'شامل'!$B$4:$B$2203,">="&$A8,'شامل'!$B$4:$B$2203,"<"&EDATE($A8,1))+SUMIFS('التخليص'!$H$4:$H$2203,'التخليص'!$B$4:$B$2203,">="&$A8,'التخليص'!$B$4:$B$2203,"<"&EDATE($A8,1))+SUMIFS('مولدات ايجي كول'!$H$4:$H$2203,'مولدات ايجي كول'!$B$4:$B$2203,">="&$A8,'مولدات ايجي كول'!$B$4:$B$2203,"<"&EDATE($A8,1))+SUMIFS('مولدات الشجيع'!$H$4:$H$2203,'مولدات الشجيع'!$B$4:$B$2203,">="&$A8,'مولدات الشجيع'!$B$4:$B$2203,"<"&EDATE($A8,1)) | H8: =IF(الإعدادات!$E8="","",الإعدادات!$E8) | I8: =SUMIF('البوالص'!$F$4:$F$2203,الإعدادات!$E8,'البوالص'!$L$4:$L$2203)+SUMIF('شامل'!$G$4:$G$2203,الإعدادات!$E8,'شامل'!$J$4:$J$2203) | J8: =SUMIF('البوالص'!$F$4:$F$2203,الإعدادات!$E8,'البوالص'!$AH$4:$AH$2203)+SUMIF('شامل'!$G$4:$G$2203,الإعدادات!$E8,'شامل'!$U$4:$U$2203) | L8: =IF(الإعدادات!$I8="","",الإعدادات!$I8) | M8: =SUMIF('شامل'!$F$4:$F$2203,الإعدادات!$I8,'شامل'!$O$4:$O$2203) | N8: =SUMIF('شامل'!$F$4:$F$2203,الإعدادات!$I8,'شامل'!$Q$4:$Q$2203) | P8: كرتات | Q8: =SUM('البوالص'!$X$4:$X$2203) | V8: =IF('أرصدة العملاء والموردين'!E8="","",'أرصدة العملاء والموردين'!E8) | W8: ='أرصدة العملاء والموردين'!F8
A9: =DATE(سنة_التقارير,6,1) | B9: يونيو | C9: =SUMIFS('البوالص'!$L$4:$L$2203,'البوالص'!$B$4:$B$2203,">="&$A9,'البوالص'!$B$4:$B$2203,"<"&EDATE($A9,1))+SUMIFS('شامل'!$O$4:$O$2203,'شامل'!$B$4:$B$2203,">="&$A9,'شامل'!$B$4:$B$2203,"<"&EDATE($A9,1))+SUMIFS('التخليص'!$G$4:$G$2203,'التخليص'!$B$4:$B$2203,">="&$A9,'التخليص'!$B$4:$B$2203,"<"&EDATE($A9,1))+SUMIFS('مولدات ايجي كول'!$G$4:$G$2203,'مولدات ايجي كول'!$B$4:$B$2203,">="&$A9,'مولدات ايجي كول'!$B$4:$B$2203,"<"&EDATE($A9,1))+SUMIFS('مولدات الشجيع'!$G$4:$G$2203,'مولدات الشجيع'!$B$4:$B$2203,">="&$A9,'مولدات الشجيع'!$B$4:$B$2203,"<"&EDATE($A9,1)) | D9: =SUMIFS('البوالص'!$AF$4:$AF$2203,'البوالص'!$B$4:$B$2203,">="&$A9,'البوالص'!$B$4:$B$2203,"<"&EDATE($A9,1))+SUMIFS('شامل'!$T$4:$T$2203,'شامل'!$B$4:$B$2203,">="&$A9,'شامل'!$B$4:$B$2203,"<"&EDATE($A9,1))+SUMIFS('التخليص'!$F$4:$F$2203,'التخليص'!$B$4:$B$2203,">="&$A9,'التخليص'!$B$4:$B$2203,"<"&EDATE($A9,1)) | E9: =SUMIFS('شامل'!$U$4:$U$2203,'شامل'!$B$4:$B$2203,">="&$A9,'شامل'!$B$4:$B$2203,"<"&EDATE($A9,1))+SUMIFS('شامل'!$V$4:$V$2203,'شامل'!$B$4:$B$2203,">="&$A9,'شامل'!$B$4:$B$2203,"<"&EDATE($A9,1))+SUMIFS('البوالص'!$AH$4:$AH$2203,'البوالص'!$B$4:$B$2203,">="&$A9,'البوالص'!$B$4:$B$2203,"<"&EDATE($A9,1)) | F9: =SUMIFS('البوالص'!$Q$4:$Q$2203,'البوالص'!$B$4:$B$2203,">="&$A9,'البوالص'!$B$4:$B$2203,"<"&EDATE($A9,1))+SUMIFS('شامل'!$P$4:$P$2203,'شامل'!$B$4:$B$2203,">="&$A9,'شامل'!$B$4:$B$2203,"<"&EDATE($A9,1))+SUMIFS('التخليص'!$H$4:$H$2203,'التخليص'!$B$4:$B$2203,">="&$A9,'التخليص'!$B$4:$B$2203,"<"&EDATE($A9,1))+SUMIFS('مولدات ايجي كول'!$H$4:$H$2203,'مولدات ايجي كول'!$B$4:$B$2203,">="&$A9,'مولدات ايجي كول'!$B$4:$B$2203,"<"&EDATE($A9,1))+SUMIFS('مولدات الشجيع'!$H$4:$H$2203,'مولدات الشجيع'!$B$4:$B$2203,">="&$A9,'مولدات الشجيع'!$B$4:$B$2203,"<"&EDATE($A9,1)) | H9: =IF(الإعدادات!$E9="","",الإعدادات!$E9) | I9: =SUMIF('البوالص'!$F$4:$F$2203,الإعدادات!$E9,'البوالص'!$L$4:$L$2203)+SUMIF('شامل'!$G$4:$G$2203,الإعدادات!$E9,'شامل'!$J$4:$J$2203) | J9: =SUMIF('البوالص'!$F$4:$F$2203,الإعدادات!$E9,'البوالص'!$AH$4:$AH$2203)+SUMIF('شامل'!$G$4:$G$2203,الإعدادات!$E9,'شامل'!$U$4:$U$2203) | L9: =IF(الإعدادات!$I9="","",الإعدادات!$I9) | M9: =SUMIF('شامل'!$F$4:$F$2203,الإعدادات!$I9,'شامل'!$O$4:$O$2203) | N9: =SUMIF('شامل'!$F$4:$F$2203,الإعدادات!$I9,'شامل'!$Q$4:$Q$2203) | P9: تحيا مصر | Q9: =SUM('البوالص'!$Y$4:$Y$2203) | V9: =IF('أرصدة العملاء والموردين'!E9="","",'أرصدة العملاء والموردين'!E9) | W9: ='أرصدة العملاء والموردين'!F9
A10: =DATE(سنة_التقارير,7,1) | B10: يوليو | C10: =SUMIFS('البوالص'!$L$4:$L$2203,'البوالص'!$B$4:$B$2203,">="&$A10,'البوالص'!$B$4:$B$2203,"<"&EDATE($A10,1))+SUMIFS('شامل'!$O$4:$O$2203,'شامل'!$B$4:$B$2203,">="&$A10,'شامل'!$B$4:$B$2203,"<"&EDATE($A10,1))+SUMIFS('التخليص'!$G$4:$G$2203,'التخليص'!$B$4:$B$2203,">="&$A10,'التخليص'!$B$4:$B$2203,"<"&EDATE($A10,1))+SUMIFS('مولدات ايجي كول'!$G$4:$G$2203,'مولدات ايجي كول'!$B$4:$B$2203,">="&$A10,'مولدات ايجي كول'!$B$4:$B$2203,"<"&EDATE($A10,1))+SUMIFS('مولدات الشجيع'!$G$4:$G$2203,'مولدات الشجيع'!$B$4:$B$2203,">="&$A10,'مولدات الشجيع'!$B$4:$B$2203,"<"&EDATE($A10,1)) | D10: =SUMIFS('البوالص'!$AF$4:$AF$2203,'البوالص'!$B$4:$B$2203,">="&$A10,'البوالص'!$B$4:$B$2203,"<"&EDATE($A10,1))+SUMIFS('شامل'!$T$4:$T$2203,'شامل'!$B$4:$B$2203,">="&$A10,'شامل'!$B$4:$B$2203,"<"&EDATE($A10,1))+SUMIFS('التخليص'!$F$4:$F$2203,'التخليص'!$B$4:$B$2203,">="&$A10,'التخليص'!$B$4:$B$2203,"<"&EDATE($A10,1)) | E10: =SUMIFS('شامل'!$U$4:$U$2203,'شامل'!$B$4:$B$2203,">="&$A10,'شامل'!$B$4:$B$2203,"<"&EDATE($A10,1))+SUMIFS('شامل'!$V$4:$V$2203,'شامل'!$B$4:$B$2203,">="&$A10,'شامل'!$B$4:$B$2203,"<"&EDATE($A10,1))+SUMIFS('البوالص'!$AH$4:$AH$2203,'البوالص'!$B$4:$B$2203,">="&$A10,'البوالص'!$B$4:$B$2203,"<"&EDATE($A10,1)) | F10: =SUMIFS('البوالص'!$Q$4:$Q$2203,'البوالص'!$B$4:$B$2203,">="&$A10,'البوالص'!$B$4:$B$2203,"<"&EDATE($A10,1))+SUMIFS('شامل'!$P$4:$P$2203,'شامل'!$B$4:$B$2203,">="&$A10,'شامل'!$B$4:$B$2203,"<"&EDATE($A10,1))+SUMIFS('التخليص'!$H$4:$H$2203,'التخليص'!$B$4:$B$2203,">="&$A10,'التخليص'!$B$4:$B$2203,"<"&EDATE($A10,1))+SUMIFS('مولدات ايجي كول'!$H$4:$H$2203,'مولدات ايجي كول'!$B$4:$B$2203,">="&$A10,'مولدات ايجي كول'!$B$4:$B$2203,"<"&EDATE($A10,1))+SUMIFS('مولدات الشجيع'!$H$4:$H$2203,'مولدات الشجيع'!$B$4:$B$2203,">="&$A10,'مولدات الشجيع'!$B$4:$B$2203,"<"&EDATE($A10,1)) | H10: =IF(الإعدادات!$E10="","",الإعدادات!$E10) | I10: =SUMIF('البوالص'!$F$4:$F$2203,الإعدادات!$E10,'البوالص'!$L$4:$L$2203)+SUMIF('شامل'!$G$4:$G$2203,الإعدادات!$E10,'شامل'!$J$4:$J$2203) | J10: =SUMIF('البوالص'!$F$4:$F$2203,الإعدادات!$E10,'البوالص'!$AH$4:$AH$2203)+SUMIF('شامل'!$G$4:$G$2203,الإعدادات!$E10,'شامل'!$U$4:$U$2203) | L10: =IF(الإعدادات!$I10="","",الإعدادات!$I10) | M10: =SUMIF('شامل'!$F$4:$F$2203,الإعدادات!$I10,'شامل'!$O$4:$O$2203) | N10: =SUMIF('شامل'!$F$4:$F$2203,الإعدادات!$I10,'شامل'!$Q$4:$Q$2203) | P10: ثبتان | Q10: =SUM('البوالص'!$Z$4:$Z$2203) | V10: =IF('أرصدة العملاء والموردين'!E10="","",'أرصدة العملاء والموردين'!E10) | W10: ='أرصدة العملاء والموردين'!F10
A11: =DATE(سنة_التقارير,8,1) | B11: أغسطس | C11: =SUMIFS('البوالص'!$L$4:$L$2203,'البوالص'!$B$4:$B$2203,">="&$A11,'البوالص'!$B$4:$B$2203,"<"&EDATE($A11,1))+SUMIFS('شامل'!$O$4:$O$2203,'شامل'!$B$4:$B$2203,">="&$A11,'شامل'!$B$4:$B$2203,"<"&EDATE($A11,1))+SUMIFS('التخليص'!$G$4:$G$2203,'التخليص'!$B$4:$B$2203,">="&$A11,'التخليص'!$B$4:$B$2203,"<"&EDATE($A11,1))+SUMIFS('مولدات ايجي كول'!$G$4:$G$2203,'مولدات ايجي كول'!$B$4:$B$2203,">="&$A11,'مولدات ايجي كول'!$B$4:$B$2203,"<"&EDATE($A11,1))+SUMIFS('مولدات الشجيع'!$G$4:$G$2203,'مولدات الشجيع'!$B$4:$B$2203,">="&$A11,'مولدات الشجيع'!$B$4:$B$2203,"<"&EDATE($A11,1)) | D11: =SUMIFS('البوالص'!$AF$4:$AF$2203,'البوالص'!$B$4:$B$2203,">="&$A11,'البوالص'!$B$4:$B$2203,"<"&EDATE($A11,1))+SUMIFS('شامل'!$T$4:$T$2203,'شامل'!$B$4:$B$2203,">="&$A11,'شامل'!$B$4:$B$2203,"<"&EDATE($A11,1))+SUMIFS('التخليص'!$F$4:$F$2203,'التخليص'!$B$4:$B$2203,">="&$A11,'التخليص'!$B$4:$B$2203,"<"&EDATE($A11,1)) | E11: =SUMIFS('شامل'!$U$4:$U$2203,'شامل'!$B$4:$B$2203,">="&$A11,'شامل'!$B$4:$B$2203,"<"&EDATE($A11,1))+SUMIFS('شامل'!$V$4:$V$2203,'شامل'!$B$4:$B$2203,">="&$A11,'شامل'!$B$4:$B$2203,"<"&EDATE($A11,1))+SUMIFS('البوالص'!$AH$4:$AH$2203,'البوالص'!$B$4:$B$2203,">="&$A11,'البوالص'!$B$4:$B$2203,"<"&EDATE($A11,1)) | F11: =SUMIFS('البوالص'!$Q$4:$Q$2203,'البوالص'!$B$4:$B$2203,">="&$A11,'البوالص'!$B$4:$B$2203,"<"&EDATE($A11,1))+SUMIFS('شامل'!$P$4:$P$2203,'شامل'!$B$4:$B$2203,">="&$A11,'شامل'!$B$4:$B$2203,"<"&EDATE($A11,1))+SUMIFS('التخليص'!$H$4:$H$2203,'التخليص'!$B$4:$B$2203,">="&$A11,'التخليص'!$B$4:$B$2203,"<"&EDATE($A11,1))+SUMIFS('مولدات ايجي كول'!$H$4:$H$2203,'مولدات ايجي كول'!$B$4:$B$2203,">="&$A11,'مولدات ايجي كول'!$B$4:$B$2203,"<"&EDATE($A11,1))+SUMIFS('مولدات الشجيع'!$H$4:$H$2203,'مولدات الشجيع'!$B$4:$B$2203,">="&$A11,'مولدات الشجيع'!$B$4:$B$2203,"<"&EDATE($A11,1)) | H11: =IF(الإعدادات!$E11="","",الإعدادات!$E11) | I11: =SUMIF('البوالص'!$F$4:$F$2203,الإعدادات!$E11,'البوالص'!$L$4:$L$2203)+SUMIF('شامل'!$G$4:$G$2203,الإعدادات!$E11,'شامل'!$J$4:$J$2203) | J11: =SUMIF('البوالص'!$F$4:$F$2203,الإعدادات!$E11,'البوالص'!$AH$4:$AH$2203)+SUMIF('شامل'!$G$4:$G$2203,الإعدادات!$E11,'شامل'!$U$4:$U$2203) | L11: =IF(الإعدادات!$I11="","",الإعدادات!$I11) | M11: =SUMIF('شامل'!$F$4:$F$2203,الإعدادات!$I11,'شامل'!$O$4:$O$2203) | N11: =SUMIF('شامل'!$F$4:$F$2203,الإعدادات!$I11,'شامل'!$Q$4:$Q$2203) | P11: ظ كاوتش | Q11: =SUM('البوالص'!$AA$4:$AA$2203) | V11: =IF('أرصدة العملاء والموردين'!E11="","",'أرصدة العملاء والموردين'!E11) | W11: ='أرصدة العملاء والموردين'!F11
A12: =DATE(سنة_التقارير,9,1) | B12: سبتمبر | C12: =SUMIFS('البوالص'!$L$4:$L$2203,'البوالص'!$B$4:$B$2203,">="&$A12,'البوالص'!$B$4:$B$2203,"<"&EDATE($A12,1))+SUMIFS('شامل'!$O$4:$O$2203,'شامل'!$B$4:$B$2203,">="&$A12,'شامل'!$B$4:$B$2203,"<"&EDATE($A12,1))+SUMIFS('التخليص'!$G$4:$G$2203,'التخليص'!$B$4:$B$2203,">="&$A12,'التخليص'!$B$4:$B$2203,"<"&EDATE($A12,1))+SUMIFS('مولدات ايجي كول'!$G$4:$G$2203,'مولدات ايجي كول'!$B$4:$B$2203,">="&$A12,'مولدات ايجي كول'!$B$4:$B$2203,"<"&EDATE($A12,1))+SUMIFS('مولدات الشجيع'!$G$4:$G$2203,'مولدات الشجيع'!$B$4:$B$2203,">="&$A12,'مولدات الشجيع'!$B$4:$B$2203,"<"&EDATE($A12,1)) | D12: =SUMIFS('البوالص'!$AF$4:$AF$2203,'البوالص'!$B$4:$B$2203,">="&$A12,'البوالص'!$B$4:$B$2203,"<"&EDATE($A12,1))+SUMIFS('شامل'!$T$4:$T$2203,'شامل'!$B$4:$B$2203,">="&$A12,'شامل'!$B$4:$B$2203,"<"&EDATE($A12,1))+SUMIFS('التخليص'!$F$4:$F$2203,'التخليص'!$B$4:$B$2203,">="&$A12,'التخليص'!$B$4:$B$2203,"<"&EDATE($A12,1)) | E12: =SUMIFS('شامل'!$U$4:$U$2203,'شامل'!$B$4:$B$2203,">="&$A12,'شامل'!$B$4:$B$2203,"<"&EDATE($A12,1))+SUMIFS('شامل'!$V$4:$V$2203,'شامل'!$B$4:$B$2203,">="&$A12,'شامل'!$B$4:$B$2203,"<"&EDATE($A12,1))+SUMIFS('البوالص'!$AH$4:$AH$2203,'البوالص'!$B$4:$B$2203,">="&$A12,'البوالص'!$B$4:$B$2203,"<"&EDATE($A12,1)) | F12: =SUMIFS('البوالص'!$Q$4:$Q$2203,'البوالص'!$B$4:$B$2203,">="&$A12,'البوالص'!$B$4:$B$2203,"<"&EDATE($A12,1))+SUMIFS('شامل'!$P$4:$P$2203,'شامل'!$B$4:$B$2203,">="&$A12,'شامل'!$B$4:$B$2203,"<"&EDATE($A12,1))+SUMIFS('التخليص'!$H$4:$H$2203,'التخليص'!$B$4:$B$2203,">="&$A12,'التخليص'!$B$4:$B$2203,"<"&EDATE($A12,1))+SUMIFS('مولدات ايجي كول'!$H$4:$H$2203,'مولدات ايجي كول'!$B$4:$B$2203,">="&$A12,'مولدات ايجي كول'!$B$4:$B$2203,"<"&EDATE($A12,1))+SUMIFS('مولدات الشجيع'!$H$4:$H$2203,'مولدات الشجيع'!$B$4:$B$2203,">="&$A12,'مولدات الشجيع'!$B$4:$B$2203,"<"&EDATE($A12,1)) | H12: =IF(الإعدادات!$E12="","",الإعدادات!$E12) | I12: =SUMIF('البوالص'!$F$4:$F$2203,الإعدادات!$E12,'البوالص'!$L$4:$L$2203)+SUMIF('شامل'!$G$4:$G$2203,الإعدادات!$E12,'شامل'!$J$4:$J$2203) | J12: =SUMIF('البوالص'!$F$4:$F$2203,الإعدادات!$E12,'البوالص'!$AH$4:$AH$2203)+SUMIF('شامل'!$G$4:$G$2203,الإعدادات!$E12,'شامل'!$U$4:$U$2203) | L12: =IF(الإعدادات!$I12="","",الإعدادات!$I12) | M12: =SUMIF('شامل'!$F$4:$F$2203,الإعدادات!$I12,'شامل'!$O$4:$O$2203) | N12: =SUMIF('شامل'!$F$4:$F$2203,الإعدادات!$I12,'شامل'!$Q$4:$Q$2203) | P12: تصاريح | Q12: =SUM('البوالص'!$AB$4:$AB$2203) | V12: =IF('أرصدة العملاء والموردين'!E12="","",'أرصدة العملاء والموردين'!E12) | W12: ='أرصدة العملاء والموردين'!F12
A13: =DATE(سنة_التقارير,10,1) | B13: أكتوبر | C13: =SUMIFS('البوالص'!$L$4:$L$2203,'البوالص'!$B$4:$B$2203,">="&$A13,'البوالص'!$B$4:$B$2203,"<"&EDATE($A13,1))+SUMIFS('شامل'!$O$4:$O$2203,'شامل'!$B$4:$B$2203,">="&$A13,'شامل'!$B$4:$B$2203,"<"&EDATE($A13,1))+SUMIFS('التخليص'!$G$4:$G$2203,'التخليص'!$B$4:$B$2203,">="&$A13,'التخليص'!$B$4:$B$2203,"<"&EDATE($A13,1))+SUMIFS('مولدات ايجي كول'!$G$4:$G$2203,'مولدات ايجي كول'!$B$4:$B$2203,">="&$A13,'مولدات ايجي كول'!$B$4:$B$2203,"<"&EDATE($A13,1))+SUMIFS('مولدات الشجيع'!$G$4:$G$2203,'مولدات الشجيع'!$B$4:$B$2203,">="&$A13,'مولدات الشجيع'!$B$4:$B$2203,"<"&EDATE($A13,1)) | D13: =SUMIFS('البوالص'!$AF$4:$AF$2203,'البوالص'!$B$4:$B$2203,">="&$A13,'البوالص'!$B$4:$B$2203,"<"&EDATE($A13,1))+SUMIFS('شامل'!$T$4:$T$2203,'شامل'!$B$4:$B$2203,">="&$A13,'شامل'!$B$4:$B$2203,"<"&EDATE($A13,1))+SUMIFS('التخليص'!$F$4:$F$2203,'التخليص'!$B$4:$B$2203,">="&$A13,'التخليص'!$B$4:$B$2203,"<"&EDATE($A13,1)) | E13: =SUMIFS('شامل'!$U$4:$U$2203,'شامل'!$B$4:$B$2203,">="&$A13,'شامل'!$B$4:$B$2203,"<"&EDATE($A13,1))+SUMIFS('شامل'!$V$4:$V$2203,'شامل'!$B$4:$B$2203,">="&$A13,'شامل'!$B$4:$B$2203,"<"&EDATE($A13,1))+SUMIFS('البوالص'!$AH$4:$AH$2203,'البوالص'!$B$4:$B$2203,">="&$A13,'البوالص'!$B$4:$B$2203,"<"&EDATE($A13,1)) | F13: =SUMIFS('البوالص'!$Q$4:$Q$2203,'البوالص'!$B$4:$B$2203,">="&$A13,'البوالص'!$B$4:$B$2203,"<"&EDATE($A13,1))+SUMIFS('شامل'!$P$4:$P$2203,'شامل'!$B$4:$B$2203,">="&$A13,'شامل'!$B$4:$B$2203,"<"&EDATE($A13,1))+SUMIFS('التخليص'!$H$4:$H$2203,'التخليص'!$B$4:$B$2203,">="&$A13,'التخليص'!$B$4:$B$2203,"<"&EDATE($A13,1))+SUMIFS('مولدات ايجي كول'!$H$4:$H$2203,'مولدات ايجي كول'!$B$4:$B$2203,">="&$A13,'مولدات ايجي كول'!$B$4:$B$2203,"<"&EDATE($A13,1))+SUMIFS('مولدات الشجيع'!$H$4:$H$2203,'مولدات الشجيع'!$B$4:$B$2203,">="&$A13,'مولدات الشجيع'!$B$4:$B$2203,"<"&EDATE($A13,1)) | H13: =IF(الإعدادات!$E13="","",الإعدادات!$E13) | I13: =SUMIF('البوالص'!$F$4:$F$2203,الإعدادات!$E13,'البوالص'!$L$4:$L$2203)+SUMIF('شامل'!$G$4:$G$2203,الإعدادات!$E13,'شامل'!$J$4:$J$2203) | J13: =SUMIF('البوالص'!$F$4:$F$2203,الإعدادات!$E13,'البوالص'!$AH$4:$AH$2203)+SUMIF('شامل'!$G$4:$G$2203,الإعدادات!$E13,'شامل'!$U$4:$U$2203) | L13: =IF(الإعدادات!$I13="","",الإعدادات!$I13) | M13: =SUMIF('شامل'!$F$4:$F$2203,الإعدادات!$I13,'شامل'!$O$4:$O$2203) | N13: =SUMIF('شامل'!$F$4:$F$2203,الإعدادات!$I13,'شامل'!$Q$4:$Q$2203) | P13: كاوتش | Q13: =SUM('البوالص'!$AC$4:$AC$2203) | V13: =IF('أرصدة العملاء والموردين'!E13="","",'أرصدة العملاء والموردين'!E13) | W13: ='أرصدة العملاء والموردين'!F13
A14: =DATE(سنة_التقارير,11,1) | B14: نوفمبر | C14: =SUMIFS('البوالص'!$L$4:$L$2203,'البوالص'!$B$4:$B$2203,">="&$A14,'البوالص'!$B$4:$B$2203,"<"&EDATE($A14,1))+SUMIFS('شامل'!$O$4:$O$2203,'شامل'!$B$4:$B$2203,">="&$A14,'شامل'!$B$4:$B$2203,"<"&EDATE($A14,1))+SUMIFS('التخليص'!$G$4:$G$2203,'التخليص'!$B$4:$B$2203,">="&$A14,'التخليص'!$B$4:$B$2203,"<"&EDATE($A14,1))+SUMIFS('مولدات ايجي كول'!$G$4:$G$2203,'مولدات ايجي كول'!$B$4:$B$2203,">="&$A14,'مولدات ايجي كول'!$B$4:$B$2203,"<"&EDATE($A14,1))+SUMIFS('مولدات الشجيع'!$G$4:$G$2203,'مولدات الشجيع'!$B$4:$B$2203,">="&$A14,'مولدات الشجيع'!$B$4:$B$2203,"<"&EDATE($A14,1)) | D14: =SUMIFS('البوالص'!$AF$4:$AF$2203,'البوالص'!$B$4:$B$2203,">="&$A14,'البوالص'!$B$4:$B$2203,"<"&EDATE($A14,1))+SUMIFS('شامل'!$T$4:$T$2203,'شامل'!$B$4:$B$2203,">="&$A14,'شامل'!$B$4:$B$2203,"<"&EDATE($A14,1))+SUMIFS('التخليص'!$F$4:$F$2203,'التخليص'!$B$4:$B$2203,">="&$A14,'التخليص'!$B$4:$B$2203,"<"&EDATE($A14,1)) | E14: =SUMIFS('شامل'!$U$4:$U$2203,'شامل'!$B$4:$B$2203,">="&$A14,'شامل'!$B$4:$B$2203,"<"&EDATE($A14,1))+SUMIFS('شامل'!$V$4:$V$2203,'شامل'!$B$4:$B$2203,">="&$A14,'شامل'!$B$4:$B$2203,"<"&EDATE($A14,1))+SUMIFS('البوالص'!$AH$4:$AH$2203,'البوالص'!$B$4:$B$2203,">="&$A14,'البوالص'!$B$4:$B$2203,"<"&EDATE($A14,1)) | F14: =SUMIFS('البوالص'!$Q$4:$Q$2203,'البوالص'!$B$4:$B$2203,">="&$A14,'البوالص'!$B$4:$B$2203,"<"&EDATE($A14,1))+SUMIFS('شامل'!$P$4:$P$2203,'شامل'!$B$4:$B$2203,">="&$A14,'شامل'!$B$4:$B$2203,"<"&EDATE($A14,1))+SUMIFS('التخليص'!$H$4:$H$2203,'التخليص'!$B$4:$B$2203,">="&$A14,'التخليص'!$B$4:$B$2203,"<"&EDATE($A14,1))+SUMIFS('مولدات ايجي كول'!$H$4:$H$2203,'مولدات ايجي كول'!$B$4:$B$2203,">="&$A14,'مولدات ايجي كول'!$B$4:$B$2203,"<"&EDATE($A14,1))+SUMIFS('مولدات الشجيع'!$H$4:$H$2203,'مولدات الشجيع'!$B$4:$B$2203,">="&$A14,'مولدات الشجيع'!$B$4:$B$2203,"<"&EDATE($A14,1)) | H14: =IF(الإعدادات!$E14="","",الإعدادات!$E14) | I14: =SUMIF('البوالص'!$F$4:$F$2203,الإعدادات!$E14,'البوالص'!$L$4:$L$2203)+SUMIF('شامل'!$G$4:$G$2203,الإعدادات!$E14,'شامل'!$J$4:$J$2203) | J14: =SUMIF('البوالص'!$F$4:$F$2203,الإعدادات!$E14,'البوالص'!$AH$4:$AH$2203)+SUMIF('شامل'!$G$4:$G$2203,الإعدادات!$E14,'شامل'!$U$4:$U$2203) | L14: =IF(الإعدادات!$I14="","",الإعدادات!$I14) | M14: =SUMIF('شامل'!$F$4:$F$2203,الإعدادات!$I14,'شامل'!$O$4:$O$2203) | N14: =SUMIF('شامل'!$F$4:$F$2203,الإعدادات!$I14,'شامل'!$Q$4:$Q$2203) | P14: م أخرى | Q14: =SUM('البوالص'!$AD$4:$AD$2203) | V14: =IF('أرصدة العملاء والموردين'!E14="","",'أرصدة العملاء والموردين'!E14) | W14: ='أرصدة العملاء والموردين'!F14
A15: =DATE(سنة_التقارير,12,1) | B15: ديسمبر | C15: =SUMIFS('البوالص'!$L$4:$L$2203,'البوالص'!$B$4:$B$2203,">="&$A15,'البوالص'!$B$4:$B$2203,"<"&EDATE($A15,1))+SUMIFS('شامل'!$O$4:$O$2203,'شامل'!$B$4:$B$2203,">="&$A15,'شامل'!$B$4:$B$2203,"<"&EDATE($A15,1))+SUMIFS('التخليص'!$G$4:$G$2203,'التخليص'!$B$4:$B$2203,">="&$A15,'التخليص'!$B$4:$B$2203,"<"&EDATE($A15,1))+SUMIFS('مولدات ايجي كول'!$G$4:$G$2203,'مولدات ايجي كول'!$B$4:$B$2203,">="&$A15,'مولدات ايجي كول'!$B$4:$B$2203,"<"&EDATE($A15,1))+SUMIFS('مولدات الشجيع'!$G$4:$G$2203,'مولدات الشجيع'!$B$4:$B$2203,">="&$A15,'مولدات الشجيع'!$B$4:$B$2203,"<"&EDATE($A15,1)) | D15: =SUMIFS('البوالص'!$AF$4:$AF$2203,'البوالص'!$B$4:$B$2203,">="&$A15,'البوالص'!$B$4:$B$2203,"<"&EDATE($A15,1))+SUMIFS('شامل'!$T$4:$T$2203,'شامل'!$B$4:$B$2203,">="&$A15,'شامل'!$B$4:$B$2203,"<"&EDATE($A15,1))+SUMIFS('التخليص'!$F$4:$F$2203,'التخليص'!$B$4:$B$2203,">="&$A15,'التخليص'!$B$4:$B$2203,"<"&EDATE($A15,1)) | E15: =SUMIFS('شامل'!$U$4:$U$2203,'شامل'!$B$4:$B$2203,">="&$A15,'شامل'!$B$4:$B$2203,"<"&EDATE($A15,1))+SUMIFS('شامل'!$V$4:$V$2203,'شامل'!$B$4:$B$2203,">="&$A15,'شامل'!$B$4:$B$2203,"<"&EDATE($A15,1))+SUMIFS('البوالص'!$AH$4:$AH$2203,'البوالص'!$B$4:$B$2203,">="&$A15,'البوالص'!$B$4:$B$2203,"<"&EDATE($A15,1)) | F15: =SUMIFS('البوالص'!$Q$4:$Q$2203,'البوالص'!$B$4:$B$2203,">="&$A15,'البوالص'!$B$4:$B$2203,"<"&EDATE($A15,1))+SUMIFS('شامل'!$P$4:$P$2203,'شامل'!$B$4:$B$2203,">="&$A15,'شامل'!$B$4:$B$2203,"<"&EDATE($A15,1))+SUMIFS('التخليص'!$H$4:$H$2203,'التخليص'!$B$4:$B$2203,">="&$A15,'التخليص'!$B$4:$B$2203,"<"&EDATE($A15,1))+SUMIFS('مولدات ايجي كول'!$H$4:$H$2203,'مولدات ايجي كول'!$B$4:$B$2203,">="&$A15,'مولدات ايجي كول'!$B$4:$B$2203,"<"&EDATE($A15,1))+SUMIFS('مولدات الشجيع'!$H$4:$H$2203,'مولدات الشجيع'!$B$4:$B$2203,">="&$A15,'مولدات الشجيع'!$B$4:$B$2203,"<"&EDATE($A15,1)) | H15: =IF(الإعدادات!$E15="","",الإعدادات!$E15) | I15: =SUMIF('البوالص'!$F$4:$F$2203,الإعدادات!$E15,'البوالص'!$L$4:$L$2203)+SUMIF('شامل'!$G$4:$G$2203,الإعدادات!$E15,'شامل'!$J$4:$J$2203) | J15: =SUMIF('البوالص'!$F$4:$F$2203,الإعدادات!$E15,'البوالص'!$AH$4:$AH$2203)+SUMIF('شامل'!$G$4:$G$2203,الإعدادات!$E15,'شامل'!$U$4:$U$2203) | L15: =IF(الإعدادات!$I15="","",الإعدادات!$I15) | M15: =SUMIF('شامل'!$F$4:$F$2203,الإعدادات!$I15,'شامل'!$O$4:$O$2203) | N15: =SUMIF('شامل'!$F$4:$F$2203,الإعدادات!$I15,'شامل'!$Q$4:$Q$2203) | P15: جاز | Q15: =SUM('البوالص'!$AE$4:$AE$2203) | V15: =IF('أرصدة العملاء والموردين'!E15="","",'أرصدة العملاء والموردين'!E15) | W15: ='أرصدة العملاء والموردين'!F15
H16: =IF(الإعدادات!$E16="","",الإعدادات!$E16) | I16: =SUMIF('البوالص'!$F$4:$F$2203,الإعدادات!$E16,'البوالص'!$L$4:$L$2203)+SUMIF('شامل'!$G$4:$G$2203,الإعدادات!$E16,'شامل'!$J$4:$J$2203) | J16: =SUMIF('البوالص'!$F$4:$F$2203,الإعدادات!$E16,'البوالص'!$AH$4:$AH$2203)+SUMIF('شامل'!$G$4:$G$2203,الإعدادات!$E16,'شامل'!$U$4:$U$2203) | L16: =IF(الإعدادات!$I16="","",الإعدادات!$I16) | M16: =SUMIF('شامل'!$F$4:$F$2203,الإعدادات!$I16,'شامل'!$O$4:$O$2203) | N16: =SUMIF('شامل'!$F$4:$F$2203,الإعدادات!$I16,'شامل'!$Q$4:$Q$2203)
H17: =IF(الإعدادات!$E17="","",الإعدادات!$E17) | I17: =SUMIF('البوالص'!$F$4:$F$2203,الإعدادات!$E17,'البوالص'!$L$4:$L$2203)+SUMIF('شامل'!$G$4:$G$2203,الإعدادات!$E17,'شامل'!$J$4:$J$2203) | J17: =SUMIF('البوالص'!$F$4:$F$2203,الإعدادات!$E17,'البوالص'!$AH$4:$AH$2203)+SUMIF('شامل'!$G$4:$G$2203,الإعدادات!$E17,'شامل'!$U$4:$U$2203) | L17: =IF(الإعدادات!$I17="","",الإعدادات!$I17) | M17: =SUMIF('شامل'!$F$4:$F$2203,الإعدادات!$I17,'شامل'!$O$4:$O$2203) | N17: =SUMIF('شامل'!$F$4:$F$2203,الإعدادات!$I17,'شامل'!$Q$4:$Q$2203)
H18: =IF(الإعدادات!$E18="","",الإعدادات!$E18) | I18: =SUMIF('البوالص'!$F$4:$F$2203,الإعدادات!$E18,'البوالص'!$L$4:$L$2203)+SUMIF('شامل'!$G$4:$G$2203,الإعدادات!$E18,'شامل'!$J$4:$J$2203) | J18: =SUMIF('البوالص'!$F$4:$F$2203,الإعدادات!$E18,'البوالص'!$AH$4:$AH$2203)+SUMIF('شامل'!$G$4:$G$2203,الإعدادات!$E18,'شامل'!$U$4:$U$2203) | L18: =IF(الإعدادات!$I18="","",الإعدادات!$I18) | M18: =SUMIF('شامل'!$F$4:$F$2203,الإعدادات!$I18,'شامل'!$O$4:$O$2203) | N18: =SUMIF('شامل'!$F$4:$F$2203,الإعدادات!$I18,'شامل'!$Q$4:$Q$2203)

Sheet الإعدادات
A1: شركة المتوكل — الإعدادات والقوائم المنسدلة
A2: تُغذّي هذه الصفحة كل القوائم المنسدلة في النظام — أضف أي عنصر جديد هنا
A3: الإعداد | B3: القيمة | D3: التصنيفات | E3: الشركات | F3: الجهات | G3: السائقين | H3: أصحاب السيارات | I3: العملاء
A4: اسم الشركة | B4: شركة المتوكل | D4: 1*20 | E4: l g | F4: أكتوبر | G4: ابراهيم | H4: ا/ماجد | I4: CMS
A5: نسبة القيمة المضافة | B5: 0.14 | D5: 1*20 ot | E5: ابيك | F5: ابو حماد | G5: ابراهيم البندارى | H5: ابراهيم ابو طالب | I5: ags
A6: سنة التقارير | B6: 2026 | D6: 1*20 تنك | E6: اتش ام ام | F6: ابو رواش | G6: ابراهيم السيد | H6: ابراهيم الشندويلى | I6: kz
A7: العملة | B7: ج.م | D7: 1*20 ث | E7: اتش بى فلور | F7: ابو غالب | G7: ابراهيم الشيخ | H7: ابراهيم الصعيدى | I7: mfb
D8: 1*20 فلا | E8: اتش بى فولر | F8: ابوحماد الشرقيه | G8: ابراهيم الميت | H8: ابراهيم العمدة | I8: mis
D9: 1*20 قرش | E9: اتش تى ام | F9: ابورواش | G9: ابراهيم جابر | H9: ابراهيم القها | I9: ابراهيم اروايجبت
D10: 1*40 | E10: اتش دى | F10: ابيس | G10: ابراهيم حسن | H10: ابراهيم انور | I10: احمد سنبل
D11: 1*40 ث | E11: اجرو جرين | F11: اشاص / ج العبور | G11: ابراهيم حمامة | H11: ابراهيم عفيفى | I11: احمد عبدالله
D12: 1*45 | E12: اجرو لاند | F12: اكبوبر | G12: ابراهيم رجب | H12: ابراهيم كامل | I12: احمد غريب
D13: 10 طر د | E13: اجروفود | F13: اكتوبر | G13: ابراهيم رضا | H13: ابراهيم يسرى | I13: اسلام
D14: 19 طرد | E14: اجريفود | F14: الاسماعيليه | G14: ابراهيم رمزى | H14: ابراهيم يونس | I14: اسماء خليفة
D15: 2*20 | E15: ادفاليو | F15: الاقصر | G15: ابراهيم عبد الله | H15: ابرهيم غزال | I15: اكما
D16: 22 طرد | E16: ارستون | F16: البدرشين | G16: ابراهيم عبدالله | H16: ابو ادم | I16: البغدادية
D17: بلاتات | E17: اركانا | F17: البراوى | G17: ابراهيم عفيفى | H17: ابو رحاب | I17: الشيخ حسن
D18: دبابة | E18: اروماتك | F18: البرج | G18: ابراهيم عوض | H18: ابو طالب | I18: العالمية
D19: طرد | E19: اروماتيك | F19: التجمع | G19: ابراهيم عيد | H19: ابو كارما | I19: الفؤاد
... D21: كساحة ملاكى | E21: اسطنبول | F21: التجمع الاول | G21: ابراهيم مبروك | H21: ابو هبش | I21: اوفرسيز.
E22: اكما | F22: التوفيقية | G22: ابراهيم محمد | H22: ابو يحى | I22: ايجي لوجيستك
E23: ال موندو | F23: الجيزة | G23: ابراهيم محمود | H23: ابوادم | I23: بداية
E24: الاسراء | F24: الحسينية | G24: ابراهيم مسعد | H24: احمد | I24: برنتو
E25: الاكرامى | F25: الحوامدية | G25: ابرهيم السيد | H25: احمد ابراهيم | I25: بيردس
E26: الامراء | F26: الخطاطبة | G26: ابرهيم العدلي | H26: احمد البو | I26: بيرفكت
E27: الامل | F27: الزاوية الحمراء | G27: ابصيرى ابراهيم | H27: احمد السويفى | I27: تيتو
E28: الانارة العامة | F28: السادات | G28: ابو رامى | H28: احمد الشريف | I28: تيفاني
E29: الاندلس | F29: السادات / ابو قير | G29: ابو نور | H29: احمد الغامرى | I29: جرين اب
E30: البارق | F30: السادات س و ت ابو قير | G30: ابو يحي | H30: احمد بنزينة | I30: حماده سخنه
E31: الباز | F31: الشرفية | G31: ابوحباجة | H31: احمد خطاب | I31: روتس
E32: البراوى | F32: الشرقية | G32: اجمد جمال | H32: احمد خليف | I32: رويال لاند
E33: البستانية | F33: الشرقيه انشاص | G33: احمد | H33: احمد طة | I33: ريجينا
... E50: الرافة | F50: القناطر | G50: احمد القط | H50: اسامه شعبان | I50: يونايتد
E51: الرحاب | F51: القناطر / م بدر | G51: احمد النوبى | H51: استوريا
E52: الروضة | F52: الكيلو59 | G52: احمد انور | H52: اسلام ابو خير
E53: الريعى | F53: الكينج مريوط | G53: احمد بلتاجى | H53: اسلام راضى
E54: الريعي | F54: المحلة | G54: احمد بهاء | H54: اسماعيل منصور
E55: الزهراء | F55: المريوطية | G55: احمد جابر | H55: اشرف الجمل
E56: الزيوت المستخلصة | F56: المعادى | G56: احمد جاد | H56: اشرف الحجرى
E57: السراج | F57: المكس | G57: احمد جرجر | H57: اشرف الخجرى
E58: السعد | F58: المنصورة | G58: احمد جمال | H58: اشرف الخحجرى
E59: السويدى بوليمرز | F59: المنصورية | G59: احمد جمال القط | H59: اشرف حجرى
E60: السويدى للكابلات | F60: المنيا | G60: احمد حسن | H60: اشرف غزال
E61: السويدي بوليمارز | F61: النوبارية | G61: احمد حسين | H61: اكتوبر
E62: السويدي بوليمرز | F62: الهرم سقاره | G62: احمد حلمى | H62: الاشرم
... E127: انترواكو | F127: وادى النطرون | G127: اسلام النجار | H127: حسين
E128: انجنيرنج | G128: اسلام الوردانى | H128: حماة الكحكى
E129: انرجى فيجن | G129: اسلام بركة | H129: حمادة الصعيدى
E130: انرجيا | G130: اسلام جمعة | H130: حمادة الطوخى
E131: انرجين فيجن | G131: اسلام خطاب | H131: حمادة ذكى
E132: او ان تى | G132: اسلام عصام | H132: حمادة مصطفى
E133: اوبال شعراوى | G133: اسلام فارس | H133: حماده خليف
E134: اورجانيك | G134: اسلام محمد | H134: حمدى
E135: اورجنيك | G135: اسماعيل بندق | H135: حمدى البيضة
E136: اوركيد | G136: اشرف الحجرى | H136: حمو البيبى
E137: اورماتيك | G137: اشرف الحناوي | H137: حمو مرزوق
E138: اورينات | G138: اشرف عتمان | H138: حميدو شكير
E139: اورينت | G139: اشرف غزال | H139: حودة اوباما
... E203: سمارت | G203: جمال شلبى | H203: عزوز

Sheet الدليل والتعليمات
A1: شركة المتوكل — دليل استخدام النظام
A2: اقرأ هذه الصفحة قبل البدء
B3: كيف يعمل النظام؟
B4: الفكرة | C4: تُدخِل بياناتك في صفحات (البوالص، التخليص، المولدات، شامل) فقط، وكل الحسابات والتقارير واللوحة تتحدّث تلقائياً.
B5: الخلايا الصفراء | C5: خلايا إدخال — اكتب فيها بياناتك. | D5: لونها أصفر فاتح
B6: الخلايا الزرقاء | C6: خلايا محسوبة تلقائياً بمعادلات — لا تكتب فيها (النص مائل). | D6: لونها أزرق فاتح
B7: القوائم المنسدلة | C7: التصنيف/الشركة/الجهة/السائق/العميل تُختار من قائمة. لإضافة عنصر جديد افتح صفحة (الإعدادات).
B8: الترقيم | C8: عمود (م) يرقّم تلقائياً بمجرد كتابة التاريخ في الصف.
B10: شرح المعادلات (يمكنك تعديلها لو نظامك يحسب بطريقة مختلفة)
B11: البوالص › إجمالي التحصيل | C11: =نولون + تحويلة + بياتة (تحصيل) | D11: راجعها حسب نظامك
B12: البوالص › باقي | C12: =إجمالي التحصيل − دفعة
B13: البوالص › إجمالي المصروف | C13: =مجموع بنود المصروفات (دور سواق ← جاز) | D13: مؤكّدة
B14: البوالص › الباقي من العهدة | C14: =عهدة − إجمالي المصروف | D14: مؤكّدة
B15: البوالص › صافي السيارة | C15: =نولون − إجمالي المصروف | D15: مؤكّدة
B16: البوالص › ربح/خسارة % | C16: =صافي السيارة ÷ نولون
B17: التخليص › إجمالي الكشف | C17: =الأتعاب + المصروفات | D17: مؤكّدة
B18: التخليص › المتبقي | C18: =إجمالي الكشف − الدفعات | D18: مؤكّدة
B19: المولدات › المتبقي | C19: =النولون − الدفعات | D19: مؤكّدة
B20: شامل › قيمة مضافة | C20: =(النولون + بيانات/عطالات) × نسبة القيمة المضافة | D20: النسبة في الإعدادات (14%)
B21: شامل › إجمالي الفاتورة | C21: =نولون + بيانات + ق.مضافة − خصم أ ت ص + الإيصالات | D21: راجعها حسب نظامك
B22: شامل › إجمالي الحساب | C22: =إجمالي الفاتورة − الدفعات | D22: المتبقي على العميل
B23: شامل › إجمالي ربح | C23: =النولون − نولون فعلي − مصروف | D23: راجعها حسب نظامك
B25: تفعيل الماكرو (اختياري)
B26: لماذا؟ | C26: الماكرو يضيف أزرار: فورم إدخال سريع، بحث، طباعة PDF، نسخة احتياطية.
B27: الخطوة 1 | C27: احفظ الملف بصيغة Excel Macro-Enabled (.xlsm). | D27: ملف ← حفظ باسم
B28: الخطوة 2 | C28: افتح محرر الأكواد بضغط Alt+F11، ثم File ← Import File واختر الملف (وحدة_الماكرو.bas).
B29: الخطوة 3 | C29: ارجع للإكسيل وشغّل الماكرو من View ← Macros أو من الأزرار.
B30: ملاحظة | C30: لو مش عايز ماكرو، النظام يعمل بالكامل بدونه بالمعادلات والرسوم.
