Workbook

Sheet اكما
A1: فاتورة | B1: م | C1: التاريخ | D1: رقم الاذن | E1: عدد الحاويات | F1: النولون | G1: قيمة مضافة | H1: الايصالات | I1: اجمالي الفاتوره | J1: الدفعات | K1: اجمالي الحساب | L1: Column1 | M1: Column2
I2: =Table11819202310303132353839[[#This Row],[النولون]]+Table11819202310303132353839[[#This Row],[الايصالات]]+Table11819202310303132353839[[#This Row],[قيمة مضافة]] -> 0 | K2: 0
A3: 1225 | B3: 1 | C3: 14/1/2026 | D3: 871542 | E3: 2*20 | F3: 26800 | H3: =100+365.21+1100+420+50+1482+300+342 -> 4159.21 | I3: =Table11819202310303132353839[[#This Row],[النولون]]+Table11819202310303132353839[[#This Row],[الايصالات]]+Table11819202310303132353839[[#This Row],[قيمة مضافة]] -> 30959.21 | K3: =K2+Table11819202310303132353839[[#This Row],[اجمالي الفاتوره]]-Table11819202310303132353839[[#This Row],[الدفعات]] -> 30959.21
A4: 1244 | B4: 2 | C4: 22/1/2026 | D4: 1260082 | E4: 22*40 | F4: =18500*22 -> 407000 | H4: =12*350+26*100+120*2+483.63+483.63+483.63+480.8+480.8+480.8+480.8+480.8+829.66+829.66+365.21+365.21+365.21+365.21+365.21+365.21+648.88+869.38+909.09+789.94+869.38+581.31+800+7700+22000+6*1150+9*1140+1350+1135*2+800+1050+1100*2 -> 74743.45 | I4: =Table11819202310303132353839[[#This Row],[النولون]]+Table11819202310303132353839[[#This Row],[الايصالات]]+Table11819202310303132353839[[#This Row],[قيمة مضافة]] -> 481743.45 | K4: =K3+Table11819202310303132353839[[#This Row],[اجمالي الفاتوره]]-Table11819202310303132353839[[#This Row],[الدفعات]] -> 512702.66
C5: 17/2/2026 | I5: =Table11819202310303132353839[[#This Row],[النولون]]+Table11819202310303132353839[[#This Row],[الايصالات]]+Table11819202310303132353839[[#This Row],[قيمة مضافة]] -> 0 | J5: 512703 | K5: =K4+Table11819202310303132353839[[#This Row],[اجمالي الفاتوره]]-Table11819202310303132353839[[#This Row],[الدفعات]] -> -0.34
A6: 1245 | B6: 3 | C6: 22/1/2026 | D6: 20179 | E6: بالتة | F6: 6000 | G6: =0.14*Table11819202310303132353839[[#This Row],[النولون]] -> 840 | H6: =255+88.61 -> 343.61 | I6: =Table11819202310303132353839[[#This Row],[النولون]]+Table11819202310303132353839[[#This Row],[الايصالات]]+Table11819202310303132353839[[#This Row],[قيمة مضافة]] -> 7183.61 | K6: =K5+Table11819202310303132353839[[#This Row],[اجمالي الفاتوره]]-Table11819202310303132353839[[#This Row],[الدفعات]] -> 7183.27
C7: 18/2/2026 | J7: 7183.61 | K7: =K6+Table11819202310303132353839[[#This Row],[اجمالي الفاتوره]]-Table11819202310303132353839[[#This Row],[الدفعات]] -> -0.34
A8: 1272 | B8: 4 | C8: 7/2/2026 | D8: 1260107 | E8: 22*40 | F8: =18500*22 -> 407000 | H8: =25*100+600+7700+22000+1100+1000+3*1140+1140+1100+15*1150+392.75+790.15+477.98+862.19+916.37+829.66+477.98+869.38+909.28+483.63*5+4*480.8+365.21*4+45.15*2+20*350 -> 77228.23 | I8: =Table11819202310303132353839[[#This Row],[النولون]]+Table11819202310303132353839[[#This Row],[الايصالات]]+Table11819202310303132353839[[#This Row],[قيمة مضافة]] -> 484228.23 | K8: =K7+Table11819202310303132353839[[#This Row],[اجمالي الفاتوره]]-Table11819202310303132353839[[#This Row],[الدفعات]] -> 484227.89
C9: 12/3/2026 | F9: 0 | H9: 0 | I9: 0 | J9: 484228 | K9: =K8+Table11819202310303132353839[[#This Row],[اجمالي الفاتوره]]-Table11819202310303132353839[[#This Row],[الدفعات]] -> -0.11
A10: 1283 | B10: 5 | C10: 11/2/2026 | D10: 1470800 | E10: 2*20 | F10: 24000 | H10: =100*2+1350+1256.52+490+1435+1071.83+50.2 -> 5853.55 | I10: =Table11819202310303132353839[[#This Row],[النولون]]+Table11819202310303132353839[[#This Row],[الايصالات]]+Table11819202310303132353839[[#This Row],[قيمة مضافة]] -> 29853.55 | K10: =K9+Table11819202310303132353839[[#This Row],[اجمالي الفاتوره]]-Table11819202310303132353839[[#This Row],[الدفعات]] -> 29853.44
A11: 1284 | B11: 6 | C11: 11/2/2026 | D11: 871744 | E11: 10*20 | F11: =24000*5 -> 120000 | H11: =100*4+50*3+850+378.98+385.86+365.21*3+105.79*3+68.08*2+45.15+560*3+490*2+1245*2+1350*3+1500+1710+250.8 -> 16419.95 | I11: =Table11819202310303132353839[[#This Row],[النولون]]+Table11819202310303132353839[[#This Row],[الايصالات]]+Table11819202310303132353839[[#This Row],[قيمة مضافة]] -> 136419.95 | K11: =K10+Table11819202310303132353839[[#This Row],[اجمالي الفاتوره]]-Table11819202310303132353839[[#This Row],[الدفعات]] -> 166273.39
A12: 1299 | B12: 7 | C12: 21/2/2026 | D12: 883888 | E12: 8*20 | F12: =24000*4 -> 96000 | H12: =4*100+409.96+1150+392.75+1150+392.75+1350+365.21+1150+490*4+6680.4+1200+1368 -> 17969.07 | I12: =Table11819202310303132353839[[#This Row],[النولون]]+Table11819202310303132353839[[#This Row],[الايصالات]]+Table11819202310303132353839[[#This Row],[قيمة مضافة]] -> 113969.07 | K12: =K11+Table11819202310303132353839[[#This Row],[اجمالي الفاتوره]]-Table11819202310303132353839[[#This Row],[الدفعات]] -> 280242.46
A13: 1300 | B13: 8 | C13: 21/2/2026 | D13: 2319607560 | E13: 14*20 | F13: =24000*7 -> 168000 | H13: =850+7*100+365.21*6+603.72+490*7+11012.4+1350*5+1150*2+684 -> 28521.38 | I13: =Table11819202310303132353839[[#This Row],[النولون]]+Table11819202310303132353839[[#This Row],[الايصالات]]+Table11819202310303132353839[[#This Row],[قيمة مضافة]] -> 196521.38 | K13: =K12+Table11819202310303132353839[[#This Row],[اجمالي الفاتوره]]-Table11819202310303132353839[[#This Row],[الدفعات]] -> 476763.84
A14: 1301 | B14: 9 | C14: 21/2/2026 | D14: 15748539 | E14: 3*20 | F14: =18500+24000 -> 42500 | H14: =100+60+220.89+700+365.21+1350+1000+490+1485 -> 5771.1 | I14: =Table11819202310303132353839[[#This Row],[النولون]]+Table11819202310303132353839[[#This Row],[الايصالات]]+Table11819202310303132353839[[#This Row],[قيمة مضافة]] -> 48271.1 | K14: =K13+Table11819202310303132353839[[#This Row],[اجمالي الفاتوره]]-Table11819202310303132353839[[#This Row],[الدفعات]] -> 525034.94
A15: 1307 | B15: 10 | C15: 22/2/2026 | D15: 265402165 | E15: 8*20 | F15: =24000*4 -> 96000 | H15: =4*100+810+365.21*4+1350*4+490*4+1977+11491.2+24021 -> 47520.04 | I15: =Table11819202310303132353839[[#This Row],[النولون]]+Table11819202310303132353839[[#This Row],[الايصالات]]+Table11819202310303132353839[[#This Row],[قيمة مضافة]] -> 143520.04 | K15: =K14+Table11819202310303132353839[[#This Row],[اجمالي الفاتوره]]-Table11819202310303132353839[[#This Row],[الدفعات]] -> 668554.98
C16: 31/3/2026 | J16: 668554 | K16: =K15+Table11819202310303132353839[[#This Row],[اجمالي الفاتوره]]-Table11819202310303132353839[[#This Row],[الدفعات]] -> 0.98
A17: 1326 | B17: 11 | C17: 7/3/2026 | D17: 75808 | E17: 2*20 | F17: 24000 | H17: =100+375.54+490+1436.4+456+114+1350 -> 4321.94 | I17: =Table11819202310303132353839[[#This Row],[النولون]]+Table11819202310303132353839[[#This Row],[الايصالات]]+Table11819202310303132353839[[#This Row],[قيمة مضافة]] -> 28321.94 | K17: =K16+Table11819202310303132353839[[#This Row],[اجمالي الفاتوره]]-Table11819202310303132353839[[#This Row],[الدفعات]] -> 28322.92
A18: 1327 | B18: 12 | C18: 7/3/2026 | D18: 2320876560 | E18: 2*20 | F18: 24000 | H18: =100+365.21+490+1573.2+1350 -> 3878.41 | I18: =Table11819202310303132353839[[#This Row],[النولون]]+Table11819202310303132353839[[#This Row],[الايصالات]]+Table11819202310303132353839[[#This Row],[قيمة مضافة]] -> 27878.41 | K18: =K17+Table11819202310303132353839[[#This Row],[اجمالي الفاتوره]]-Table11819202310303132353839[[#This Row],[الدفعات]] -> 56201.33 | L18: =SUM(I:I)-SUM(J:J)+K2 -> 2221981.4 | M18: =SUM(Table11819202310303132353839[قيمة مضافة]) -> 16184
C19: 9/4/2026 | J19: 56200 | K19: =K18+Table11819202310303132353839[[#This Row],[اجمالي الفاتوره]]-Table11819202310303132353839[[#This Row],[الدفعات]] -> 1.33
A20: 1329 | B20: 13 | C20: 28/3/2026 | D20: 2260190 | E20: 2*40 | F20: =2*21300 -> 42600 | H20: =100*2+810+1140+1150+883.84+493.96+700+350*2+2000 -> 8077.8 | I20: =Table11819202310303132353839[[#This Row],[النولون]]+Table11819202310303132353839[[#This Row],[الايصالات]]+Table11819202310303132353839[[#This Row],[قيمة مضافة]] -> 50677.8 | K20: =K19+Table11819202310303132353839[[#This Row],[اجمالي الفاتوره]]-Table11819202310303132353839[[#This Row],[الدفعات]] -> 50679.13
A21: 1330 | B21: 14 | C21: 28/3/2026 | D21: 891559 | E21: 10*20 | F21: =27600*5 -> 138000 | H21: =5*100+850+810+365.21*4+406.52+45.15+105.79+105.79+68.08+105.79+490*4+560+1350*5+250.8+1500+1710 -> 17188.76 | I21: =Table11819202310303132353839[[#This Row],[النولون]]+Table11819202310303132353839[[#This Row],[الايصالات]]+Table11819202310303132353839[[#This Row],[قيمة مضافة]] -> 155188.76 | K21: =K20+Table11819202310303132353839[[#This Row],[اجمالي الفاتوره]]-Table11819202310303132353839[[#This Row],[الدفعات]] -> 205867.89
A22: 1131 | B22: 15 | C22: 28/3/2026 | D22: 884426 | E22: 10*20 | F22: =5*27600 -> 138000 | H22: =5*100+850+447.83+451.28+406.52+403.08+368.65+5*490+250+13110+1500+1710+1350*4+1100 -> 28947.36 | I22: =Table11819202310303132353839[[#This Row],[النولون]]+Table11819202310303132353839[[#This Row],[الايصالات]]+Table11819202310303132353839[[#This Row],[قيمة مضافة]] -> 166947.36 | K22: =K21+Table11819202310303132353839[[#This Row],[اجمالي الفاتوره]]-Table11819202310303132353839[[#This Row],[الدفعات]] -> 372815.25
A23: 1344 | B23: 16 | C23: 30/3/2026 | D23: 2321317690 | E23: 8*20 | F23: =27600*4 -> 110400 | H23: =100*6+850*2+365.21*4+560+490*3+1350*4+7113.6+342 -> 18646.44 | I23: =Table11819202310303132353839[[#This Row],[النولون]]+Table11819202310303132353839[[#This Row],[الايصالات]]+Table11819202310303132353839[[#This Row],[قيمة مضافة]] -> 129046.44 | K23: =K22+Table11819202310303132353839[[#This Row],[اجمالي الفاتوره]]-Table11819202310303132353839[[#This Row],[الدفعات]] -> 501861.69
A24: 1345 | B24: 17 | C24: 30/3/2026 | D24: 266986048 | E24: 2*20 | F24: 27600 | H24: =100+365.21+490+1350+497+2872.8+6224 -> 11899.01 | I24: =Table11819202310303132353839[[#This Row],[النولون]]+Table11819202310303132353839[[#This Row],[الايصالات]]+Table11819202310303132353839[[#This Row],[قيمة مضافة]] -> 39499.01 | K24: =K23+Table11819202310303132353839[[#This Row],[اجمالي الفاتوره]]-Table11819202310303132353839[[#This Row],[الدفعات]] -> 541360.7
C25: 46135 | I25: =Table11819202310303132353839[[#This Row],[النولون]]+Table11819202310303132353839[[#This Row],[الايصالات]]+Table11819202310303132353839[[#This Row],[قيمة مضافة]] -> 0 | J25: 541359 | K25: =K24+Table11819202310303132353839[[#This Row],[اجمالي الفاتوره]]-Table11819202310303132353839[[#This Row],[الدفعات]] -> 1.7
A26: 1416 | B26: 18 | C26: 46138 | D26: 178343 | E26: 2*40 | F26: =20500*2 -> 41000 | G26: =0.14*Table11819202310303132353839[[#This Row],[النولون]] -> 5740 | H26: =100*2+1135*2+377.5+739.95+350*2+1282.5*2+228+719+16758+20089.31 -> 44646.76 | I26: =Table11819202310303132353839[[#This Row],[النولون]]+Table11819202310303132353839[[#This Row],[الايصالات]]+Table11819202310303132353839[[#This Row],[قيمة مضافة]] -> 91386.76 | K26: =K25+Table11819202310303132353839[[#This Row],[اجمالي الفاتوره]]-Table11819202310303132353839[[#This Row],[الدفعات]] -> 91388.46
C27: 46176 | J27: 91388.46 | K27: =K26+Table11819202310303132353839[[#This Row],[اجمالي الفاتوره]]-Table11819202310303132353839[[#This Row],[الدفعات]] -> 0
A28: 1471 | B28: 19 | C28: 46159 | D28: 197530 | E28: 2*20 | F28: 27600 | G28: =0.14*Table11819202310303132353839[[#This Row],[النولون]] -> 3864 | H28: =100+5010+100+1150+1284.87+560+1596+100+399+4446+10401.25 -> 25147.12 | I28: =Table11819202310303132353839[[#This Row],[النولون]]+Table11819202310303132353839[[#This Row],[الايصالات]]+Table11819202310303132353839[[#This Row],[قيمة مضافة]] -> 56611.12 | K28: =K27+Table11819202310303132353839[[#This Row],[اجمالي الفاتوره]]-Table11819202310303132353839[[#This Row],[الدفعات]] -> 56611.12
A29: 1472 | B29: 20 | C29: 46159 | D29: 911142 | E29: 8*20 | F29: =27600*4 -> 110400 | H29: =100*4+850+45.15+68.08+45.15+45.15+365.21+365.21+365.21+365.21+490*4+1200+1368+319.2+1350*4 -> 13161.57 | I29: =Table11819202310303132353839[[#This Row],[النولون]]+Table11819202310303132353839[[#This Row],[الايصالات]]+Table11819202310303132353839[[#This Row],[قيمة مضافة]] -> 123561.57 | K29: =K28+Table11819202310303132353839[[#This Row],[اجمالي الفاتوره]]-Table11819202310303132353839[[#This Row],[الدفعات]] -> 180172.69
A30: 1473 | B30: 21 | C30: 46159 | D30: 904038 | E30: 10*20 | F30: =5*27600+2*2000+1000 -> 143000 | H30: =6*100+850+810+105.79+68.08+68.08+45.15+365.21*4+368.65+560*5+1250*4+1245+5000+1500+1710+399 -> 22030.59 | I30: =Table11819202310303132353839[[#This Row],[النولون]]+Table11819202310303132353839[[#This Row],[الايصالات]]+Table11819202310303132353839[[#This Row],[قيمة مضافة]] -> 165030.59 | K30: =K29+Table11819202310303132353839[[#This Row],[اجمالي الفاتوره]]-Table11819202310303132353839[[#This Row],[الدفعات]] -> 345203.28
A31: 1474 | B31: 22 | C31: 46159 | D31: 2326365110 | E31: 10*20 | F31: =5*27600+3000 -> 141000 | H31: =5*100+365.21*5+490*5+1150*4+1350+10602 -> 21328.05 | I31: =Table11819202310303132353839[[#This Row],[النولون]]+Table11819202310303132353839[[#This Row],[الايصالات]]+Table11819202310303132353839[[#This Row],[قيمة مضافة]] -> 162328.05 | K31: =K30+Table11819202310303132353839[[#This Row],[اجمالي الفاتوره]]-Table11819202310303132353839[[#This Row],[الدفعات]] -> 507531.33
C32: 46198 | J32: 451020 | K32: =K31+Table11819202310303132353839[[#This Row],[اجمالي الفاتوره]]-Table11819202310303132353839[[#This Row],[الدفعات]] -> 56511.33
A33: 1475 | B33: 23 | C33: 46159 | D33: 5260305 | E33: 7*40 | F33: =20500*7 -> 143500 | H33: =7*100+120+810+1350+1245+1250+1245+1245+1150+480.8*4+365.21*3+1610+2450+7000+4*350+6840+1100 -> 32533.83 | I33: =Table11819202310303132353839[[#This Row],[النولون]]+Table11819202310303132353839[[#This Row],[الايصالات]]+Table11819202310303132353839[[#This Row],[قيمة مضافة]] -> 176033.83 | K33: =K32+Table11819202310303132353839[[#This Row],[اجمالي الفاتوره]]-Table11819202310303132353839[[#This Row],[الدفعات]] -> 232545.16
C34: 46211 | J34: 232544.95 | K34: =K33+Table11819202310303132353839[[#This Row],[اجمالي الفاتوره]]-Table11819202310303132353839[[#This Row],[الدفعات]] -> 0.21
A35: 1486 | B35: 24 | C35: 46174 | D35: 209408 | E35: 2*40 | F35: =20500*2 -> 41000 | G35: =Table11819202310303132353839[[#This Row],[النولون]]*0.14 -> 5740 | H35: =100+1105+1105+344.34+386.5+350+1852.5+1282.5+200+719+20531.17+16758 -> 44734.01 | I35: =Table11819202310303132353839[[#This Row],[النولون]]+Table11819202310303132353839[[#This Row],[الايصالات]]+Table11819202310303132353839[[#This Row],[قيمة مضافة]] -> 91474.01 | K35: =K34+Table11819202310303132353839[[#This Row],[اجمالي الفاتوره]]-Table11819202310303132353839[[#This Row],[الدفعات]] -> 91474.22
A36: 1487 | B36: 25 | C36: 46174 | D36: 2328038790 | E36: 10*20 | F36: =27600*5 -> 138000 | H36: =100*5+365.21*4+409.96+5*560+8892+1350*5 -> 20812.8 | I36: =Table11819202310303132353839[[#This Row],[النولون]]+Table11819202310303132353839[[#This Row],[الايصالات]]+Table11819202310303132353839[[#This Row],[قيمة مضافة]] -> 158812.8 | K36: =K35+Table11819202310303132353839[[#This Row],[اجمالي الفاتوره]]-Table11819202310303132353839[[#This Row],[الدفعات]] -> 250287.02
A37: 1488 | B37: 26 | C37: 46174 | D37: 2326783040 | E37: 6*20 | F37: =27600*3 -> 82800 | H37: =3*100+365.21*3+1350*3+560*3+6361.2 -> 13486.83 | I37: =Table11819202310303132353839[[#This Row],[النولون]]+Table11819202310303132353839[[#This Row],[الايصالات]]+Table11819202310303132353839[[#This Row],[قيمة مضافة]] -> 96286.83 | K37: =K36+Table11819202310303132353839[[#This Row],[اجمالي الفاتوره]]-Table11819202310303132353839[[#This Row],[الدفعات]] -> 346573.85
A38: 1507 | B38: 27 | C38: 46180 | D38: 920218 | E38: 10*20 | F38: =27600*5 -> 138000 | H38: =114+100*5+120+368.65+600.75+365.21*3+105.79+45.15+560*3+1350*4+1315+1500+1710+399 -> 14953.97 | I38: =Table11819202310303132353839[[#This Row],[النولون]]+Table11819202310303132353839[[#This Row],[الايصالات]]+Table11819202310303132353839[[#This Row],[قيمة مضافة]] -> 152953.97 | K38: =K37+Table11819202310303132353839[[#This Row],[اجمالي الفاتوره]]-Table11819202310303132353839[[#This Row],[الدفعات]] -> 499527.82
A39: 1548 | B39: 28 | C39: 46187 | D39: 2327908940 | E39: 10*20 | F39: =27600*5 -> 138000 | H39: =100*5+5*365.21+490*4+8892+5*1350 -> 19928.05 | I39: =Table11819202310303132353839[[#This Row],[النولون]]+Table11819202310303132353839[[#This Row],[الايصالات]]+Table11819202310303132353839[[#This Row],[قيمة مضافة]] -> 157928.05 | K39: =K38+Table11819202310303132353839[[#This Row],[اجمالي الفاتوره]]-Table11819202310303132353839[[#This Row],[الدفعات]] -> 657455.87
A40: 1549 | B40: 29 | C40: 46187 | D40: 2327908590 | E40: 4*20 | F40: =2*27600 -> 55200 | H40: =100*2+365.21*2+490*2+3556.8+1350+1350 -> 8167.22 | I40: =Table11819202310303132353839[[#This Row],[النولون]]+Table11819202310303132353839[[#This Row],[الايصالات]]+Table11819202310303132353839[[#This Row],[قيمة مضافة]] -> 63367.22 | K40: =K39+Table11819202310303132353839[[#This Row],[اجمالي الفاتوره]]-Table11819202310303132353839[[#This Row],[الدفعات]] -> 720823.09
A41: 1556 | B41: 30 | C41: 46194 | D41: 2327909370 | E41: 10*20 | F41: =27500*5 -> 137500 | H41: =100*6+850+365.21*5+560*4+490+10602+1250*4+1350 -> 22958.05 | I41: =Table11819202310303132353839[[#This Row],[النولون]]+Table11819202310303132353839[[#This Row],[الايصالات]]+Table11819202310303132353839[[#This Row],[قيمة مضافة]] -> 160458.05 | K41: =K40+Table11819202310303132353839[[#This Row],[اجمالي الفاتوره]]-Table11819202310303132353839[[#This Row],[الدفعات]] -> 881281.14
A42: 1567 | B42: 31 | C42: 46196 | D42: 60384 | E42: 42*40 | F42: =20500*42 -> 861000 | H42: =850*2+12*25+43*100+114+120*2+1315+1065+7*1100+11*1250+22*1350+25*350+280+7*365.21+480.8*6+477.98*3+789.94*2+475.15*2+469.5*2+829.66*3+463.84+484.86+481.42+793.55+559.71+821.13+721.35+789.94+750.23+482.03+833.91+938.14+797.16+829.66+491.75+1150+460+690+14700+12000+30000+3420+6840 -> 161546.05 | I42: =Table11819202310303132353839[[#This Row],[النولون]]+Table11819202310303132353839[[#This Row],[الايصالات]]+Table11819202310303132353839[[#This Row],[قيمة مضافة]] -> 1022546.1 | K42: =K41+Table11819202310303132353839[[#This Row],[اجمالي الفاتوره]]-Table11819202310303132353839[[#This Row],[الدفعات]] -> 1903827.2
A43: 1570 | B43: 32 | C43: 46200 | D43: 911286 | E43: 10*20 | F43: =27500*5 -> 137500 | H43: =5*100+120+850+416.85+365.21+105.79+68.08*2+365.21*3+105.79+490*4+1350*4+1140+1500+1710+5000+399 -> 20804.43 | I43: =Table11819202310303132353839[[#This Row],[النولون]]+Table11819202310303132353839[[#This Row],[الايصالات]]+Table11819202310303132353839[[#This Row],[قيمة مضافة]] -> 158304.43 | K43: =K42+Table11819202310303132353839[[#This Row],[اجمالي الفاتوره]]-Table11819202310303132353839[[#This Row],[الدفعات]] -> 2062131.6
A44: 1579 | B44: 33 | C44: 46208 | D44: 2332448650 | E44: 10*20 | F44: =27500*5 -> 137500 | H44: =850+100*4+120+365.21*3+382.42+733.73+560*5+342+684+8892+1350*2+1100+1100+1150 -> 22349.78 | I44: =Table11819202310303132353839[[#This Row],[النولون]]+Table11819202310303132353839[[#This Row],[الايصالات]]+Table11819202310303132353839[[#This Row],[قيمة مضافة]] -> 159849.78 | K44: =K43+Table11819202310303132353839[[#This Row],[اجمالي الفاتوره]]-Table11819202310303132353839[[#This Row],[الدفعات]] -> 2221981.4
I45: =Table11819202310303132353839[[#This Row],[النولون]]+Table11819202310303132353839[[#This Row],[الايصالات]]+Table11819202310303132353839[[#This Row],[قيمة مضافة]] -> 0 | K45: =K44+Table11819202310303132353839[[#This Row],[اجمالي الفاتوره]]-Table11819202310303132353839[[#This Row],[الدفعات]] -> 2221981.4
I46: =Table11819202310303132353839[[#This Row],[النولون]]+Table11819202310303132353839[[#This Row],[الايصالات]]+Table11819202310303132353839[[#This Row],[قيمة مضافة]] -> 0 | K46: =K45+Table11819202310303132353839[[#This Row],[اجمالي الفاتوره]]-Table11819202310303132353839[[#This Row],[الدفعات]] -> 2221981.4
I47: =Table11819202310303132353839[[#This Row],[النولون]]+Table11819202310303132353839[[#This Row],[الايصالات]]+Table11819202310303132353839[[#This Row],[قيمة مضافة]] -> 0 | K47: =K46+Table11819202310303132353839[[#This Row],[اجمالي الفاتوره]]-Table11819202310303132353839[[#This Row],[الدفعات]] -> 2221981.4
I48: =Table11819202310303132353839[[#This Row],[النولون]]+Table11819202310303132353839[[#This Row],[الايصالات]]+Table11819202310303132353839[[#This Row],[قيمة مضافة]] -> 0 | K48: =K47+Table11819202310303132353839[[#This Row],[اجمالي الفاتوره]]-Table11819202310303132353839[[#This Row],[الدفعات]] -> 2221981.4
I49: =Table11819202310303132353839[[#This Row],[النولون]]+Table11819202310303132353839[[#This Row],[الايصالات]]+Table11819202310303132353839[[#This Row],[قيمة مضافة]] -> 0 | K49: =K48+Table11819202310303132353839[[#This Row],[اجمالي الفاتوره]]-Table11819202310303132353839[[#This Row],[الدفعات]] -> 2221981.4
I50: =Table11819202310303132353839[[#This Row],[النولون]]+Table11819202310303132353839[[#This Row],[الايصالات]]+Table11819202310303132353839[[#This Row],[قيمة مضافة]] -> 0 | K50: =K49+Table11819202310303132353839[[#This Row],[اجمالي الفاتوره]]-Table11819202310303132353839[[#This Row],[الدفعات]] -> 2221981.4
I51: =Table11819202310303132353839[[#This Row],[النولون]]+Table11819202310303132353839[[#This Row],[الايصالات]]+Table11819202310303132353839[[#This Row],[قيمة مضافة]] -> 0 | K51: =K50+Table11819202310303132353839[[#This Row],[اجمالي الفاتوره]]-Table11819202310303132353839[[#This Row],[الدفعات]] -> 2221981.4
I52: =Table11819202310303132353839[[#This Row],[النولون]]+Table11819202310303132353839[[#This Row],[الايصالات]]+Table11819202310303132353839[[#This Row],[قيمة مضافة]] -> 0 | K52: =K51+Table11819202310303132353839[[#This Row],[اجمالي الفاتوره]]-Table11819202310303132353839[[#This Row],[الدفعات]] -> 2221981.4
I53: =Table11819202310303132353839[[#This Row],[النولون]]+Table11819202310303132353839[[#This Row],[الايصالات]]+Table11819202310303132353839[[#This Row],[قيمة مضافة]] -> 0 | K53: =K52+Table11819202310303132353839[[#This Row],[اجمالي الفاتوره]]-Table11819202310303132353839[[#This Row],[الدفعات]] -> 2221981.4
I54: =Table11819202310303132353839[[#This Row],[النولون]]+Table11819202310303132353839[[#This Row],[الايصالات]]+Table11819202310303132353839[[#This Row],[قيمة مضافة]] -> 0 | K54: =K53+Table11819202310303132353839[[#This Row],[اجمالي الفاتوره]]-Table11819202310303132353839[[#This Row],[الدفعات]] -> 2221981.4
I55: =Table11819202310303132353839[[#This Row],[النولون]]+Table11819202310303132353839[[#This Row],[الايصالات]]+Table11819202310303132353839[[#This Row],[قيمة مضافة]] -> 0 | K55: =K54+Table11819202310303132353839[[#This Row],[اجمالي الفاتوره]]-Table11819202310303132353839[[#This Row],[الدفعات]] -> 2221981.4
I56: =Table11819202310303132353839[[#This Row],[النولون]]+Table11819202310303132353839[[#This Row],[الايصالات]]+Table11819202310303132353839[[#This Row],[قيمة مضافة]] -> 0 | K56: =K55+Table11819202310303132353839[[#This Row],[اجمالي الفاتوره]]-Table11819202310303132353839[[#This Row],[الدفعات]] -> 2221981.4
... I107: =Table11819202310303132353839[[#This Row],[النولون]]+Table11819202310303132353839[[#This Row],[الايصالات]]+Table11819202310303132353839[[#This Row],[قيمة مضافة]] -> 0 | K107: =K106+Table11819202310303132353839[[#This Row],[اجمالي الفاتوره]]-Table11819202310303132353839[[#This Row],[الدفعات]] -> 2221981.4
I108: =Table11819202310303132353839[[#This Row],[النولون]]+Table11819202310303132353839[[#This Row],[الايصالات]]+Table11819202310303132353839[[#This Row],[قيمة مضافة]] -> 0 | K108: =K107+Table11819202310303132353839[[#This Row],[اجمالي الفاتوره]]-Table11819202310303132353839[[#This Row],[الدفعات]] -> 2221981.4 | L108: 1
I109: =Table11819202310303132353839[[#This Row],[النولون]]+Table11819202310303132353839[[#This Row],[الايصالات]]+Table11819202310303132353839[[#This Row],[قيمة مضافة]] -> 0 | K109: =K108+Table11819202310303132353839[[#This Row],[اجمالي الفاتوره]]-Table11819202310303132353839[[#This Row],[الدفعات]] -> 2221981.4 | L109: 1
I110: =Table11819202310303132353839[[#This Row],[النولون]]+Table11819202310303132353839[[#This Row],[الايصالات]]+Table11819202310303132353839[[#This Row],[قيمة مضافة]] -> 0 | K110: =K109+Table11819202310303132353839[[#This Row],[اجمالي الفاتوره]]-Table11819202310303132353839[[#This Row],[الدفعات]] -> 2221981.4
I111: =Table11819202310303132353839[[#This Row],[النولون]]+Table11819202310303132353839[[#This Row],[الايصالات]]+Table11819202310303132353839[[#This Row],[قيمة مضافة]] -> 0 | K111: =K110+Table11819202310303132353839[[#This Row],[اجمالي الفاتوره]]-Table11819202310303132353839[[#This Row],[الدفعات]] -> 2221981.4 | L111: 1
I112: =Table11819202310303132353839[[#This Row],[النولون]]+Table11819202310303132353839[[#This Row],[الايصالات]]+Table11819202310303132353839[[#This Row],[قيمة مضافة]] -> 0 | K112: =K111+Table11819202310303132353839[[#This Row],[اجمالي الفاتوره]]-Table11819202310303132353839[[#This Row],[الدفعات]] -> 2221981.4 | L112: 1
I113: =Table11819202310303132353839[[#This Row],[النولون]]+Table11819202310303132353839[[#This Row],[الايصالات]]+Table11819202310303132353839[[#This Row],[قيمة مضافة]] -> 0 | K113: =K112+Table11819202310303132353839[[#This Row],[اجمالي الفاتوره]]-Table11819202310303132353839[[#This Row],[الدفعات]] -> 2221981.4 | L113: 1
I114: =Table11819202310303132353839[[#This Row],[النولون]]+Table11819202310303132353839[[#This Row],[الايصالات]]+Table11819202310303132353839[[#This Row],[قيمة مضافة]] -> 0 | K114: =K113+Table11819202310303132353839[[#This Row],[اجمالي الفاتوره]]-Table11819202310303132353839[[#This Row],[الدفعات]] -> 2221981.4
I115: =Table11819202310303132353839[[#This Row],[النولون]]+Table11819202310303132353839[[#This Row],[الايصالات]]+Table11819202310303132353839[[#This Row],[قيمة مضافة]] -> 0 | K115: =K114+Table11819202310303132353839[[#This Row],[اجمالي الفاتوره]]-Table11819202310303132353839[[#This Row],[الدفعات]] -> 2221981.4
I116: =Table11819202310303132353839[[#This Row],[النولون]]+Table11819202310303132353839[[#This Row],[الايصالات]]+Table11819202310303132353839[[#This Row],[قيمة مضافة]] -> 0 | K116: =K115+Table11819202310303132353839[[#This Row],[اجمالي الفاتوره]]-Table11819202310303132353839[[#This Row],[الدفعات]] -> 2221981.4
I117: =Table11819202310303132353839[[#This Row],[النولون]]+Table11819202310303132353839[[#This Row],[الايصالات]]+Table11819202310303132353839[[#This Row],[قيمة مضافة]] -> 0 | K117: =K116+Table11819202310303132353839[[#This Row],[اجمالي الفاتوره]]-Table11819202310303132353839[[#This Row],[الدفعات]] -> 2221981.4
I118: =Table11819202310303132353839[[#This Row],[النولون]]+Table11819202310303132353839[[#This Row],[الايصالات]]+Table11819202310303132353839[[#This Row],[قيمة مضافة]] -> 0 | K118: =K117+Table11819202310303132353839[[#This Row],[اجمالي الفاتوره]]-Table11819202310303132353839[[#This Row],[الدفعات]] -> 2221981.4
I119: =Table11819202310303132353839[[#This Row],[النولون]]+Table11819202310303132353839[[#This Row],[الايصالات]]+Table11819202310303132353839[[#This Row],[قيمة مضافة]] -> 0 | K119: =K118+Table11819202310303132353839[[#This Row],[اجمالي الفاتوره]]-Table11819202310303132353839[[#This Row],[الدفعات]] -> 2221981.4
I120: =Table11819202310303132353839[[#This Row],[النولون]]+Table11819202310303132353839[[#This Row],[الايصالات]]+Table11819202310303132353839[[#This Row],[قيمة مضافة]] -> 0 | K120: =K119+Table11819202310303132353839[[#This Row],[اجمالي الفاتوره]]-Table11819202310303132353839[[#This Row],[الدفعات]] -> 2221981.4
I121: =Table11819202310303132353839[[#This Row],[النولون]]+Table11819202310303132353839[[#This Row],[الايصالات]]+Table11819202310303132353839[[#This Row],[قيمة مضافة]] -> 0 | K121: =K120+Table11819202310303132353839[[#This Row],[اجمالي الفاتوره]]-Table11819202310303132353839[[#This Row],[الدفعات]] -> 2221981.4
I122: =Table11819202310303132353839[[#This Row],[النولون]]+Table11819202310303132353839[[#This Row],[الايصالات]]+Table11819202310303132353839[[#This Row],[قيمة مضافة]] -> 0 | K122: =K121+Table11819202310303132353839[[#This Row],[اجمالي الفاتوره]]-Table11819202310303132353839[[#This Row],[الدفعات]] -> 2221981.4
I123: =Table11819202310303132353839[[#This Row],[النولون]]+Table11819202310303132353839[[#This Row],[الايصالات]]+Table11819202310303132353839[[#This Row],[قيمة مضافة]] -> 0 | K123: =K122+Table11819202310303132353839[[#This Row],[اجمالي الفاتوره]]-Table11819202310303132353839[[#This Row],[الدفعات]] -> 2221981.4
I124: =Table11819202310303132353839[[#This Row],[النولون]]+Table11819202310303132353839[[#This Row],[الايصالات]]+Table11819202310303132353839[[#This Row],[قيمة مضافة]] -> 0 | K124: =K123+Table11819202310303132353839[[#This Row],[اجمالي الفاتوره]]-Table11819202310303132353839[[#This Row],[الدفعات]] -> 2221981.4
I125: =Table11819202310303132353839[[#This Row],[النولون]]+Table11819202310303132353839[[#This Row],[الايصالات]]+Table11819202310303132353839[[#This Row],[قيمة مضافة]] -> 0 | K125: =K124+Table11819202310303132353839[[#This Row],[اجمالي الفاتوره]]-Table11819202310303132353839[[#This Row],[الدفعات]] -> 2221981.4
... I199: =Table11819202310303132353839[[#This Row],[النولون]]+Table11819202310303132353839[[#This Row],[الايصالات]]+Table11819202310303132353839[[#This Row],[قيمة مضافة]] -> 0 | K199: =K198+Table11819202310303132353839[[#This Row],[اجمالي الفاتوره]]-Table11819202310303132353839[[#This Row],[الدفعات]] -> 2221981.4
I200: =Table11819202310303132353839[[#This Row],[النولون]]+Table11819202310303132353839[[#This Row],[الايصالات]]-+Table11819202310303132353839[[#This Row],[قيمة مضافة]] -> 0 | K200: =K199+Table11819202310303132353839[[#This Row],[اجمالي الفاتوره]]-Table11819202310303132353839[[#This Row],[الدفعات]] -> 2221981.4
I201: =Table11819202310303132353839[[#This Row],[النولون]]+Table11819202310303132353839[[#This Row],[الايصالات]]-+Table11819202310303132353839[[#This Row],[قيمة مضافة]] -> 0 | K201: =K200+Table11819202310303132353839[[#This Row],[اجمالي الفاتوره]]-Table11819202310303132353839[[#This Row],[الدفعات]] -> 2221981.4
I202: =Table11819202310303132353839[[#This Row],[النولون]]+Table11819202310303132353839[[#This Row],[الايصالات]]-+Table11819202310303132353839[[#This Row],[قيمة مضافة]] -> 0 | K202: =K201+Table11819202310303132353839[[#This Row],[اجمالي الفاتوره]]-Table11819202310303132353839[[#This Row],[الدفعات]] -> 2221981.4
I203: =Table11819202310303132353839[[#This Row],[النولون]]+Table11819202310303132353839[[#This Row],[الايصالات]]-+Table11819202310303132353839[[#This Row],[قيمة مضافة]] -> 0 | K203: =K202+Table11819202310303132353839[[#This Row],[اجمالي الفاتوره]]-Table11819202310303132353839[[#This Row],[الدفعات]] -> 2221981.4
I204: =Table11819202310303132353839[[#This Row],[النولون]]+Table11819202310303132353839[[#This Row],[الايصالات]]-+Table11819202310303132353839[[#This Row],[قيمة مضافة]] -> 0 | K204: =K203+Table11819202310303132353839[[#This Row],[اجمالي الفاتوره]]-Table11819202310303132353839[[#This Row],[الدفعات]] -> 2221981.4
I205: =Table11819202310303132353839[[#This Row],[النولون]]+Table11819202310303132353839[[#This Row],[الايصالات]]-+Table11819202310303132353839[[#This Row],[قيمة مضافة]] -> 0 | K205: =K204+Table11819202310303132353839[[#This Row],[اجمالي الفاتوره]]-Table11819202310303132353839[[#This Row],[الدفعات]] -> 2221981.4
I206: =Table11819202310303132353839[[#This Row],[النولون]]+Table11819202310303132353839[[#This Row],[الايصالات]]-+Table11819202310303132353839[[#This Row],[قيمة مضافة]] -> 0 | K206: =K205+Table11819202310303132353839[[#This Row],[اجمالي الفاتوره]]-Table11819202310303132353839[[#This Row],[الدفعات]] -> 2221981.4
I207: =Table11819202310303132353839[[#This Row],[النولون]]+Table11819202310303132353839[[#This Row],[الايصالات]]-+Table11819202310303132353839[[#This Row],[قيمة مضافة]] -> 0 | K207: =K206+Table11819202310303132353839[[#This Row],[اجمالي الفاتوره]]-Table11819202310303132353839[[#This Row],[الدفعات]] -> 2221981.4
I208: =Table11819202310303132353839[[#This Row],[النولون]]+Table11819202310303132353839[[#This Row],[الايصالات]]-+Table11819202310303132353839[[#This Row],[قيمة مضافة]] -> 0 | K208: =K207+Table11819202310303132353839[[#This Row],[اجمالي الفاتوره]]-Table11819202310303132353839[[#This Row],[الدفعات]] -> 2221981.4
I209: =Table11819202310303132353839[[#This Row],[النولون]]+Table11819202310303132353839[[#This Row],[الايصالات]]-+Table11819202310303132353839[[#This Row],[قيمة مضافة]] -> 0 | K209: =K208+Table11819202310303132353839[[#This Row],[اجمالي الفاتوره]]-Table11819202310303132353839[[#This Row],[الدفعات]] -> 2221981.4
I210: =Table11819202310303132353839[[#This Row],[النولون]]+Table11819202310303132353839[[#This Row],[الايصالات]]-+Table11819202310303132353839[[#This Row],[قيمة مضافة]] -> 0 | K210: =K209+Table11819202310303132353839[[#This Row],[اجمالي الفاتوره]]-Table11819202310303132353839[[#This Row],[الدفعات]] -> 2221981.4
I211: =Table11819202310303132353839[[#This Row],[النولون]]+Table11819202310303132353839[[#This Row],[الايصالات]]-+Table11819202310303132353839[[#This Row],[قيمة مضافة]] -> 0 | K211: =K210+Table11819202310303132353839[[#This Row],[اجمالي الفاتوره]]-Table11819202310303132353839[[#This Row],[الدفعات]] -> 2221981.4
... I364: =Table11819202310303132353839[[#This Row],[النولون]]+Table11819202310303132353839[[#This Row],[الايصالات]]-+Table11819202310303132353839[[#This Row],[قيمة مضافة]] -> 0 | K364: =K363+Table11819202310303132353839[[#This Row],[اجمالي الفاتوره]]-Table11819202310303132353839[[#This Row],[الدفعات]] -> 2221981.4
K365: =K364+Table11819202310303132353839[[#This Row],[اجمالي الفاتوره]]-Table11819202310303132353839[[#This Row],[الدفعات]] -> 2221981.4
K366: =K365+Table11819202310303132353839[[#This Row],[اجمالي الفاتوره]]-Table11819202310303132353839[[#This Row],[الدفعات]] -> 2221981.4
K367: =K366+Table11819202310303132353839[[#This Row],[اجمالي الفاتوره]]-Table11819202310303132353839[[#This Row],[الدفعات]] -> 2221981.4
K368: =K367+Table11819202310303132353839[[#This Row],[اجمالي الفاتوره]]-Table11819202310303132353839[[#This Row],[الدفعات]] -> 2221981.4
K369: =K368+Table11819202310303132353839[[#This Row],[اجمالي الفاتوره]]-Table11819202310303132353839[[#This Row],[الدفعات]] -> 2221981.4
K370: =K369+Table11819202310303132353839[[#This Row],[اجمالي الفاتوره]]-Table11819202310303132353839[[#This Row],[الدفعات]] -> 2221981.4
K371: =K370+Table11819202310303132353839[[#This Row],[اجمالي الفاتوره]]-Table11819202310303132353839[[#This Row],[الدفعات]] -> 2221981.4
K372: =K371+Table11819202310303132353839[[#This Row],[اجمالي الفاتوره]]-Table11819202310303132353839[[#This Row],[الدفعات]] -> 2221981.4
K373: =K372+Table11819202310303132353839[[#This Row],[اجمالي الفاتوره]]-Table11819202310303132353839[[#This Row],[الدفعات]] -> 2221981.4
K374: =K373+Table11819202310303132353839[[#This Row],[اجمالي الفاتوره]]-Table11819202310303132353839[[#This Row],[الدفعات]] -> 2221981.4

Sheet mfb
A1: فاتورة | B1: م | C1: التاريخ | D1: اسم الشركه | E1: العنوان | F1: رقم الاذن | G1: عدد الحاويات | H1: النولون | I1: قيمة مضافة | J1: الايصالات | K1: اجمالي الفاتوره | L1: الدفعات | M1: اجمالي الحساب | N1: Column1 | O1: Column2
A2: 1261 | C2: 31/1/2026 | D2: لوجيا | E2: الصف | F2: 874984 | G2: 24*20 | H2: =12*26800 -> 321600 | J2: =24*120+100+11*560+365.21*8+382.42*2+399.64+420.29+3*1215+3*1250+6*1350+850*2+3192+3762+2736+1200+17784+3600+4104 -> 67219.45 | K2: =Table1181920231030313235383940[[#This Row],[النولون]]+Table1181920231030313235383940[[#This Row],[الايصالات]]+Table1181920231030313235383940[[#This Row],[قيمة مضافة]] -> 388819.45 | M2: =Table1181920231030313235383940[[#This Row],[اجمالي الفاتوره]] -> 388819.45
B3: 1 | C3: 31/1/2026 | D3: لوجيا | H3: 2500 | J3: =23*200+2410+35+574.7+3405+600 -> 11624.7 | K3: =Table1181920231030313235383940[[#This Row],[النولون]]+Table1181920231030313235383940[[#This Row],[الايصالات]]+Table1181920231030313235383940[[#This Row],[قيمة مضافة]] -> 14124.7 | M3: =M2+Table1181920231030313235383940[[#This Row],[اجمالي الفاتوره]]-Table1181920231030313235383940[[#This Row],[الدفعات]] -> 402944.15
B4: 2 | C4: 31/1/2026 | D4: زونج | E4: صور ضوئية | J4: 1010 | K4: =Table1181920231030313235383940[[#This Row],[النولون]]+Table1181920231030313235383940[[#This Row],[الايصالات]]+Table1181920231030313235383940[[#This Row],[قيمة مضافة]] -> 1010 | M4: =M3+Table1181920231030313235383940[[#This Row],[اجمالي الفاتوره]]-Table1181920231030313235383940[[#This Row],[الدفعات]] -> 403954.15
A5: 1270 | C5: 4/2/2026 | D5: لوجيا | E5: الصف | F5: 1346 | G5: 12*20 | H5: =26800*6 -> 160800 | J5: =12*120+1350+1772.87+1250+1315*4+5*365.21+180+600+560*6+2017.8+6726 -> 25782.72 | K5: =Table1181920231030313235383940[[#This Row],[النولون]]+Table1181920231030313235383940[[#This Row],[الايصالات]]+Table1181920231030313235383940[[#This Row],[قيمة مضافة]] -> 186582.72 | M5: =M4+Table1181920231030313235383940[[#This Row],[اجمالي الفاتوره]]-Table1181920231030313235383940[[#This Row],[الدفعات]] -> 590536.87
B6: 3 | C6: 4/2/2026 | D6: لوجيا | E6: الصف | H6: 2500 | J6: =11*200+1210+35+574.7 -> 4019.7 | K6: =Table1181920231030313235383940[[#This Row],[النولون]]+Table1181920231030313235383940[[#This Row],[الايصالات]]+Table1181920231030313235383940[[#This Row],[قيمة مضافة]] -> 6519.7 | M6: =M5+Table1181920231030313235383940[[#This Row],[اجمالي الفاتوره]]-Table1181920231030313235383940[[#This Row],[الدفعات]] -> 597056.57
A7: 1271 | C7: 4/2/2026 | D7: لوجيا | E7: الصف | F7: 878005 | G7: 22*20 | H7: =11*26800 -> 294800 | J7: =850+24*120+365.21*11+1350+1250+1315*9+420+560*8+16302+1368+3300+3762 -> 51814.31 | K7: =Table1181920231030313235383940[[#This Row],[النولون]]+Table1181920231030313235383940[[#This Row],[الايصالات]]+Table1181920231030313235383940[[#This Row],[قيمة مضافة]] -> 346614.31 | M7: =M6+Table1181920231030313235383940[[#This Row],[اجمالي الفاتوره]]-Table1181920231030313235383940[[#This Row],[الدفعات]] -> 943670.88
B8: 4 | C8: 4/2/2026 | D8: لوجيا | E8: الصف | H8: 2500 | J8: =21*200+2210+35+574.7 -> 7019.7 | K8: =Table1181920231030313235383940[[#This Row],[النولون]]+Table1181920231030313235383940[[#This Row],[الايصالات]]+Table1181920231030313235383940[[#This Row],[قيمة مضافة]] -> 9519.7 | M8: =M7+Table1181920231030313235383940[[#This Row],[اجمالي الفاتوره]]-Table1181920231030313235383940[[#This Row],[الدفعات]] -> 953190.58
C9: 8/2/2026 | K9: =Table1181920231030313235383940[[#This Row],[النولون]]+Table1181920231030313235383940[[#This Row],[الايصالات]]+Table1181920231030313235383940[[#This Row],[قيمة مضافة]] -> 0 | L9: 589956.57 | M9: =M8+Table1181920231030313235383940[[#This Row],[اجمالي الفاتوره]]-Table1181920231030313235383940[[#This Row],[الدفعات]] -> 363234.01 | N9: =SUM(K:K)-SUM(L:L) -> 0 | O9: =SUM(I:I) -> 0
K10: =Table1181920231030313235383940[[#This Row],[النولون]]+Table1181920231030313235383940[[#This Row],[الايصالات]]+Table1181920231030313235383940[[#This Row],[قيمة مضافة]] -> 0 | L10: 356134.01 | M10: =M9+Table1181920231030313235383940[[#This Row],[اجمالي الفاتوره]]-Table1181920231030313235383940[[#This Row],[الدفعات]] -> 7100
A11: 1288 | C11: 14/2/2026 | D11: لوجيا | E11: الصف | F11: 878872 | G11: 18*20 | H11: =26800*9 -> 241200 | J11: =850+560*9+614.9+1065+389.31+1115+389.31+1115+365.21*6+1115*3+1065+1150*2+45.15*2+105.79*7+18*120+2700+3078+451.45 -> 28700.06 | K11: =Table1181920231030313235383940[[#This Row],[النولون]]+Table1181920231030313235383940[[#This Row],[الايصالات]]+Table1181920231030313235383940[[#This Row],[قيمة مضافة]] -> 269900.06 | M11: =M10+Table1181920231030313235383940[[#This Row],[اجمالي الفاتوره]]-Table1181920231030313235383940[[#This Row],[الدفعات]] -> 277000.06
B12: 5 | C12: 14/2/2026 | D12: لوجيا | E12: الصف | H12: 2500 | J12: =574.7+17*200 -> 3974.7 | K12: =Table1181920231030313235383940[[#This Row],[النولون]]+Table1181920231030313235383940[[#This Row],[الايصالات]]+Table1181920231030313235383940[[#This Row],[قيمة مضافة]] -> 6474.7 | M12: =M11+Table1181920231030313235383940[[#This Row],[اجمالي الفاتوره]]-Table1181920231030313235383940[[#This Row],[الدفعات]] -> 283474.76
C13: 4/3/2026 | K13: =Table1181920231030313235383940[[#This Row],[النولون]]+Table1181920231030313235383940[[#This Row],[الايصالات]]+Table1181920231030313235383940[[#This Row],[قيمة مضافة]] -> 0 | L13: 283474.76 | M13: =M12+Table1181920231030313235383940[[#This Row],[اجمالي الفاتوره]]-Table1181920231030313235383940[[#This Row],[الدفعات]] -> 0
A14: 1388 | C14: 46130 | D14: لوجيا | E14: الصف | F14: 4965 | G14: 18*20 | H14: =9*28000 -> 252000 | J14: =1368+13748.4+1080+1350*4+1115*2+1315*3+365.21*2+375.54+372.09+372.09+836.05+389.31+385.86+372.09+850+560*8+16*120 -> 38854.85 | K14: =Table1181920231030313235383940[[#This Row],[النولون]]+Table1181920231030313235383940[[#This Row],[الايصالات]]+Table1181920231030313235383940[[#This Row],[قيمة مضافة]] -> 290854.85 | M14: =M13+Table1181920231030313235383940[[#This Row],[اجمالي الفاتوره]]-Table1181920231030313235383940[[#This Row],[الدفعات]] -> 290854.85
B15: 6 | C15: 46130 | D15: لوجيا | E15: الصف | H15: 2500 | J15: =35+574.7+200*17 -> 4009.7 | K15: =Table1181920231030313235383940[[#This Row],[النولون]]+Table1181920231030313235383940[[#This Row],[الايصالات]]+Table1181920231030313235383940[[#This Row],[قيمة مضافة]] -> 6509.7 | M15: =M14+Table1181920231030313235383940[[#This Row],[اجمالي الفاتوره]]-Table1181920231030313235383940[[#This Row],[الدفعات]] -> 297364.55
A16: 1389 | C16: 46130 | D16: لوجيا | E16: الصف | F16: 4973 | G16: 18*20 | H16: =9*28000 -> 252000 | J16: =850*2+1080+21*120+9*560+2394+13748.4+9*1315+6*365.21+399.64+600.75+396.19 -> 41905.24 | K16: =Table1181920231030313235383940[[#This Row],[النولون]]+Table1181920231030313235383940[[#This Row],[الايصالات]]+Table1181920231030313235383940[[#This Row],[قيمة مضافة]] -> 293905.24 | M16: =M15+Table1181920231030313235383940[[#This Row],[اجمالي الفاتوره]]-Table1181920231030313235383940[[#This Row],[الدفعات]] -> 591269.79
B17: 7 | C17: 46130 | D17: لوجيا | E17: الصف | H17: 2500 | J17: =35+574.7+200*17 -> 4009.7 | K17: =Table1181920231030313235383940[[#This Row],[النولون]]+Table1181920231030313235383940[[#This Row],[الايصالات]]+Table1181920231030313235383940[[#This Row],[قيمة مضافة]] -> 6509.7 | M17: =M16+Table1181920231030313235383940[[#This Row],[اجمالي الفاتوره]]-Table1181920231030313235383940[[#This Row],[الدفعات]] -> 597779.49
C18: 46139 | K18: =Table1181920231030313235383940[[#This Row],[النولون]]+Table1181920231030313235383940[[#This Row],[الايصالات]]+Table1181920231030313235383940[[#This Row],[قيمة مضافة]] -> 0 | L18: 597779.49 | M18: =M17+Table1181920231030313235383940[[#This Row],[اجمالي الفاتوره]]-Table1181920231030313235383940[[#This Row],[الدفعات]] -> 0
B19: 8 | C19: 46159 | D19: صن رايز | E19: عرب مساعد | F19: 913136 | G19: 10*20 | H19: =26000*5 -> 130000 | J19: =114+13*120+2100+389.31+375.54+1100+45.15+1150+365.21+365.21+1150+2150+365.21+45.15+45.15+5*560+4963.56+399+1500+1710 -> 22692.49 | K19: =Table1181920231030313235383940[[#This Row],[النولون]]+Table1181920231030313235383940[[#This Row],[الايصالات]]+Table1181920231030313235383940[[#This Row],[قيمة مضافة]] -> 152692.49 | M19: =M18+Table1181920231030313235383940[[#This Row],[اجمالي الفاتوره]]-Table1181920231030313235383940[[#This Row],[الدفعات]] -> 152692.49
A20: 1476 | C20: 46159 | D20: لوجيا | E20: الصف | F20: 919283 | G20: 24*20 | H20: =28000*12 -> 336000 | J20: =27*120+850+11*560+350+22230+6840+1200+3*570+3600+4104+7*365.21+396.19*2+372.09+389.31+413.41+1350*7+1200*2+1250+1315*2 -> 70537.66 | K20: =Table1181920231030313235383940[[#This Row],[النولون]]+Table1181920231030313235383940[[#This Row],[الايصالات]]+Table1181920231030313235383940[[#This Row],[قيمة مضافة]] -> 406537.66 | M20: =M19+Table1181920231030313235383940[[#This Row],[اجمالي الفاتوره]]-Table1181920231030313235383940[[#This Row],[الدفعات]] -> 559230.15
B21: 9 | C21: 46159 | D21: لوجيا | E21: الصف | H21: 2500 | J21: =2410+35+642+23*200 -> 7687 | K21: =Table1181920231030313235383940[[#This Row],[النولون]]+Table1181920231030313235383940[[#This Row],[الايصالات]]+Table1181920231030313235383940[[#This Row],[قيمة مضافة]] -> 10187 | M21: =M20+Table1181920231030313235383940[[#This Row],[اجمالي الفاتوره]]-Table1181920231030313235383940[[#This Row],[الدفعات]] -> 569417.15
C22: 46177 | K22: =Table1181920231030313235383940[[#This Row],[النولون]]+Table1181920231030313235383940[[#This Row],[الايصالات]]+Table1181920231030313235383940[[#This Row],[قيمة مضافة]] -> 0 | L22: 569417.15 | M22: =M21+Table1181920231030313235383940[[#This Row],[اجمالي الفاتوره]]-Table1181920231030313235383940[[#This Row],[الدفعات]] -> 0
A23: 1508 | C23: 46180 | D23: لوجيا | E23: الصف | F23: 925680 | G23: 22*20 | H23: =28000*11 -> 308000 | J23: =120*23+6*560+850+171.2+105.79*4+68.08+68.08+105.79+365.21*11+1250*2+1215*8+1250+5000+3300+3762+877.8 -> 38233.42 | K23: =Table1181920231030313235383940[[#This Row],[النولون]]+Table1181920231030313235383940[[#This Row],[الايصالات]]+Table1181920231030313235383940[[#This Row],[قيمة مضافة]] -> 346233.42 | M23: =M22+Table1181920231030313235383940[[#This Row],[اجمالي الفاتوره]]-Table1181920231030313235383940[[#This Row],[الدفعات]] -> 346233.42
B24: 10 | C24: 46180 | D24: لوجيا | E24: الصف | H24: 2500 | J24: =21*200+574.7+35+1010 -> 5819.7 | K24: =Table1181920231030313235383940[[#This Row],[النولون]]+Table1181920231030313235383940[[#This Row],[الايصالات]]+Table1181920231030313235383940[[#This Row],[قيمة مضافة]] -> 8319.7 | L24: 10 | M24: =M23+Table1181920231030313235383940[[#This Row],[اجمالي الفاتوره]]-Table1181920231030313235383940[[#This Row],[الدفعات]] -> 354543.12
C25: 46190 | K25: =Table1181920231030313235383940[[#This Row],[النولون]]+Table1181920231030313235383940[[#This Row],[الايصالات]]+Table1181920231030313235383940[[#This Row],[قيمة مضافة]] -> 0 | L25: 354543.12 | M25: =M24+Table1181920231030313235383940[[#This Row],[اجمالي الفاتوره]]-Table1181920231030313235383940[[#This Row],[الدفعات]] -> 0
K26: =Table1181920231030313235383940[[#This Row],[النولون]]+Table1181920231030313235383940[[#This Row],[الايصالات]]+Table1181920231030313235383940[[#This Row],[قيمة مضافة]] -> 0 | M26: =M25+Table1181920231030313235383940[[#This Row],[اجمالي الفاتوره]]-Table1181920231030313235383940[[#This Row],[الدفعات]] -> 0
K27: =Table1181920231030313235383940[[#This Row],[النولون]]+Table1181920231030313235383940[[#This Row],[الايصالات]]+Table1181920231030313235383940[[#This Row],[قيمة مضافة]] -> 0 | M27: =M26+Table1181920231030313235383940[[#This Row],[اجمالي الفاتوره]]-Table1181920231030313235383940[[#This Row],[الدفعات]] -> 0
K28: =Table1181920231030313235383940[[#This Row],[النولون]]+Table1181920231030313235383940[[#This Row],[الايصالات]]+Table1181920231030313235383940[[#This Row],[قيمة مضافة]] -> 0 | M28: =M27+Table1181920231030313235383940[[#This Row],[اجمالي الفاتوره]]-Table1181920231030313235383940[[#This Row],[الدفعات]] -> 0
K29: =Table1181920231030313235383940[[#This Row],[النولون]]+Table1181920231030313235383940[[#This Row],[الايصالات]]+Table1181920231030313235383940[[#This Row],[قيمة مضافة]] -> 0 | M29: =M28+Table1181920231030313235383940[[#This Row],[اجمالي الفاتوره]]-Table1181920231030313235383940[[#This Row],[الدفعات]] -> 0
K30: =Table1181920231030313235383940[[#This Row],[النولون]]+Table1181920231030313235383940[[#This Row],[الايصالات]]+Table1181920231030313235383940[[#This Row],[قيمة مضافة]] -> 0 | M30: =M29+Table1181920231030313235383940[[#This Row],[اجمالي الفاتوره]]-Table1181920231030313235383940[[#This Row],[الدفعات]] -> 0
K31: =Table1181920231030313235383940[[#This Row],[النولون]]+Table1181920231030313235383940[[#This Row],[الايصالات]]+Table1181920231030313235383940[[#This Row],[قيمة مضافة]] -> 0 | M31: =M30+Table1181920231030313235383940[[#This Row],[اجمالي الفاتوره]]-Table1181920231030313235383940[[#This Row],[الدفعات]] -> 0
K32: =Table1181920231030313235383940[[#This Row],[النولون]]+Table1181920231030313235383940[[#This Row],[الايصالات]]+Table1181920231030313235383940[[#This Row],[قيمة مضافة]] -> 0 | M32: =M31+Table1181920231030313235383940[[#This Row],[اجمالي الفاتوره]]-Table1181920231030313235383940[[#This Row],[الدفعات]] -> 0
K33: =Table1181920231030313235383940[[#This Row],[النولون]]+Table1181920231030313235383940[[#This Row],[الايصالات]]+Table1181920231030313235383940[[#This Row],[قيمة مضافة]] -> 0 | M33: =M32+Table1181920231030313235383940[[#This Row],[اجمالي الفاتوره]]-Table1181920231030313235383940[[#This Row],[الدفعات]] -> 0
K34: =Table1181920231030313235383940[[#This Row],[النولون]]+Table1181920231030313235383940[[#This Row],[الايصالات]]+Table1181920231030313235383940[[#This Row],[قيمة مضافة]] -> 0 | M34: =M33+Table1181920231030313235383940[[#This Row],[اجمالي الفاتوره]]-Table1181920231030313235383940[[#This Row],[الدفعات]] -> 0
K35: =Table1181920231030313235383940[[#This Row],[النولون]]+Table1181920231030313235383940[[#This Row],[الايصالات]]+Table1181920231030313235383940[[#This Row],[قيمة مضافة]] -> 0 | M35: =M34+Table1181920231030313235383940[[#This Row],[اجمالي الفاتوره]]-Table1181920231030313235383940[[#This Row],[الدفعات]] -> 0
K36: =Table1181920231030313235383940[[#This Row],[النولون]]+Table1181920231030313235383940[[#This Row],[الايصالات]]+Table1181920231030313235383940[[#This Row],[قيمة مضافة]] -> 0 | M36: =M35+Table1181920231030313235383940[[#This Row],[اجمالي الفاتوره]]-Table1181920231030313235383940[[#This Row],[الدفعات]] -> 0
K37: =Table1181920231030313235383940[[#This Row],[النولون]]+Table1181920231030313235383940[[#This Row],[الايصالات]]+Table1181920231030313235383940[[#This Row],[قيمة مضافة]] -> 0 | M37: =M36+Table1181920231030313235383940[[#This Row],[اجمالي الفاتوره]]-Table1181920231030313235383940[[#This Row],[الدفعات]] -> 0
... K347: =Table1181920231030313235383940[[#This Row],[النولون]]+Table1181920231030313235383940[[#This Row],[الايصالات]]+Table1181920231030313235383940[[#This Row],[قيمة مضافة]] -> 0 | M347: =M346+Table1181920231030313235383940[[#This Row],[اجمالي الفاتوره]]-Table1181920231030313235383940[[#This Row],[الدفعات]] -> 0

Sheet ريجينا
A1: فاتورة | B1: م | C1: التاريخ | D1: رقم الاذن | E1: توكيل | F1: عدد الحاويات | G1: النولون | H1: قيمة مضافة | I1: الايصالات | J1: اجمالي الفاتوره | K1: الدفعات | L1: اجمالي الحساب | M1: Column1 | N1: Column2
J2: =Table118192023103031323538394041481115182028[[#This Row],[النولون]]+Table118192023103031323538394041481115182028[[#This Row],[الايصالات]]+Table118192023103031323538394041481115182028[[#This Row],[قيمة مضافة]] -> 0 | L2: 0
A3: 1212 | B3: 1 | C3: 3/1/2026 | D3: 31804 | E3: ESL | F3: 10*20 | G3: =5*17500 -> 87500 | I3: =850+5*60+365.21*5+5*1130+7410+1500 -> 17536.05 | J3: =Table118192023103031323538394041481115182028[[#This Row],[النولون]]+Table118192023103031323538394041481115182028[[#This Row],[الايصالات]]+Table118192023103031323538394041481115182028[[#This Row],[قيمة مضافة]] -> 105036.05 | L3: =L2+Table118192023103031323538394041481115182028[[#This Row],[اجمالي الفاتوره]]-Table118192023103031323538394041481115182028[[#This Row],[الدفعات]] -> 105036.05
A4: 1213 | B4: 2 | C4: 3/1/2026 | D4: 263510355 | E4: ميرسك | F4: 5*40 | G4: =13000*5 -> 65000 | I4: =5*60+3*100+4*1130+1150+591.35+446.88+487.65+441.22+469.5+11736.3+2487+21291 -> 44220.9 | J4: =Table118192023103031323538394041481115182028[[#This Row],[النولون]]+Table118192023103031323538394041481115182028[[#This Row],[الايصالات]]+Table118192023103031323538394041481115182028[[#This Row],[قيمة مضافة]] -> 109220.9 | L4: =L3+Table118192023103031323538394041481115182028[[#This Row],[اجمالي الفاتوره]]-Table118192023103031323538394041481115182028[[#This Row],[الدفعات]] -> 214256.95
A5: 1214 | B5: 3 | C5: 3/1/2026 | D5: 263510215 | E5: ميرسك | F5: 2*40 | G5: =2*13000 -> 26000 | I5: =100+1130+1100+710.5+461.01+60*2+4393.56+997+8517 -> 17529.07 | J5: =Table118192023103031323538394041481115182028[[#This Row],[النولون]]+Table118192023103031323538394041481115182028[[#This Row],[الايصالات]]+Table118192023103031323538394041481115182028[[#This Row],[قيمة مضافة]] -> 43529.07 | L5: =L4+Table118192023103031323538394041481115182028[[#This Row],[اجمالي الفاتوره]]-Table118192023103031323538394041481115182028[[#This Row],[الدفعات]] -> 257786.02
A6: 1215 | B6: 4 | C6: 3/1/2026 | D6: 31766 | E6: ESL | F6: 2*40 | G6: =2*13000 -> 26000 | I6: =1130*2+452.53+461.01+60*2+2280+500 -> 6073.54 | J6: =Table118192023103031323538394041481115182028[[#This Row],[النولون]]+Table118192023103031323538394041481115182028[[#This Row],[الايصالات]]+Table118192023103031323538394041481115182028[[#This Row],[قيمة مضافة]] -> 32073.54 | L6: =L5+Table118192023103031323538394041481115182028[[#This Row],[اجمالي الفاتوره]]-Table118192023103031323538394041481115182028[[#This Row],[الدفعات]] -> 289859.56
C7: 4/3/2026 | D7: من مبلغ | E7: 400524.28 | I7: 0 | J7: =Table118192023103031323538394041481115182028[[#This Row],[النولون]]+Table118192023103031323538394041481115182028[[#This Row],[الايصالات]]+Table118192023103031323538394041481115182028[[#This Row],[قيمة مضافة]] -> 0 | K7: 75602.61 | L7: =L6+Table118192023103031323538394041481115182028[[#This Row],[اجمالي الفاتوره]]-Table118192023103031323538394041481115182028[[#This Row],[الدفعات]] -> 214256.95
A8: 1247 | B8: 5 | C8: 22/1/2026 | D8: 874062 | E8: CMA | F8: 1*20 ثق | G8: 13000 | I8: =850+100+60+75.47+527.54+550+25.1+150+171 -> 2509.11 | J8: =Table118192023103031323538394041481115182028[[#This Row],[النولون]]+Table118192023103031323538394041481115182028[[#This Row],[الايصالات]]+Table118192023103031323538394041481115182028[[#This Row],[قيمة مضافة]] -> 15509.11 | L8: =L7+Table118192023103031323538394041481115182028[[#This Row],[اجمالي الفاتوره]]-Table118192023103031323538394041481115182028[[#This Row],[الدفعات]] -> 229766.06
A9: 1248 | B9: 6 | C9: 22/1/2026 | D9: 6442485680 | E9: COSCO | F9: 1*40 | G9: 13000 | I9: =100+1130+710.5+60+2006.4+342 -> 4348.9 | J9: =Table118192023103031323538394041481115182028[[#This Row],[النولون]]+Table118192023103031323538394041481115182028[[#This Row],[الايصالات]]+Table118192023103031323538394041481115182028[[#This Row],[قيمة مضافة]] -> 17348.9 | L9: =L8+Table118192023103031323538394041481115182028[[#This Row],[اجمالي الفاتوره]]-Table118192023103031323538394041481115182028[[#This Row],[الدفعات]] -> 247114.96
A10: 1249 | B10: 7 | C10: 22/1/2026 | D10: 6442492950 | E10: COSCO | F10: 1*40 | G10: 13000 | I10: =60+1130+710.5+228+342 -> 2470.5 | J10: =Table118192023103031323538394041481115182028[[#This Row],[النولون]]+Table118192023103031323538394041481115182028[[#This Row],[الايصالات]]+Table118192023103031323538394041481115182028[[#This Row],[قيمة مضافة]] -> 15470.5 | L10: =L9+Table118192023103031323538394041481115182028[[#This Row],[اجمالي الفاتوره]]-Table118192023103031323538394041481115182028[[#This Row],[الدفعات]] -> 262585.46
A11: 1269 | B11: 8 | C11: 3/2/2026 | D11: 26109546 | E11: دي بي | F11: 10*20 | G11: =17500*5 -> 87500 | I11: =810*2+850*2+150+100*5+60*5+268.42+365.21*4+1130*4+1150+10000+456+500+10716+1824 -> 35165.26 | J11: =Table118192023103031323538394041481115182028[[#This Row],[النولون]]+Table118192023103031323538394041481115182028[[#This Row],[الايصالات]]+Table118192023103031323538394041481115182028[[#This Row],[قيمة مضافة]] -> 122665.26 | L11: =L10+Table118192023103031323538394041481115182028[[#This Row],[اجمالي الفاتوره]]-Table118192023103031323538394041481115182028[[#This Row],[الدفعات]] -> 385250.72
C12: 6/4/2026 | J12: =Table118192023103031323538394041481115182028[[#This Row],[النولون]]+Table118192023103031323538394041481115182028[[#This Row],[الايصالات]]+Table118192023103031323538394041481115182028[[#This Row],[قيمة مضافة]] -> 0 | K12: 350085.46 | L12: =L11+Table118192023103031323538394041481115182028[[#This Row],[اجمالي الفاتوره]]-Table118192023103031323538394041481115182028[[#This Row],[الدفعات]] -> 35165.26
A13: 1286 | B13: 9 | C13: 11/2/2026 | D13: 1964551 | E13: CMA | F13: 3*20 | G13: =17500+13000 -> 30500 | I13: =50+100*2+60*2+372.25+213.5+1130+580+2394+45+513+450 -> 6067.75 | J13: =Table118192023103031323538394041481115182028[[#This Row],[النولون]]+Table118192023103031323538394041481115182028[[#This Row],[الايصالات]]+Table118192023103031323538394041481115182028[[#This Row],[قيمة مضافة]] -> 36567.75 | L13: =L12+Table118192023103031323538394041481115182028[[#This Row],[اجمالي الفاتوره]]-Table118192023103031323538394041481115182028[[#This Row],[الدفعات]] -> 71733.01
A14: 1321 | B14: 10 | C14: 4/3/2026 | D14: 6445256130 | E14: COSCO | F14: 1*40 | G14: 13000 | I14: =850+100+60+1130+480.8+45.15+1072.97+25.1+342 -> 4106.02 | J14: =Table118192023103031323538394041481115182028[[#This Row],[النولون]]+Table118192023103031323538394041481115182028[[#This Row],[الايصالات]]+Table118192023103031323538394041481115182028[[#This Row],[قيمة مضافة]] -> 17106.02 | L14: =L13+Table118192023103031323538394041481115182028[[#This Row],[اجمالي الفاتوره]]-Table118192023103031323538394041481115182028[[#This Row],[الدفعات]] -> 88839.03 | M14: =SUM(J:J)-SUM(K:K)+L2 -> 712185.53 | N14: =SUM(H:H) -> 0
A15: 1322 | B15: 11 | C15: 4/3/2026 | D15: 35462 | E15: ميدكون | F15: 4*40 | G15: =13000*4 -> 52000 | I15: =810*2+850+50+60*4+1130+477.98+365.21*3+1130+1100+1100+263+787+5244+1000+2000*2 -> 20087.61 | J15: =Table118192023103031323538394041481115182028[[#This Row],[النولون]]+Table118192023103031323538394041481115182028[[#This Row],[الايصالات]]+Table118192023103031323538394041481115182028[[#This Row],[قيمة مضافة]] -> 72087.61 | L15: =L14+Table118192023103031323538394041481115182028[[#This Row],[اجمالي الفاتوره]]-Table118192023103031323538394041481115182028[[#This Row],[الدفعات]] -> 160926.64
A16: 1323 | B16: 12 | C16: 4/3/2026 | D16: 497 | E16: ايجيبت | F16: 10*20 | G16: =17500*5 -> 87500 | I16: =850+365.21*4+372.09+60*5+10000+500+10146+2850+1130*4+1150 -> 32148.93 | J16: =Table118192023103031323538394041481115182028[[#This Row],[النولون]]+Table118192023103031323538394041481115182028[[#This Row],[الايصالات]]+Table118192023103031323538394041481115182028[[#This Row],[قيمة مضافة]] -> 119648.93 | L16: =L15+Table118192023103031323538394041481115182028[[#This Row],[اجمالي الفاتوره]]-Table118192023103031323538394041481115182028[[#This Row],[الدفعات]] -> 280575.57
C17: 46147 | J17: =Table118192023103031323538394041481115182028[[#This Row],[النولون]]+Table118192023103031323538394041481115182028[[#This Row],[الايصالات]]+Table118192023103031323538394041481115182028[[#This Row],[قيمة مضافة]] -> 0 | K17: 280575.57 | L17: =L16+Table118192023103031323538394041481115182028[[#This Row],[اجمالي الفاتوره]]-Table118192023103031323538394041481115182028[[#This Row],[الدفعات]] -> 0
A18: 1346 | B18: 13 | C18: 30/3/2026 | D18: 896498 | E18: CMA | F18: 37*20 | G18: =18*19500+14500 -> 365500 | I18: =570+1100*2+1130*16+19*60+3*100+850*2+200+928+5550+6327+105.79*11+45.15*5+82.86+140.22+358.87+667.62*2+786.78+747.18+327.5+327.5+365.21*12+13*3500 -> 92373.11 | J18: =Table118192023103031323538394041481115182028[[#This Row],[النولون]]+Table118192023103031323538394041481115182028[[#This Row],[الايصالات]]+Table118192023103031323538394041481115182028[[#This Row],[قيمة مضافة]] -> 457873.11 | L18: =L17+Table118192023103031323538394041481115182028[[#This Row],[اجمالي الفاتوره]]-Table118192023103031323538394041481115182028[[#This Row],[الدفعات]] -> 457873.11
C19: 46184 | J19: =Table118192023103031323538394041481115182028[[#This Row],[النولون]]+Table118192023103031323538394041481115182028[[#This Row],[الايصالات]]+Table118192023103031323538394041481115182028[[#This Row],[قيمة مضافة]] -> 0 | K19: 365500 | L19: =L18+Table118192023103031323538394041481115182028[[#This Row],[اجمالي الفاتوره]]-Table118192023103031323538394041481115182028[[#This Row],[الدفعات]] -> 92373.11
A20: 1413 | B20: 14 | C20: 46138 | D20: 18908900 | E20: كادمار | F20: 1*40 | G20: 14500 | I20: =1130+466.67+68.08+60+850+1187.2+700+700 -> 5161.95 | J20: =Table118192023103031323538394041481115182028[[#This Row],[النولون]]+Table118192023103031323538394041481115182028[[#This Row],[الايصالات]]+Table118192023103031323538394041481115182028[[#This Row],[قيمة مضافة]] -> 19661.95 | L20: =L19+Table118192023103031323538394041481115182028[[#This Row],[اجمالي الفاتوره]]-Table118192023103031323538394041481115182028[[#This Row],[الدفعات]] -> 112035.06
A21: 1414 | B21: 15 | C21: 46138 | D21: 69571500 | E21: كادمار | F21: 1*40 | G21: 14500 | I21: =1130+909.09+68.08+60+850+1187.2+700*2 -> 5604.37 | J21: =Table118192023103031323538394041481115182028[[#This Row],[النولون]]+Table118192023103031323538394041481115182028[[#This Row],[الايصالات]]+Table118192023103031323538394041481115182028[[#This Row],[قيمة مضافة]] -> 20104.37 | L21: =L20+Table118192023103031323538394041481115182028[[#This Row],[اجمالي الفاتوره]]-Table118192023103031323538394041481115182028[[#This Row],[الدفعات]] -> 132139.43
A22: 1415 | B22: 16 | C22: 46138 | D22: 22579600 | E22: كادمار | F22: 1*40 | G22: 14500 | I22: =1100+458.19+68.08+60+1187.2+700*2+119.7 -> 4393.17 | J22: =Table118192023103031323538394041481115182028[[#This Row],[النولون]]+Table118192023103031323538394041481115182028[[#This Row],[الايصالات]]+Table118192023103031323538394041481115182028[[#This Row],[قيمة مضافة]] -> 18893.17 | L22: =L21+Table118192023103031323538394041481115182028[[#This Row],[اجمالي الفاتوره]]-Table118192023103031323538394041481115182028[[#This Row],[الدفعات]] -> 151032.6
A23: 1446 | B23: 17 | C23: 46151 | D23: 914230 | E23: CMA | F23: 6*20 | G23: =19500*3 -> 58500 | I23: =60*3+810+866.22+365.21+330.94+6881.04+752.4+1100*3+900+1026 -> 15411.81 | J23: =Table118192023103031323538394041481115182028[[#This Row],[النولون]]+Table118192023103031323538394041481115182028[[#This Row],[الايصالات]]+Table118192023103031323538394041481115182028[[#This Row],[قيمة مضافة]] -> 73911.81 | L23: =L22+Table118192023103031323538394041481115182028[[#This Row],[اجمالي الفاتوره]]-Table118192023103031323538394041481115182028[[#This Row],[الدفعات]] -> 224944.41
A24: 1466 | B24: 18 | C24: 46158 | D24: 9166178 | E24: CMA | F24: 7*20 | G24: =3*19500+14500 -> 73000 | I24: =251.21+365.21*3+4*60+200+15333+1130+600+1100*2+1197+1050+2500*3 -> 30796.84 | J24: =Table118192023103031323538394041481115182028[[#This Row],[النولون]]+Table118192023103031323538394041481115182028[[#This Row],[الايصالات]]+Table118192023103031323538394041481115182028[[#This Row],[قيمة مضافة]] -> 103796.84 | L24: =L23+Table118192023103031323538394041481115182028[[#This Row],[اجمالي الفاتوره]]-Table118192023103031323538394041481115182028[[#This Row],[الدفعات]] -> 328741.25
A25: 1494 | B25: 19 | C25: 46174 | D25: 76804 | E25: لات | F25: 1*40 | G25: 14500 | I25: =810+210+1100+105.79+441.22+60+478.8+228+114+150 -> 3697.81 | J25: =Table118192023103031323538394041481115182028[[#This Row],[النولون]]+Table118192023103031323538394041481115182028[[#This Row],[الايصالات]]+Table118192023103031323538394041481115182028[[#This Row],[قيمة مضافة]] -> 18197.81 | L25: =L24+Table118192023103031323538394041481115182028[[#This Row],[اجمالي الفاتوره]]-Table118192023103031323538394041481115182028[[#This Row],[الدفعات]] -> 346939.06
A26: 1495 | B26: 20 | C26: 46174 | D26: 76805 | E26: لات | F26: 1*40 | G26: 14500 | I26: =210+1100+442.45+60+2633.4+228+114+150+2500 -> 7437.85 | J26: =Table118192023103031323538394041481115182028[[#This Row],[النولون]]+Table118192023103031323538394041481115182028[[#This Row],[الايصالات]]+Table118192023103031323538394041481115182028[[#This Row],[قيمة مضافة]] -> 21937.85 | L26: =L25+Table118192023103031323538394041481115182028[[#This Row],[اجمالي الفاتوره]]-Table118192023103031323538394041481115182028[[#This Row],[الدفعات]] -> 368876.91
A27: 1531 | B27: 21 | C27: 46186 | D27: 6503773540 | E27: كوسكو | F27: 1*40 | G27: 14500 | I27: =210+1100+790.06+909.09+60+1909.5+342+150+3000 -> 8470.65 | J27: =Table118192023103031323538394041481115182028[[#This Row],[النولون]]+Table118192023103031323538394041481115182028[[#This Row],[الايصالات]]+Table118192023103031323538394041481115182028[[#This Row],[قيمة مضافة]] -> 22970.65 | L27: =L26+Table118192023103031323538394041481115182028[[#This Row],[اجمالي الفاتوره]]-Table118192023103031323538394041481115182028[[#This Row],[الدفعات]] -> 391847.56
A28: 1532 | B28: 22 | C28: 46186 | D28: 6503773550 | E28: كوسكو | F28: 1*40 | G28: 14500 | I28: =210+1100+909.09+60+1909.5+342+150 -> 4680.59 | J28: =Table118192023103031323538394041481115182028[[#This Row],[النولون]]+Table118192023103031323538394041481115182028[[#This Row],[الايصالات]]+Table118192023103031323538394041481115182028[[#This Row],[قيمة مضافة]] -> 19180.59 | L28: =L27+Table118192023103031323538394041481115182028[[#This Row],[اجمالي الفاتوره]]-Table118192023103031323538394041481115182028[[#This Row],[الدفعات]] -> 411028.15
A29: 1533 | B29: 23 | C29: 46186 | D29: 17222907 | E29: MSC | F29: 1*40 | G29: =14500+5000 -> 19500 | I29: =850+1100+210+60+204+1713.6+2000+2500+1000 -> 9637.6 | J29: =Table118192023103031323538394041481115182028[[#This Row],[النولون]]+Table118192023103031323538394041481115182028[[#This Row],[الايصالات]]+Table118192023103031323538394041481115182028[[#This Row],[قيمة مضافة]] -> 29137.6 | L29: =L28+Table118192023103031323538394041481115182028[[#This Row],[اجمالي الفاتوره]]-Table118192023103031323538394041481115182028[[#This Row],[الدفعات]] -> 440165.75
A30: 1534 | B30: 24 | C30: 46186 | D30: 6238300 | E30: ONE | F30: 1*40 | G30: 14500 | I30: =150+60+1130+750.23+1345+4615+855 -> 8905.23 | J30: =Table118192023103031323538394041481115182028[[#This Row],[النولون]]+Table118192023103031323538394041481115182028[[#This Row],[الايصالات]]+Table118192023103031323538394041481115182028[[#This Row],[قيمة مضافة]] -> 23405.23 | L30: =L29+Table118192023103031323538394041481115182028[[#This Row],[اجمالي الفاتوره]]-Table118192023103031323538394041481115182028[[#This Row],[الدفعات]] -> 463570.98
A31: 1535 | B31: 25 | C31: 46186 | D31: 925261 | E31: CMA | F31: 2*40 | G31: =14500*2 -> 29000 | I31: =1100+1100+464.45+463.84+60+5000+400+570+2500*2 -> 14158.29 | J31: =Table118192023103031323538394041481115182028[[#This Row],[النولون]]+Table118192023103031323538394041481115182028[[#This Row],[الايصالات]]+Table118192023103031323538394041481115182028[[#This Row],[قيمة مضافة]] -> 43158.29 | L31: =L30+Table118192023103031323538394041481115182028[[#This Row],[اجمالي الفاتوره]]-Table118192023103031323538394041481115182028[[#This Row],[الدفعات]] -> 506729.27
A32: 1538 | B32: 26 | C32: 46186 | D32: 77014 | E32: لات | F32: 2*40 | G32: =14500*2 -> 29000 | I32: =850+410+1100+1130+45.15+469.5+710.5+60*2+478.8+200+1500*2+456*2 -> 9425.95 | J32: =Table118192023103031323538394041481115182028[[#This Row],[النولون]]+Table118192023103031323538394041481115182028[[#This Row],[الايصالات]]+Table118192023103031323538394041481115182028[[#This Row],[قيمة مضافة]] -> 38425.95 | L32: =L31+Table118192023103031323538394041481115182028[[#This Row],[اجمالي الفاتوره]]-Table118192023103031323538394041481115182028[[#This Row],[الدفعات]] -> 545155.22
A33: 1537 | B33: 27 | C33: 46186 | D33: 77015 | E33: لات | F33: 3*40 | G33: =14500*3 -> 43500 | I33: =610+1100*2+1150+68.08+68.08+750.23+710.5+710.5+60*3+250+6583.5+1500*3+684*2 -> 19148.89 | J33: =Table118192023103031323538394041481115182028[[#This Row],[النولون]]+Table118192023103031323538394041481115182028[[#This Row],[الايصالات]]+Table118192023103031323538394041481115182028[[#This Row],[قيمة مضافة]] -> 62648.89 | L33: =L32+Table118192023103031323538394041481115182028[[#This Row],[اجمالي الفاتوره]]-Table118192023103031323538394041481115182028[[#This Row],[الدفعات]] -> 607804.11
A34: 1550 | B34: 28 | C34: 46194 | D34: 928762 | E34: CMA | F34: 6*20 | G34: =3*19500 -> 58500 | I34: =3*2500+850+2*60+365.21+413.41+385.86+1130+1100*2+7866+900+1026 -> 22756.48 | J34: =Table118192023103031323538394041481115182028[[#This Row],[النولون]]+Table118192023103031323538394041481115182028[[#This Row],[الايصالات]]+Table118192023103031323538394041481115182028[[#This Row],[قيمة مضافة]] -> 81256.48 | L34: =L33+Table118192023103031323538394041481115182028[[#This Row],[اجمالي الفاتوره]]-Table118192023103031323538394041481115182028[[#This Row],[الدفعات]] -> 689060.59
A35: 1551 | B35: 29 | C35: 46194 | D35: 925317 | E35: CMA | F35: 1*40 | G35: 14500 | I35: =2*2500+60+1150+789.94+1140+200+285 -> 8624.94 | J35: =Table118192023103031323538394041481115182028[[#This Row],[النولون]]+Table118192023103031323538394041481115182028[[#This Row],[الايصالات]]+Table118192023103031323538394041481115182028[[#This Row],[قيمة مضافة]] -> 23124.94 | L35: =L34+Table118192023103031323538394041481115182028[[#This Row],[اجمالي الفاتوره]]-Table118192023103031323538394041481115182028[[#This Row],[الدفعات]] -> 712185.53
J36: =Table118192023103031323538394041481115182028[[#This Row],[النولون]]+Table118192023103031323538394041481115182028[[#This Row],[الايصالات]]+Table118192023103031323538394041481115182028[[#This Row],[قيمة مضافة]] -> 0 | L36: =L35+Table118192023103031323538394041481115182028[[#This Row],[اجمالي الفاتوره]]-Table118192023103031323538394041481115182028[[#This Row],[الدفعات]] -> 712185.53
J37: =Table118192023103031323538394041481115182028[[#This Row],[النولون]]+Table118192023103031323538394041481115182028[[#This Row],[الايصالات]]+Table118192023103031323538394041481115182028[[#This Row],[قيمة مضافة]] -> 0 | L37: =L36+Table118192023103031323538394041481115182028[[#This Row],[اجمالي الفاتوره]]-Table118192023103031323538394041481115182028[[#This Row],[الدفعات]] -> 712185.53
J38: =Table118192023103031323538394041481115182028[[#This Row],[النولون]]+Table118192023103031323538394041481115182028[[#This Row],[الايصالات]]+Table118192023103031323538394041481115182028[[#This Row],[قيمة مضافة]] -> 0 | L38: =L37+Table118192023103031323538394041481115182028[[#This Row],[اجمالي الفاتوره]]-Table118192023103031323538394041481115182028[[#This Row],[الدفعات]] -> 712185.53
J39: =Table118192023103031323538394041481115182028[[#This Row],[النولون]]+Table118192023103031323538394041481115182028[[#This Row],[الايصالات]]+Table118192023103031323538394041481115182028[[#This Row],[قيمة مضافة]] -> 0 | L39: =L38+Table118192023103031323538394041481115182028[[#This Row],[اجمالي الفاتوره]]-Table118192023103031323538394041481115182028[[#This Row],[الدفعات]] -> 712185.53
J40: =Table118192023103031323538394041481115182028[[#This Row],[النولون]]+Table118192023103031323538394041481115182028[[#This Row],[الايصالات]]+Table118192023103031323538394041481115182028[[#This Row],[قيمة مضافة]] -> 0 | L40: =L39+Table118192023103031323538394041481115182028[[#This Row],[اجمالي الفاتوره]]-Table118192023103031323538394041481115182028[[#This Row],[الدفعات]] -> 712185.53
J41: =Table118192023103031323538394041481115182028[[#This Row],[النولون]]+Table118192023103031323538394041481115182028[[#This Row],[الايصالات]]+Table118192023103031323538394041481115182028[[#This Row],[قيمة مضافة]] -> 0 | L41: =L40+Table118192023103031323538394041481115182028[[#This Row],[اجمالي الفاتوره]]-Table118192023103031323538394041481115182028[[#This Row],[الدفعات]] -> 712185.53
J42: =Table118192023103031323538394041481115182028[[#This Row],[النولون]]+Table118192023103031323538394041481115182028[[#This Row],[الايصالات]]+Table118192023103031323538394041481115182028[[#This Row],[قيمة مضافة]] -> 0 | L42: =L41+Table118192023103031323538394041481115182028[[#This Row],[اجمالي الفاتوره]]-Table118192023103031323538394041481115182028[[#This Row],[الدفعات]] -> 712185.53
J43: =Table118192023103031323538394041481115182028[[#This Row],[النولون]]+Table118192023103031323538394041481115182028[[#This Row],[الايصالات]]+Table118192023103031323538394041481115182028[[#This Row],[قيمة مضافة]] -> 0 | L43: =L42+Table118192023103031323538394041481115182028[[#This Row],[اجمالي الفاتوره]]-Table118192023103031323538394041481115182028[[#This Row],[الدفعات]] -> 712185.53
J44: =Table118192023103031323538394041481115182028[[#This Row],[النولون]]+Table118192023103031323538394041481115182028[[#This Row],[الايصالات]]+Table118192023103031323538394041481115182028[[#This Row],[قيمة مضافة]] -> 0 | L44: =L43+Table118192023103031323538394041481115182028[[#This Row],[اجمالي الفاتوره]]-Table118192023103031323538394041481115182028[[#This Row],[الدفعات]] -> 712185.53
J45: =Table118192023103031323538394041481115182028[[#This Row],[النولون]]+Table118192023103031323538394041481115182028[[#This Row],[الايصالات]]+Table118192023103031323538394041481115182028[[#This Row],[قيمة مضافة]] -> 0 | L45: =L44+Table118192023103031323538394041481115182028[[#This Row],[اجمالي الفاتوره]]-Table118192023103031323538394041481115182028[[#This Row],[الدفعات]] -> 712185.53
J46: =Table118192023103031323538394041481115182028[[#This Row],[النولون]]+Table118192023103031323538394041481115182028[[#This Row],[الايصالات]]+Table118192023103031323538394041481115182028[[#This Row],[قيمة مضافة]] -> 0 | L46: =L45+Table118192023103031323538394041481115182028[[#This Row],[اجمالي الفاتوره]]-Table118192023103031323538394041481115182028[[#This Row],[الدفعات]] -> 712185.53
J47: =Table118192023103031323538394041481115182028[[#This Row],[النولون]]+Table118192023103031323538394041481115182028[[#This Row],[الايصالات]]+Table118192023103031323538394041481115182028[[#This Row],[قيمة مضافة]] -> 0 | L47: =L46+Table118192023103031323538394041481115182028[[#This Row],[اجمالي الفاتوره]]-Table118192023103031323538394041481115182028[[#This Row],[الدفعات]] -> 712185.53
... J349: =Table118192023103031323538394041481115182028[[#This Row],[النولون]]+Table118192023103031323538394041481115182028[[#This Row],[الايصالات]]+Table118192023103031323538394041481115182028[[#This Row],[قيمة مضافة]] -> 0 | L349: =L348+Table118192023103031323538394041481115182028[[#This Row],[اجمالي الفاتوره]]-Table118192023103031323538394041481115182028[[#This Row],[الدفعات]] -> 712185.53

Sheet اسمنت مصر
A1: فاتورة | B1: م | C1: التاريخ | D1: اسم الشركه | E1: العنوان | F1: رقم الاذن | G1: عدد الحاويات | H1: النولون | I1: قيمة مضافة | J1: الايصالات | K1: اجمالي الفاتوره | L1: الدفعات | M1: اجمالي الحساب | N1: Column1 | O1: Column2
A2: 1262 | B2: 1 | C2: 31/1/2026 | D2: اسمنت | E2: بني سويف /ابوقير | F2: 1257 | G2: 4*20 | H2: =29500*2 -> 59000 | J2: =100*2+5*50+240+490*2+1100*2+97.5*2+475.5+425.5+8433.36 -> 13399.36 | K2: =Table1181920231030313235383940414811151820284359[[#This Row],[النولون]]+Table1181920231030313235383940414811151820284359[[#This Row],[الايصالات]]+Table1181920231030313235383940414811151820284359[[#This Row],[قيمة مضافة]] -> 72399.36 | M2: =Table1181920231030313235383940414811151820284359[[#This Row],[اجمالي الفاتوره]]-L2 -> 72399.36
C3: 16/3/2026 | K3: =Table1181920231030313235383940414811151820284359[[#This Row],[النولون]]+Table1181920231030313235383940414811151820284359[[#This Row],[الايصالات]]+Table1181920231030313235383940414811151820284359[[#This Row],[قيمة مضافة]] -> 0 | L3: 70629.36 | M3: =M2+Table1181920231030313235383940414811151820284359[[#This Row],[اجمالي الفاتوره]]-Table1181920231030313235383940414811151820284359[[#This Row],[الدفعات]] -> 1770
A4: 1342 | B4: 2 | C4: 30/3/2026 | D4: اسمنت | E4: بني سويف /ابوقير | F4: 3748 | G4: 2*20 | H4: 32500 | J4: =850+100*3+120+1150+443+197.5+2108.34 -> 5168.84 | K4: =Table1181920231030313235383940414811151820284359[[#This Row],[النولون]]+Table1181920231030313235383940414811151820284359[[#This Row],[الايصالات]]+Table1181920231030313235383940414811151820284359[[#This Row],[قيمة مضافة]] -> 37668.84 | M4: =M3+Table1181920231030313235383940414811151820284359[[#This Row],[اجمالي الفاتوره]]-Table1181920231030313235383940414811151820284359[[#This Row],[الدفعات]] -> 39438.84
A5: 1344 | B5: 3 | C5: 30/3/2026 | D5: اسمنت | E5: بني سويف | F5: 2807800 | G5: 12*20 | H5: =28000*6 -> 168000 | J5: =8*100+120+9*50+5*490+365.21*6+12684+8250+1200*6+9496.2 -> 43641.46 | K5: =Table1181920231030313235383940414811151820284359[[#This Row],[النولون]]+Table1181920231030313235383940414811151820284359[[#This Row],[الايصالات]]+Table1181920231030313235383940414811151820284359[[#This Row],[قيمة مضافة]] -> 211641.46 | M5: =M4+Table1181920231030313235383940414811151820284359[[#This Row],[اجمالي الفاتوره]]-Table1181920231030313235383940414811151820284359[[#This Row],[الدفعات]] -> 251080.3
A6: 1365 | B6: 4 | C6: 46119 | D6: اسمنت | E6: بني سويف | F6: 899831 | G6: 2*20 | H6: 28000 | J6: =100*2+850+365.21+105.79+490+1200+798+342+300+79.8 -> 4730.8 | K6: =Table1181920231030313235383940414811151820284359[[#This Row],[النولون]]+Table1181920231030313235383940414811151820284359[[#This Row],[الايصالات]]+Table1181920231030313235383940414811151820284359[[#This Row],[قيمة مضافة]] -> 32730.8 | M6: =M5+Table1181920231030313235383940414811151820284359[[#This Row],[اجمالي الفاتوره]]-Table1181920231030313235383940414811151820284359[[#This Row],[الدفعات]] -> 283811.1
C7: 46158 | K7: =Table1181920231030313235383940414811151820284359[[#This Row],[النولون]]+Table1181920231030313235383940414811151820284359[[#This Row],[الايصالات]]+Table1181920231030313235383940414811151820284359[[#This Row],[قيمة مضافة]] -> 0 | L7: 282040.7 | M7: =M6+Table1181920231030313235383940414811151820284359[[#This Row],[اجمالي الفاتوره]]-Table1181920231030313235383940414811151820284359[[#This Row],[الدفعات]] -> 1770.4
A8: 1439 | B8: 5 | C8: 46145 | D8: اسمنت | E8: بني سويف | F8: 172629 | G8: 4*20 | H8: =28000*2 -> 56000 | I8: =0.14*Table1181920231030313235383940414811151820284359[[#This Row],[النولون]] -> 7840 | J8: =100*3+1130+1150+1440.8+105.79+1150.1+490+2964*2 -> 11694.69 | K8: =Table1181920231030313235383940414811151820284359[[#This Row],[النولون]]+Table1181920231030313235383940414811151820284359[[#This Row],[الايصالات]]+Table1181920231030313235383940414811151820284359[[#This Row],[قيمة مضافة]] -> 75534.69 | M8: =M7+Table1181920231030313235383940414811151820284359[[#This Row],[اجمالي الفاتوره]]-Table1181920231030313235383940414811151820284359[[#This Row],[الدفعات]] -> 77305.09
C9: 46166 | K9: =Table1181920231030313235383940414811151820284359[[#This Row],[النولون]]+Table1181920231030313235383940414811151820284359[[#This Row],[الايصالات]]+Table1181920231030313235383940414811151820284359[[#This Row],[قيمة مضافة]] -> 0 | L9: =63840+11694.69 -> 75534.69 | M9: =M8+Table1181920231030313235383940414811151820284359[[#This Row],[اجمالي الفاتوره]]-Table1181920231030313235383940414811151820284359[[#This Row],[الدفعات]] -> 1770.4
K10: =Table1181920231030313235383940414811151820284359[[#This Row],[النولون]]+Table1181920231030313235383940414811151820284359[[#This Row],[الايصالات]]+Table1181920231030313235383940414811151820284359[[#This Row],[قيمة مضافة]] -> 0 | M10: =M9+Table1181920231030313235383940414811151820284359[[#This Row],[اجمالي الفاتوره]]-Table1181920231030313235383940414811151820284359[[#This Row],[الدفعات]] -> 1770.4
K11: =Table1181920231030313235383940414811151820284359[[#This Row],[النولون]]+Table1181920231030313235383940414811151820284359[[#This Row],[الايصالات]]+Table1181920231030313235383940414811151820284359[[#This Row],[قيمة مضافة]] -> 0 | M11: =M10+Table1181920231030313235383940414811151820284359[[#This Row],[اجمالي الفاتوره]]-Table1181920231030313235383940414811151820284359[[#This Row],[الدفعات]] -> 1770.4
K12: =Table1181920231030313235383940414811151820284359[[#This Row],[النولون]]+Table1181920231030313235383940414811151820284359[[#This Row],[الايصالات]]+Table1181920231030313235383940414811151820284359[[#This Row],[قيمة مضافة]] -> 0 | M12: =M11+Table1181920231030313235383940414811151820284359[[#This Row],[اجمالي الفاتوره]]-Table1181920231030313235383940414811151820284359[[#This Row],[الدفعات]] -> 1770.4
K13: =Table1181920231030313235383940414811151820284359[[#This Row],[النولون]]+Table1181920231030313235383940414811151820284359[[#This Row],[الايصالات]]+Table1181920231030313235383940414811151820284359[[#This Row],[قيمة مضافة]] -> 0 | M13: =M12+Table1181920231030313235383940414811151820284359[[#This Row],[اجمالي الفاتوره]]-Table1181920231030313235383940414811151820284359[[#This Row],[الدفعات]] -> 1770.4 | N13: =SUM(K:K)-SUM(L:L) -> 1770.4 | O13: =SUM(I:I) -> 7840
K14: =Table1181920231030313235383940414811151820284359[[#This Row],[النولون]]+Table1181920231030313235383940414811151820284359[[#This Row],[الايصالات]]+Table1181920231030313235383940414811151820284359[[#This Row],[قيمة مضافة]] -> 0 | M14: =M13+Table1181920231030313235383940414811151820284359[[#This Row],[اجمالي الفاتوره]]-Table1181920231030313235383940414811151820284359[[#This Row],[الدفعات]] -> 1770.4
K15: =Table1181920231030313235383940414811151820284359[[#This Row],[النولون]]+Table1181920231030313235383940414811151820284359[[#This Row],[الايصالات]]+Table1181920231030313235383940414811151820284359[[#This Row],[قيمة مضافة]] -> 0 | M15: =M14+Table1181920231030313235383940414811151820284359[[#This Row],[اجمالي الفاتوره]]-Table1181920231030313235383940414811151820284359[[#This Row],[الدفعات]] -> 1770.4
K16: =Table1181920231030313235383940414811151820284359[[#This Row],[النولون]]+Table1181920231030313235383940414811151820284359[[#This Row],[الايصالات]]+Table1181920231030313235383940414811151820284359[[#This Row],[قيمة مضافة]] -> 0 | M16: =M15+Table1181920231030313235383940414811151820284359[[#This Row],[اجمالي الفاتوره]]-Table1181920231030313235383940414811151820284359[[#This Row],[الدفعات]] -> 1770.4
K17: =Table1181920231030313235383940414811151820284359[[#This Row],[النولون]]+Table1181920231030313235383940414811151820284359[[#This Row],[الايصالات]]+Table1181920231030313235383940414811151820284359[[#This Row],[قيمة مضافة]] -> 0 | M17: =M16+Table1181920231030313235383940414811151820284359[[#This Row],[اجمالي الفاتوره]]-Table1181920231030313235383940414811151820284359[[#This Row],[الدفعات]] -> 1770.4
K18: =Table1181920231030313235383940414811151820284359[[#This Row],[النولون]]+Table1181920231030313235383940414811151820284359[[#This Row],[الايصالات]]+Table1181920231030313235383940414811151820284359[[#This Row],[قيمة مضافة]] -> 0 | M18: =M17+Table1181920231030313235383940414811151820284359[[#This Row],[اجمالي الفاتوره]]-Table1181920231030313235383940414811151820284359[[#This Row],[الدفعات]] -> 1770.4
K19: =Table1181920231030313235383940414811151820284359[[#This Row],[النولون]]+Table1181920231030313235383940414811151820284359[[#This Row],[الايصالات]]+Table1181920231030313235383940414811151820284359[[#This Row],[قيمة مضافة]] -> 0 | M19: =M18+Table1181920231030313235383940414811151820284359[[#This Row],[اجمالي الفاتوره]]-Table1181920231030313235383940414811151820284359[[#This Row],[الدفعات]] -> 1770.4
K20: =Table1181920231030313235383940414811151820284359[[#This Row],[النولون]]+Table1181920231030313235383940414811151820284359[[#This Row],[الايصالات]]+Table1181920231030313235383940414811151820284359[[#This Row],[قيمة مضافة]] -> 0 | M20: =M19+Table1181920231030313235383940414811151820284359[[#This Row],[اجمالي الفاتوره]]-Table1181920231030313235383940414811151820284359[[#This Row],[الدفعات]] -> 1770.4
K21: =Table1181920231030313235383940414811151820284359[[#This Row],[النولون]]+Table1181920231030313235383940414811151820284359[[#This Row],[الايصالات]]+Table1181920231030313235383940414811151820284359[[#This Row],[قيمة مضافة]] -> 0 | M21: =M20+Table1181920231030313235383940414811151820284359[[#This Row],[اجمالي الفاتوره]]-Table1181920231030313235383940414811151820284359[[#This Row],[الدفعات]] -> 1770.4
K22: =Table1181920231030313235383940414811151820284359[[#This Row],[النولون]]+Table1181920231030313235383940414811151820284359[[#This Row],[الايصالات]]+Table1181920231030313235383940414811151820284359[[#This Row],[قيمة مضافة]] -> 0 | M22: =M21+Table1181920231030313235383940414811151820284359[[#This Row],[اجمالي الفاتوره]]-Table1181920231030313235383940414811151820284359[[#This Row],[الدفعات]] -> 1770.4
K23: =Table1181920231030313235383940414811151820284359[[#This Row],[النولون]]+Table1181920231030313235383940414811151820284359[[#This Row],[الايصالات]]+Table1181920231030313235383940414811151820284359[[#This Row],[قيمة مضافة]] -> 0 | M23: =M22+Table1181920231030313235383940414811151820284359[[#This Row],[اجمالي الفاتوره]]-Table1181920231030313235383940414811151820284359[[#This Row],[الدفعات]] -> 1770.4
K24: =Table1181920231030313235383940414811151820284359[[#This Row],[النولون]]+Table1181920231030313235383940414811151820284359[[#This Row],[الايصالات]]+Table1181920231030313235383940414811151820284359[[#This Row],[قيمة مضافة]] -> 0 | M24: =M23+Table1181920231030313235383940414811151820284359[[#This Row],[اجمالي الفاتوره]]-Table1181920231030313235383940414811151820284359[[#This Row],[الدفعات]] -> 1770.4
K25: =Table1181920231030313235383940414811151820284359[[#This Row],[النولون]]+Table1181920231030313235383940414811151820284359[[#This Row],[الايصالات]]+Table1181920231030313235383940414811151820284359[[#This Row],[قيمة مضافة]] -> 0 | M25: =M24+Table1181920231030313235383940414811151820284359[[#This Row],[اجمالي الفاتوره]]-Table1181920231030313235383940414811151820284359[[#This Row],[الدفعات]] -> 1770.4
... K339: =Table1181920231030313235383940414811151820284359[[#This Row],[النولون]]+Table1181920231030313235383940414811151820284359[[#This Row],[الايصالات]]+Table1181920231030313235383940414811151820284359[[#This Row],[قيمة مضافة]] -> 0 | M339: =M338+Table1181920231030313235383940414811151820284359[[#This Row],[اجمالي الفاتوره]]-Table1181920231030313235383940414811151820284359[[#This Row],[الدفعات]] -> 1770.4

Sheet الدولية للملاحة 
A1: فاتورة | B1: م | C1: التاريخ | D1: اسم الشركه | E1: العنوان | F1: رقم الاذن | G1: عدد الحاويات | H1: النولون | I1: قيمة مضافة | J1: الايصالات | K1: اجمالي الفاتوره | L1: الدفعات | M1: اجمالي الحساب | N1: Column1 | O1: Column2
I2: =0.14*Table11819202310303132353839404148111518202843[[#This Row],[النولون]] -> 0 | K2: =Table11819202310303132353839404148111518202843[[#This Row],[النولون]]+Table11819202310303132353839404148111518202843[[#This Row],[الايصالات]]+Table11819202310303132353839404148111518202843[[#This Row],[قيمة مضافة]] -> 0 | M2: 0
A3: 1222 | B3: 1 | C3: 8/1/2026 | D3: الفحم | E3: برج العرب | F3: 870140 | G3: 2*20 | H3: 11000 | I3: =0.14*Table11819202310303132353839404148111518202843[[#This Row],[النولون]] -> 1540 | J3: =210+45.15+365.21+1120+342+300+200+50.2 -> 2632.56 | K3: =Table11819202310303132353839404148111518202843[[#This Row],[النولون]]+Table11819202310303132353839404148111518202843[[#This Row],[الايصالات]]+Table11819202310303132353839404148111518202843[[#This Row],[قيمة مضافة]] -> 15172.56 | M3: =M2+Table11819202310303132353839404148111518202843[[#This Row],[اجمالي الفاتوره]]-Table11819202310303132353839404148111518202843[[#This Row],[الدفعات]] -> 15172.56
A4: 1254 | B4: 2 | C4: 24/1/2026 | D4: الفحم | E4: برج العرب | F4: 870249 | G4: 5*20 | H4: =11000*2+5500 -> 27500 | I4: =0.14*Table11819202310303132353839404148111518202843[[#This Row],[النولون]] -> 3850 | J4: =392.75+378.98*2+3705+1150*3+537+750+855+250 -> 10697.71 | K4: =Table11819202310303132353839404148111518202843[[#This Row],[النولون]]+Table11819202310303132353839404148111518202843[[#This Row],[الايصالات]]+Table11819202310303132353839404148111518202843[[#This Row],[قيمة مضافة]] -> 42047.71 | L4: 200 | M4: =M3+Table11819202310303132353839404148111518202843[[#This Row],[اجمالي الفاتوره]]-Table11819202310303132353839404148111518202843[[#This Row],[الدفعات]] -> 57020.27
A5: 1255 | B5: 3 | C5: 24/1/2026 | D5: الفحم | E5: برج العرب | F5: 870085 | G5: 5*20 | H5: =11000*2+5500 -> 27500 | I5: =0.14*Table11819202310303132353839404148111518202843[[#This Row],[النولون]] -> 3850 | J5: =327.5+365.21+537+1026+3705+1150*2+250+855+750 -> 10115.71 | K5: =Table11819202310303132353839404148111518202843[[#This Row],[النولون]]+Table11819202310303132353839404148111518202843[[#This Row],[الايصالات]]+Table11819202310303132353839404148111518202843[[#This Row],[قيمة مضافة]] -> 41465.71 | M5: =M4+Table11819202310303132353839404148111518202843[[#This Row],[اجمالي الفاتوره]]-Table11819202310303132353839404148111518202843[[#This Row],[الدفعات]] -> 98485.98
A6: 1259 | B6: 4 | C6: 24/1/2026 | D6: الفحم | E6: برج العرب | F6: 871416 | G6: 2*20 | H6: 11000 | I6: =0.14*Table11819202310303132353839404148111518202843[[#This Row],[النولون]] -> 1540 | J6: =1120+365.21+300+342+300+342+210+200+1482 -> 4661.21 | K6: =Table11819202310303132353839404148111518202843[[#This Row],[النولون]]+Table11819202310303132353839404148111518202843[[#This Row],[الايصالات]]+Table11819202310303132353839404148111518202843[[#This Row],[قيمة مضافة]] -> 17201.21 | M6: =M5+Table11819202310303132353839404148111518202843[[#This Row],[اجمالي الفاتوره]]-Table11819202310303132353839404148111518202843[[#This Row],[الدفعات]] -> 115687.19
C7: 8/2/2026 | I7: =0.14*Table11819202310303132353839404148111518202843[[#This Row],[النولون]] -> 0 | K7: =Table11819202310303132353839404148111518202843[[#This Row],[النولون]]+Table11819202310303132353839404148111518202843[[#This Row],[الايصالات]]+Table11819202310303132353839404148111518202843[[#This Row],[قيمة مضافة]] -> 0 | L7: 115687.19 | M7: =M6+Table11819202310303132353839404148111518202843[[#This Row],[اجمالي الفاتوره]]-Table11819202310303132353839404148111518202843[[#This Row],[الدفعات]] -> 0
A8: 1292 | B8: 5 | C8: 14/2/2026 | D8: الفحم | E8: برج العرب | F8: 879957 | G8: 5*20 | H8: =11000*2+8500 -> 30500 | I8: =0.14*Table11819202310303132353839404148111518202843[[#This Row],[النولون]] -> 4270 | J8: =850+365.21+251.21+365.21+1120+580+1150+4218+855+750+250 -> 10754.63 | K8: =Table11819202310303132353839404148111518202843[[#This Row],[النولون]]+Table11819202310303132353839404148111518202843[[#This Row],[الايصالات]]+Table11819202310303132353839404148111518202843[[#This Row],[قيمة مضافة]] -> 45524.63 | M8: =M7+Table11819202310303132353839404148111518202843[[#This Row],[اجمالي الفاتوره]]-Table11819202310303132353839404148111518202843[[#This Row],[الدفعات]] -> 45524.63
A9: 1293 | B9: 6 | C9: 14/2/2026 | D9: الفحم | E9: برج العرب | F9: 882622 | G9: 3*20 | H9: =11000+8500 -> 19500 | I9: =0.14*Table11819202310303132353839404148111518202843[[#This Row],[النولون]] -> 2730 | J9: =304.08+389.31+550+1100+150+2223+450+513+250 -> 5929.39 | K9: =Table11819202310303132353839404148111518202843[[#This Row],[النولون]]+Table11819202310303132353839404148111518202843[[#This Row],[الايصالات]]+Table11819202310303132353839404148111518202843[[#This Row],[قيمة مضافة]] -> 28159.39 | M9: =M8+Table11819202310303132353839404148111518202843[[#This Row],[اجمالي الفاتوره]]-Table11819202310303132353839404148111518202843[[#This Row],[الدفعات]] -> 73684.02
C10: 3/3/2026 | I10: =0.14*Table11819202310303132353839404148111518202843[[#This Row],[النولون]] -> 0 | K10: =Table11819202310303132353839404148111518202843[[#This Row],[النولون]]+Table11819202310303132353839404148111518202843[[#This Row],[الايصالات]]+Table11819202310303132353839404148111518202843[[#This Row],[قيمة مضافة]] -> 0 | L10: 73684.02 | M10: =M9+Table11819202310303132353839404148111518202843[[#This Row],[اجمالي الفاتوره]]-Table11819202310303132353839404148111518202843[[#This Row],[الدفعات]] -> 0
A11: 1305 | B11: 7 | C11: 22/2/2026 | D11: أي تي او | E11: برج العرب | F11: 71856 | G11: 4*20 | H11: =11000*2 -> 22000 | I11: =0.14*Table11819202310303132353839404148111518202843[[#This Row],[النولون]] -> 3080 | J11: =1150*2+1060.74+1015.77+2166+1824+1140+38607.66 -> 48114.17 | K11: =Table11819202310303132353839404148111518202843[[#This Row],[النولون]]+Table11819202310303132353839404148111518202843[[#This Row],[الايصالات]]+Table11819202310303132353839404148111518202843[[#This Row],[قيمة مضافة]] -> 73194.17 | M11: =M10+Table11819202310303132353839404148111518202843[[#This Row],[اجمالي الفاتوره]]-Table11819202310303132353839404148111518202843[[#This Row],[الدفعات]] -> 73194.17
A12: 1383 | B12: 8 | C12: 1/3/2026 | D12: أي تي او | E12: الماكس | F12: 92304 | G12: 2*40 | H12: =6400*2 -> 12800 | I12: =0.14*Table11819202310303132353839404148111518202843[[#This Row],[النولون]] -> 1792 | J12: =810+388.67+633.85+1050+200+250+1050+200+850+517 -> 5949.52 | K12: =Table11819202310303132353839404148111518202843[[#This Row],[النولون]]+Table11819202310303132353839404148111518202843[[#This Row],[الايصالات]]+Table11819202310303132353839404148111518202843[[#This Row],[قيمة مضافة]] -> 20541.52 | M12: =M11+Table11819202310303132353839404148111518202843[[#This Row],[اجمالي الفاتوره]]-Table11819202310303132353839404148111518202843[[#This Row],[الدفعات]] -> 93735.69
A13: 1376 | B13: 9 | C13: 28/3/2026 | D13: أي تي او | E13: الماكس | F13: 119251 | G13: 2*20 | H13: 8300 | I13: =0.14*Table11819202310303132353839404148111518202843[[#This Row],[النولون]] -> 1162 | J13: =850+2235+1611.75+1232*2+150 -> 7310.75 | K13: =Table11819202310303132353839404148111518202843[[#This Row],[النولون]]+Table11819202310303132353839404148111518202843[[#This Row],[الايصالات]]+Table11819202310303132353839404148111518202843[[#This Row],[قيمة مضافة]] -> 16772.75 | M13: =M12+Table11819202310303132353839404148111518202843[[#This Row],[اجمالي الفاتوره]]-Table11819202310303132353839404148111518202843[[#This Row],[الدفعات]] -> 110508.44 | N13: =SUM(K:K)-SUM(L:L)+M2 -> 40931.38 | O13: =SUM(Table11819202310303132353839404148111518202843[قيمة مضافة]) -> 61460
A14: 1377 | B14: 10 | C14: 28/3/2026 | D14: أي تي او | E14: الماكس | F14: 119200 | G14: 2*20 | H14: 8300 | I14: =0.14*Table11819202310303132353839404148111518202843[[#This Row],[النولون]] -> 1162 | J14: =810+1075.8+4140+100+150 -> 6275.8 | K14: =Table11819202310303132353839404148111518202843[[#This Row],[النولون]]+Table11819202310303132353839404148111518202843[[#This Row],[الايصالات]]+Table11819202310303132353839404148111518202843[[#This Row],[قيمة مضافة]] -> 15737.8 | L14: 60 | M14: =M13+Table11819202310303132353839404148111518202843[[#This Row],[اجمالي الفاتوره]]-Table11819202310303132353839404148111518202843[[#This Row],[الدفعات]] -> 126186.24
C15: 46142 | I15: =0.14*Table11819202310303132353839404148111518202843[[#This Row],[النولون]] -> 0 | K15: =Table11819202310303132353839404148111518202843[[#This Row],[النولون]]+Table11819202310303132353839404148111518202843[[#This Row],[الايصالات]]+Table11819202310303132353839404148111518202843[[#This Row],[قيمة مضافة]] -> 0 | L15: 52992.07 | M15: =M14+Table11819202310303132353839404148111518202843[[#This Row],[اجمالي الفاتوره]]-Table11819202310303132353839404148111518202843[[#This Row],[الدفعات]] -> 73194.17
C16: 9/4/2026 | I16: =0.14*Table11819202310303132353839404148111518202843[[#This Row],[النولون]] -> 0 | K16: =Table11819202310303132353839404148111518202843[[#This Row],[النولون]]+Table11819202310303132353839404148111518202843[[#This Row],[الايصالات]]+Table11819202310303132353839404148111518202843[[#This Row],[قيمة مضافة]] -> 0 | L16: 73194.17 | M16: =M15+Table11819202310303132353839404148111518202843[[#This Row],[اجمالي الفاتوره]]-Table11819202310303132353839404148111518202843[[#This Row],[الدفعات]] -> 0
A17: 1380 | B17: 11 | C17: 46126 | D17: الفحم | E17: برج العرب | F17: 16388159 | G17: 3*20 | H17: =12000+9300 -> 21300 | I17: =0.14*Table11819202310303132353839404148111518202843[[#This Row],[النولون]] -> 2982 | J17: =610+365.21+332.88+1135+4455+9864 -> 16762.09 | K17: =Table11819202310303132353839404148111518202843[[#This Row],[النولون]]+Table11819202310303132353839404148111518202843[[#This Row],[الايصالات]]+Table11819202310303132353839404148111518202843[[#This Row],[قيمة مضافة]] -> 41044.09 | M17: =M16+Table11819202310303132353839404148111518202843[[#This Row],[اجمالي الفاتوره]]-Table11819202310303132353839404148111518202843[[#This Row],[الدفعات]] -> 41044.09
A18: 1381 | B18: 12 | C18: 46126 | D18: الفحم | E18: برج العرب | F18: 16388191 | G18: 2*20 | H18: 12000 | I18: =0.14*Table11819202310303132353839404148111518202843[[#This Row],[النولون]] -> 1680 | J18: =210+389.31+1150+3540+6576 -> 11865.31 | K18: =Table11819202310303132353839404148111518202843[[#This Row],[النولون]]+Table11819202310303132353839404148111518202843[[#This Row],[الايصالات]]+Table11819202310303132353839404148111518202843[[#This Row],[قيمة مضافة]] -> 25545.31 | M18: =M17+Table11819202310303132353839404148111518202843[[#This Row],[اجمالي الفاتوره]]-Table11819202310303132353839404148111518202843[[#This Row],[الدفعات]] -> 66589.4
A19: 1382 | B19: 13 | C19: 46127 | D19: الفحم | E19: برج العرب | F19: 16459101 | G19: 7*20 | H19: =3*12000+9300 -> 45300 | I19: =0.14*Table11819202310303132353839404148111518202843[[#This Row],[النولون]] -> 6342 | J19: =740+1700+600+1150*3+375.54*3+360.17+105.79*4+23016 -> 31415.95 | K19: =Table11819202310303132353839404148111518202843[[#This Row],[النولون]]+Table11819202310303132353839404148111518202843[[#This Row],[الايصالات]]+Table11819202310303132353839404148111518202843[[#This Row],[قيمة مضافة]] -> 83057.95 | M19: =M18+Table11819202310303132353839404148111518202843[[#This Row],[اجمالي الفاتوره]]-Table11819202310303132353839404148111518202843[[#This Row],[الدفعات]] -> 149647.35
C20: 46146 | I20: =0.14*Table11819202310303132353839404148111518202843[[#This Row],[النولون]] -> 0 | K20: =Table11819202310303132353839404148111518202843[[#This Row],[النولون]]+Table11819202310303132353839404148111518202843[[#This Row],[الايصالات]]+Table11819202310303132353839404148111518202843[[#This Row],[قيمة مضافة]] -> 0 | L20: 149647.35 | M20: =M19+Table11819202310303132353839404148111518202843[[#This Row],[اجمالي الفاتوره]]-Table11819202310303132353839404148111518202843[[#This Row],[الدفعات]] -> 0
A21: 1441 | B21: 14 | C21: 46145 | D21: الفحم | E21: برج العرب | F21: 183848 | G21: 5*20 | H21: =12000*2+9300 -> 33300 | I21: =0.14*Table11819202310303132353839404148111518202843[[#This Row],[النولون]] -> 4662 | J21: =810+5360+1150+580+1106.58+1769.03+1910.49+2740+1370+2740+150 -> 19686.1 | K21: =Table11819202310303132353839404148111518202843[[#This Row],[النولون]]+Table11819202310303132353839404148111518202843[[#This Row],[الايصالات]]+Table11819202310303132353839404148111518202843[[#This Row],[قيمة مضافة]] -> 57648.1 | M21: =M20+Table11819202310303132353839404148111518202843[[#This Row],[اجمالي الفاتوره]]-Table11819202310303132353839404148111518202843[[#This Row],[الدفعات]] -> 57648.1
A22: 1442 | B22: 15 | C22: 46145 | D22: أي تي او | E22: الماكس | F22: 209570 | G22: 1*40 | H22: 6400 | I22: =0.14*Table11819202310303132353839404148111518202843[[#This Row],[النولون]] -> 896 | J22: =344.34+1200 -> 1544.34 | K22: =Table11819202310303132353839404148111518202843[[#This Row],[النولون]]+Table11819202310303132353839404148111518202843[[#This Row],[الايصالات]]+Table11819202310303132353839404148111518202843[[#This Row],[قيمة مضافة]] -> 8840.34 | M22: =M21+Table11819202310303132353839404148111518202843[[#This Row],[اجمالي الفاتوره]]-Table11819202310303132353839404148111518202843[[#This Row],[الدفعات]] -> 66488.44
C23: 46162 | I23: =0.14*Table11819202310303132353839404148111518202843[[#This Row],[النولون]] -> 0 | K23: =Table11819202310303132353839404148111518202843[[#This Row],[النولون]]+Table11819202310303132353839404148111518202843[[#This Row],[الايصالات]]+Table11819202310303132353839404148111518202843[[#This Row],[قيمة مضافة]] -> 0 | L23: 8800 | M23: =M22+Table11819202310303132353839404148111518202843[[#This Row],[اجمالي الفاتوره]]-Table11819202310303132353839404148111518202843[[#This Row],[الدفعات]] -> 57688.44
A24: 1462 | B24: 16 | C24: 46154 | D24: الفحم | E24: برج العرب | F24: 16781021 | G24: 5*20 | H24: =2*12000+9300 -> 33300 | I24: =0.14*Table11819202310303132353839404148111518202843[[#This Row],[النولون]] -> 4662 | J24: =510+850*2+1610+327.5+105.79+45.15+1584.31+411.36+1150+16439+300+200 -> 24383.11 | K24: =Table11819202310303132353839404148111518202843[[#This Row],[النولون]]+Table11819202310303132353839404148111518202843[[#This Row],[الايصالات]]+Table11819202310303132353839404148111518202843[[#This Row],[قيمة مضافة]] -> 62345.11 | M24: =M23+Table11819202310303132353839404148111518202843[[#This Row],[اجمالي الفاتوره]]-Table11819202310303132353839404148111518202843[[#This Row],[الدفعات]] -> 120033.55
A25: 1463 | B25: 17 | C25: 46158 | D25: الفحم | E25: برج العرب | F25: 1681110 | G25: 2*20 | H25: 12000 | I25: =0.14*Table11819202310303132353839404148111518202843[[#This Row],[النولون]] -> 1680 | J25: =365.21+1150+2970+6576+150+100 -> 11311.21 | K25: =Table11819202310303132353839404148111518202843[[#This Row],[النولون]]+Table11819202310303132353839404148111518202843[[#This Row],[الايصالات]]+Table11819202310303132353839404148111518202843[[#This Row],[قيمة مضافة]] -> 24991.21 | M25: =M24+Table11819202310303132353839404148111518202843[[#This Row],[اجمالي الفاتوره]]-Table11819202310303132353839404148111518202843[[#This Row],[الدفعات]] -> 145024.76
A26: 1464 | B26: 18 | C26: 46158 | D26: الفحم | E26: برج العرب | F26: 1681117 | G26: 2*20 | H26: 12000 | I26: =0.14*Table11819202310303132353839404148111518202843[[#This Row],[النولون]] -> 1680 | J26: =210+1415.4+2970+6576+150+100 -> 11421.4 | K26: =Table11819202310303132353839404148111518202843[[#This Row],[النولون]]+Table11819202310303132353839404148111518202843[[#This Row],[الايصالات]]+Table11819202310303132353839404148111518202843[[#This Row],[قيمة مضافة]] -> 25101.4 | M26: =M25+Table11819202310303132353839404148111518202843[[#This Row],[اجمالي الفاتوره]]-Table11819202310303132353839404148111518202843[[#This Row],[الدفعات]] -> 170126.16
A27: 1465 | B27: 19 | C27: 46158 | D27: الفحم | E27: برج العرب | F27: 1681116 | G27: 2*20 | H27: 12000 | I27: =0.14*Table11819202310303132353839404148111518202843[[#This Row],[النولون]] -> 1680 | J27: =210+365.21+2970+1150+6576+150+100 -> 11521.21 | K27: =Table11819202310303132353839404148111518202843[[#This Row],[النولون]]+Table11819202310303132353839404148111518202843[[#This Row],[الايصالات]]+Table11819202310303132353839404148111518202843[[#This Row],[قيمة مضافة]] -> 25201.21 | L27: 640.34 | M27: =M26+Table11819202310303132353839404148111518202843[[#This Row],[اجمالي الفاتوره]]-Table11819202310303132353839404148111518202843[[#This Row],[الدفعات]] -> 194687.03
C28: 46166 | I28: =0.14*Table11819202310303132353839404148111518202843[[#This Row],[النولون]] -> 0 | K28: =Table11819202310303132353839404148111518202843[[#This Row],[النولون]]+Table11819202310303132353839404148111518202843[[#This Row],[الايصالات]]+Table11819202310303132353839404148111518202843[[#This Row],[قيمة مضافة]] -> 0 | L28: 194687.03 | M28: =M27+Table11819202310303132353839404148111518202843[[#This Row],[اجمالي الفاتوره]]-Table11819202310303132353839404148111518202843[[#This Row],[الدفعات]] -> 0
A29: 1498 | B29: 20 | C29: 46174 | D29: أي تي او | E29: الماكس | F29: 239619 | G29: 1*40 | H29: 6400 | I29: =0.14*Table11819202310303132353839404148111518202843[[#This Row],[النولون]] -> 896 | J29: =434.37+1300 -> 1734.37 | K29: =Table11819202310303132353839404148111518202843[[#This Row],[النولون]]+Table11819202310303132353839404148111518202843[[#This Row],[الايصالات]]+Table11819202310303132353839404148111518202843[[#This Row],[قيمة مضافة]] -> 9030.37 | M29: =M28+Table11819202310303132353839404148111518202843[[#This Row],[اجمالي الفاتوره]]-Table11819202310303132353839404148111518202843[[#This Row],[الدفعات]] -> 9030.37
A30: 1522 | B30: 21 | C30: 46182 | D30: أي تي او | E30: برج العرب | F30: 277629 | G30: 1*20 ث | H30: 9300 | I30: =0.14*Table11819202310303132353839404148111518202843[[#This Row],[النولون]] -> 1302 | J30: =620+560+533.54+1112+100 -> 2925.54 | K30: =Table11819202310303132353839404148111518202843[[#This Row],[النولون]]+Table11819202310303132353839404148111518202843[[#This Row],[الايصالات]]+Table11819202310303132353839404148111518202843[[#This Row],[قيمة مضافة]] -> 13527.54 | M30: =M29+Table11819202310303132353839404148111518202843[[#This Row],[اجمالي الفاتوره]]-Table11819202310303132353839404148111518202843[[#This Row],[الدفعات]] -> 22557.91
A31: 1523 | B31: 22 | C31: 46182 | D31: أي تي او | E31: برج العرب | F31: 277749 | G31: 1*20 ث | H31: 9300 | I31: =0.14*Table11819202310303132353839404148111518202843[[#This Row],[النولون]] -> 1302 | J31: =590+283.89+1374 -> 2247.89 | K31: =Table11819202310303132353839404148111518202843[[#This Row],[النولون]]+Table11819202310303132353839404148111518202843[[#This Row],[الايصالات]]+Table11819202310303132353839404148111518202843[[#This Row],[قيمة مضافة]] -> 12849.89 | M31: =M30+Table11819202310303132353839404148111518202843[[#This Row],[اجمالي الفاتوره]]-Table11819202310303132353839404148111518202843[[#This Row],[الدفعات]] -> 35407.8
A32: 1524 | B32: 23 | C32: 46182 | D32: أي تي او | E32: برج العرب | F32: 278314 | G32: 2*20 | H32: 12000 | I32: =0.14*Table11819202310303132353839404148111518202843[[#This Row],[النولون]] -> 1680 | J32: =1120+1115.23+1374+2172 -> 5781.23 | K32: =Table11819202310303132353839404148111518202843[[#This Row],[النولون]]+Table11819202310303132353839404148111518202843[[#This Row],[الايصالات]]+Table11819202310303132353839404148111518202843[[#This Row],[قيمة مضافة]] -> 19461.23 | M32: =M31+Table11819202310303132353839404148111518202843[[#This Row],[اجمالي الفاتوره]]-Table11819202310303132353839404148111518202843[[#This Row],[الدفعات]] -> 54869.03
A33: 1525 | B33: 24 | C33: 46182 | D33: أي تي او | E33: برج العرب | F33: 276481 | G33: 2*20 | H33: 12000 | I33: =0.14*Table11819202310303132353839404148111518202843[[#This Row],[النولون]] -> 1680 | J33: =1150+1131.27+1112+1112 -> 4505.27 | K33: =Table11819202310303132353839404148111518202843[[#This Row],[النولون]]+Table11819202310303132353839404148111518202843[[#This Row],[الايصالات]]+Table11819202310303132353839404148111518202843[[#This Row],[قيمة مضافة]] -> 18185.27 | M33: =M32+Table11819202310303132353839404148111518202843[[#This Row],[اجمالي الفاتوره]]-Table11819202310303132353839404148111518202843[[#This Row],[الدفعات]] -> 73054.3
C34: 46189 | I34: =0.14*Table11819202310303132353839404148111518202843[[#This Row],[النولون]] -> 0 | K34: =Table11819202310303132353839404148111518202843[[#This Row],[النولون]]+Table11819202310303132353839404148111518202843[[#This Row],[الايصالات]]+Table11819202310303132353839404148111518202843[[#This Row],[قيمة مضافة]] -> 0 | L34: 73054.3 | M34: =M33+Table11819202310303132353839404148111518202843[[#This Row],[اجمالي الفاتوره]]-Table11819202310303132353839404148111518202843[[#This Row],[الدفعات]] -> 0
A35: 1568 | B35: 25 | C35: 46196 | D35: أي تي او | E35: برج العرب | F35: 292964 | G35: 4*20 | H35: =2*12000 -> 24000 | I35: =0.14*Table11819202310303132353839404148111518202843[[#This Row],[النولون]] -> 3360 | J35: =1150+2062.35+1769.03+2740+4824+1026 -> 13571.38 | K35: =Table11819202310303132353839404148111518202843[[#This Row],[النولون]]+Table11819202310303132353839404148111518202843[[#This Row],[الايصالات]]+Table11819202310303132353839404148111518202843[[#This Row],[قيمة مضافة]] -> 40931.38 | M35: =M34+Table11819202310303132353839404148111518202843[[#This Row],[اجمالي الفاتوره]]-Table11819202310303132353839404148111518202843[[#This Row],[الدفعات]] -> 40931.38
I36: =0.14*Table11819202310303132353839404148111518202843[[#This Row],[النولون]] -> 0 | K36: =Table11819202310303132353839404148111518202843[[#This Row],[النولون]]+Table11819202310303132353839404148111518202843[[#This Row],[الايصالات]]+Table11819202310303132353839404148111518202843[[#This Row],[قيمة مضافة]] -> 0 | M36: =M35+Table11819202310303132353839404148111518202843[[#This Row],[اجمالي الفاتوره]]-Table11819202310303132353839404148111518202843[[#This Row],[الدفعات]] -> 40931.38
I37: =0.14*Table11819202310303132353839404148111518202843[[#This Row],[النولون]] -> 0 | K37: =Table11819202310303132353839404148111518202843[[#This Row],[النولون]]+Table11819202310303132353839404148111518202843[[#This Row],[الايصالات]]+Table11819202310303132353839404148111518202843[[#This Row],[قيمة مضافة]] -> 0 | M37: =M36+Table11819202310303132353839404148111518202843[[#This Row],[اجمالي الفاتوره]]-Table11819202310303132353839404148111518202843[[#This Row],[الدفعات]] -> 40931.38
I38: =0.14*Table11819202310303132353839404148111518202843[[#This Row],[النولون]] -> 0 | K38: =Table11819202310303132353839404148111518202843[[#This Row],[النولون]]+Table11819202310303132353839404148111518202843[[#This Row],[الايصالات]]+Table11819202310303132353839404148111518202843[[#This Row],[قيمة مضافة]] -> 0 | M38: =M37+Table11819202310303132353839404148111518202843[[#This Row],[اجمالي الفاتوره]]-Table11819202310303132353839404148111518202843[[#This Row],[الدفعات]] -> 40931.38
I39: =0.14*Table11819202310303132353839404148111518202843[[#This Row],[النولون]] -> 0 | K39: =Table11819202310303132353839404148111518202843[[#This Row],[النولون]]+Table11819202310303132353839404148111518202843[[#This Row],[الايصالات]]+Table11819202310303132353839404148111518202843[[#This Row],[قيمة مضافة]] -> 0 | M39: =M38+Table11819202310303132353839404148111518202843[[#This Row],[اجمالي الفاتوره]]-Table11819202310303132353839404148111518202843[[#This Row],[الدفعات]] -> 40931.38
I40: =0.14*Table11819202310303132353839404148111518202843[[#This Row],[النولون]] -> 0 | K40: =Table11819202310303132353839404148111518202843[[#This Row],[النولون]]+Table11819202310303132353839404148111518202843[[#This Row],[الايصالات]]+Table11819202310303132353839404148111518202843[[#This Row],[قيمة مضافة]] -> 0 | M40: =M39+Table11819202310303132353839404148111518202843[[#This Row],[اجمالي الفاتوره]]-Table11819202310303132353839404148111518202843[[#This Row],[الدفعات]] -> 40931.38
I41: =0.14*Table11819202310303132353839404148111518202843[[#This Row],[النولون]] -> 0 | K41: =Table11819202310303132353839404148111518202843[[#This Row],[النولون]]+Table11819202310303132353839404148111518202843[[#This Row],[الايصالات]]+Table11819202310303132353839404148111518202843[[#This Row],[قيمة مضافة]] -> 0 | M41: =M40+Table11819202310303132353839404148111518202843[[#This Row],[اجمالي الفاتوره]]-Table11819202310303132353839404148111518202843[[#This Row],[الدفعات]] -> 40931.38
I42: =0.14*Table11819202310303132353839404148111518202843[[#This Row],[النولون]] -> 0 | K42: =Table11819202310303132353839404148111518202843[[#This Row],[النولون]]+Table11819202310303132353839404148111518202843[[#This Row],[الايصالات]]+Table11819202310303132353839404148111518202843[[#This Row],[قيمة مضافة]] -> 0 | M42: =M41+Table11819202310303132353839404148111518202843[[#This Row],[اجمالي الفاتوره]]-Table11819202310303132353839404148111518202843[[#This Row],[الدفعات]] -> 40931.38
I43: =0.14*Table11819202310303132353839404148111518202843[[#This Row],[النولون]] -> 0 | K43: =Table11819202310303132353839404148111518202843[[#This Row],[النولون]]+Table11819202310303132353839404148111518202843[[#This Row],[الايصالات]]+Table11819202310303132353839404148111518202843[[#This Row],[قيمة مضافة]] -> 0 | M43: =M42+Table11819202310303132353839404148111518202843[[#This Row],[اجمالي الفاتوره]]-Table11819202310303132353839404148111518202843[[#This Row],[الدفعات]] -> 40931.38
I44: =0.14*Table11819202310303132353839404148111518202843[[#This Row],[النولون]] -> 0 | K44: =Table11819202310303132353839404148111518202843[[#This Row],[النولون]]+Table11819202310303132353839404148111518202843[[#This Row],[الايصالات]]+Table11819202310303132353839404148111518202843[[#This Row],[قيمة مضافة]] -> 0 | M44: =M43+Table11819202310303132353839404148111518202843[[#This Row],[اجمالي الفاتوره]]-Table11819202310303132353839404148111518202843[[#This Row],[الدفعات]] -> 40931.38
I45: =0.14*Table11819202310303132353839404148111518202843[[#This Row],[النولون]] -> 0 | K45: =Table11819202310303132353839404148111518202843[[#This Row],[النولون]]+Table11819202310303132353839404148111518202843[[#This Row],[الايصالات]]+Table11819202310303132353839404148111518202843[[#This Row],[قيمة مضافة]] -> 0 | M45: =M44+Table11819202310303132353839404148111518202843[[#This Row],[اجمالي الفاتوره]]-Table11819202310303132353839404148111518202843[[#This Row],[الدفعات]] -> 40931.38
I46: =0.14*Table11819202310303132353839404148111518202843[[#This Row],[النولون]] -> 0 | K46: =Table11819202310303132353839404148111518202843[[#This Row],[النولون]]+Table11819202310303132353839404148111518202843[[#This Row],[الايصالات]]+Table11819202310303132353839404148111518202843[[#This Row],[قيمة مضافة]] -> 0 | M46: =M45+Table11819202310303132353839404148111518202843[[#This Row],[اجمالي الفاتوره]]-Table11819202310303132353839404148111518202843[[#This Row],[الدفعات]] -> 40931.38
I47: =0.14*Table11819202310303132353839404148111518202843[[#This Row],[النولون]] -> 0 | K47: =Table11819202310303132353839404148111518202843[[#This Row],[النولون]]+Table11819202310303132353839404148111518202843[[#This Row],[الايصالات]]+Table11819202310303132353839404148111518202843[[#This Row],[قيمة مضافة]] -> 0 | M47: =M46+Table11819202310303132353839404148111518202843[[#This Row],[اجمالي الفاتوره]]-Table11819202310303132353839404148111518202843[[#This Row],[الدفعات]] -> 40931.38
... I343: =0.14*Table11819202310303132353839404148111518202843[[#This Row],[النولون]] -> 0 | K343: =Table11819202310303132353839404148111518202843[[#This Row],[النولون]]+Table11819202310303132353839404148111518202843[[#This Row],[الايصالات]]+Table11819202310303132353839404148111518202843[[#This Row],[قيمة مضافة]] -> 0 | M343: =M342+Table11819202310303132353839404148111518202843[[#This Row],[اجمالي الفاتوره]]-Table11819202310303132353839404148111518202843[[#This Row],[الدفعات]] -> 40931.38

Sheet الزيوت
A1: م | B1: التاريخ | C1: اسم الشركه | D1: العنوان | E1: رقم الاذن | F1: عدد الحاويات | G1: النولون | H1: قيمة مضافة | I1: خصم أ ت ص | J1: الايصالات | K1: اجمالي الفاتوره | L1: الدفعات | M1: اجمالي الحساب | N1: Column1 | O1: Column2
A2: 1569 | B2: 46196 | C2: الزيوت | D2: محرم بك | E2: 304750 | F2: 4*40 | G2: =6800*4 -> 27200 | H2: =0.14*Table118192023103031323538394041430[[#This Row],[النولون]] -> 3808 | J2: =9560+810*2+1135+1105+1150+684.08+424.07+393.86+767.12+2148.9+1578.9+2148.9+1920.9+150 -> 24786.73 | K2: =Table118192023103031323538394041430[[#This Row],[النولون]]+Table118192023103031323538394041430[[#This Row],[الايصالات]]-Table118192023103031323538394041430[[#This Row],[خصم أ ت ص]]+Table118192023103031323538394041430[[#This Row],[قيمة مضافة]] -> 55794.73 | M2: =Table118192023103031323538394041430[[#This Row],[اجمالي الفاتوره]] -> 55794.73
H3: =0.14*Table118192023103031323538394041430[[#This Row],[النولون]] -> 0 | K3: =Table118192023103031323538394041430[[#This Row],[النولون]]+Table118192023103031323538394041430[[#This Row],[الايصالات]]-Table118192023103031323538394041430[[#This Row],[خصم أ ت ص]]+Table118192023103031323538394041430[[#This Row],[قيمة مضافة]] -> 0 | M3: =M2+Table118192023103031323538394041430[[#This Row],[اجمالي الفاتوره]]-Table118192023103031323538394041430[[#This Row],[الدفعات]] -> 55794.73
H4: =0.14*Table118192023103031323538394041430[[#This Row],[النولون]] -> 0 | K4: =Table118192023103031323538394041430[[#This Row],[النولون]]+Table118192023103031323538394041430[[#This Row],[الايصالات]]-Table118192023103031323538394041430[[#This Row],[خصم أ ت ص]]+Table118192023103031323538394041430[[#This Row],[قيمة مضافة]] -> 0 | M4: =M3+Table118192023103031323538394041430[[#This Row],[اجمالي الفاتوره]]-Table118192023103031323538394041430[[#This Row],[الدفعات]] -> 55794.73
H5: =0.14*Table118192023103031323538394041430[[#This Row],[النولون]] -> 0 | K5: =Table118192023103031323538394041430[[#This Row],[النولون]]+Table118192023103031323538394041430[[#This Row],[الايصالات]]-Table118192023103031323538394041430[[#This Row],[خصم أ ت ص]]+Table118192023103031323538394041430[[#This Row],[قيمة مضافة]] -> 0 | M5: =M4+Table118192023103031323538394041430[[#This Row],[اجمالي الفاتوره]]-Table118192023103031323538394041430[[#This Row],[الدفعات]] -> 55794.73
H6: =0.14*Table118192023103031323538394041430[[#This Row],[النولون]] -> 0 | K6: =Table118192023103031323538394041430[[#This Row],[النولون]]+Table118192023103031323538394041430[[#This Row],[الايصالات]]-Table118192023103031323538394041430[[#This Row],[خصم أ ت ص]]+Table118192023103031323538394041430[[#This Row],[قيمة مضافة]] -> 0 | M6: =M5+Table118192023103031323538394041430[[#This Row],[اجمالي الفاتوره]]-Table118192023103031323538394041430[[#This Row],[الدفعات]] -> 55794.73
H7: =0.14*Table118192023103031323538394041430[[#This Row],[النولون]] -> 0 | K7: =Table118192023103031323538394041430[[#This Row],[النولون]]+Table118192023103031323538394041430[[#This Row],[الايصالات]]-Table118192023103031323538394041430[[#This Row],[خصم أ ت ص]]+Table118192023103031323538394041430[[#This Row],[قيمة مضافة]] -> 0 | M7: =M6+Table118192023103031323538394041430[[#This Row],[اجمالي الفاتوره]]-Table118192023103031323538394041430[[#This Row],[الدفعات]] -> 55794.73
H8: =0.14*Table118192023103031323538394041430[[#This Row],[النولون]] -> 0 | K8: =Table118192023103031323538394041430[[#This Row],[النولون]]+Table118192023103031323538394041430[[#This Row],[الايصالات]]-Table118192023103031323538394041430[[#This Row],[خصم أ ت ص]]+Table118192023103031323538394041430[[#This Row],[قيمة مضافة]] -> 0 | M8: =M7+Table118192023103031323538394041430[[#This Row],[اجمالي الفاتوره]]-Table118192023103031323538394041430[[#This Row],[الدفعات]] -> 55794.73
H9: =0.14*Table118192023103031323538394041430[[#This Row],[النولون]] -> 0 | K9: =Table118192023103031323538394041430[[#This Row],[النولون]]+Table118192023103031323538394041430[[#This Row],[الايصالات]]-Table118192023103031323538394041430[[#This Row],[خصم أ ت ص]]+Table118192023103031323538394041430[[#This Row],[قيمة مضافة]] -> 0 | M9: =M8+Table118192023103031323538394041430[[#This Row],[اجمالي الفاتوره]]-Table118192023103031323538394041430[[#This Row],[الدفعات]] -> 55794.73
H10: =0.14*Table118192023103031323538394041430[[#This Row],[النولون]] -> 0 | K10: =Table118192023103031323538394041430[[#This Row],[النولون]]+Table118192023103031323538394041430[[#This Row],[الايصالات]]-Table118192023103031323538394041430[[#This Row],[خصم أ ت ص]]+Table118192023103031323538394041430[[#This Row],[قيمة مضافة]] -> 0 | M10: =M9+Table118192023103031323538394041430[[#This Row],[اجمالي الفاتوره]]-Table118192023103031323538394041430[[#This Row],[الدفعات]] -> 55794.73
H11: =0.14*Table118192023103031323538394041430[[#This Row],[النولون]] -> 0 | K11: =Table118192023103031323538394041430[[#This Row],[النولون]]+Table118192023103031323538394041430[[#This Row],[الايصالات]]-Table118192023103031323538394041430[[#This Row],[خصم أ ت ص]]+Table118192023103031323538394041430[[#This Row],[قيمة مضافة]] -> 0 | M11: =M10+Table118192023103031323538394041430[[#This Row],[اجمالي الفاتوره]]-Table118192023103031323538394041430[[#This Row],[الدفعات]] -> 55794.73
H12: =0.14*Table118192023103031323538394041430[[#This Row],[النولون]] -> 0 | K12: =Table118192023103031323538394041430[[#This Row],[النولون]]+Table118192023103031323538394041430[[#This Row],[الايصالات]]-Table118192023103031323538394041430[[#This Row],[خصم أ ت ص]]+Table118192023103031323538394041430[[#This Row],[قيمة مضافة]] -> 0 | M12: =M11+Table118192023103031323538394041430[[#This Row],[اجمالي الفاتوره]]-Table118192023103031323538394041430[[#This Row],[الدفعات]] -> 55794.73
H13: =0.14*Table118192023103031323538394041430[[#This Row],[النولون]] -> 0 | K13: =Table118192023103031323538394041430[[#This Row],[النولون]]+Table118192023103031323538394041430[[#This Row],[الايصالات]]-Table118192023103031323538394041430[[#This Row],[خصم أ ت ص]]+Table118192023103031323538394041430[[#This Row],[قيمة مضافة]] -> 0 | M13: =M12+Table118192023103031323538394041430[[#This Row],[اجمالي الفاتوره]]-Table118192023103031323538394041430[[#This Row],[الدفعات]] -> 55794.73 | N13: =SUM(K:K)-SUM(L:L) -> 55794.73 | O13: =SUM(H:H) -> 3808
H14: =0.14*Table118192023103031323538394041430[[#This Row],[النولون]] -> 0 | K14: =Table118192023103031323538394041430[[#This Row],[النولون]]+Table118192023103031323538394041430[[#This Row],[الايصالات]]-Table118192023103031323538394041430[[#This Row],[خصم أ ت ص]]+Table118192023103031323538394041430[[#This Row],[قيمة مضافة]] -> 0 | M14: =M13+Table118192023103031323538394041430[[#This Row],[اجمالي الفاتوره]]-Table118192023103031323538394041430[[#This Row],[الدفعات]] -> 55794.73
H15: =0.14*Table118192023103031323538394041430[[#This Row],[النولون]] -> 0 | K15: =Table118192023103031323538394041430[[#This Row],[النولون]]+Table118192023103031323538394041430[[#This Row],[الايصالات]]-Table118192023103031323538394041430[[#This Row],[خصم أ ت ص]]+Table118192023103031323538394041430[[#This Row],[قيمة مضافة]] -> 0 | M15: =M14+Table118192023103031323538394041430[[#This Row],[اجمالي الفاتوره]]-Table118192023103031323538394041430[[#This Row],[الدفعات]] -> 55794.73
H16: =0.14*Table118192023103031323538394041430[[#This Row],[النولون]] -> 0 | K16: =Table118192023103031323538394041430[[#This Row],[النولون]]+Table118192023103031323538394041430[[#This Row],[الايصالات]]-Table118192023103031323538394041430[[#This Row],[خصم أ ت ص]]+Table118192023103031323538394041430[[#This Row],[قيمة مضافة]] -> 0 | M16: =M15+Table118192023103031323538394041430[[#This Row],[اجمالي الفاتوره]]-Table118192023103031323538394041430[[#This Row],[الدفعات]] -> 55794.73
H17: =0.14*Table118192023103031323538394041430[[#This Row],[النولون]] -> 0 | K17: =Table118192023103031323538394041430[[#This Row],[النولون]]+Table118192023103031323538394041430[[#This Row],[الايصالات]]-Table118192023103031323538394041430[[#This Row],[خصم أ ت ص]]+Table118192023103031323538394041430[[#This Row],[قيمة مضافة]] -> 0 | M17: =M16+Table118192023103031323538394041430[[#This Row],[اجمالي الفاتوره]]-Table118192023103031323538394041430[[#This Row],[الدفعات]] -> 55794.73
H18: =0.14*Table118192023103031323538394041430[[#This Row],[النولون]] -> 0 | K18: =Table118192023103031323538394041430[[#This Row],[النولون]]+Table118192023103031323538394041430[[#This Row],[الايصالات]]-Table118192023103031323538394041430[[#This Row],[خصم أ ت ص]]+Table118192023103031323538394041430[[#This Row],[قيمة مضافة]] -> 0 | M18: =M17+Table118192023103031323538394041430[[#This Row],[اجمالي الفاتوره]]-Table118192023103031323538394041430[[#This Row],[الدفعات]] -> 55794.73
H19: =0.14*Table118192023103031323538394041430[[#This Row],[النولون]] -> 0 | K19: =Table118192023103031323538394041430[[#This Row],[النولون]]+Table118192023103031323538394041430[[#This Row],[الايصالات]]-Table118192023103031323538394041430[[#This Row],[خصم أ ت ص]]+Table118192023103031323538394041430[[#This Row],[قيمة مضافة]] -> 0 | M19: =M18+Table118192023103031323538394041430[[#This Row],[اجمالي الفاتوره]]-Table118192023103031323538394041430[[#This Row],[الدفعات]] -> 55794.73
H20: =0.14*Table118192023103031323538394041430[[#This Row],[النولون]] -> 0 | K20: =Table118192023103031323538394041430[[#This Row],[النولون]]+Table118192023103031323538394041430[[#This Row],[الايصالات]]-Table118192023103031323538394041430[[#This Row],[خصم أ ت ص]]+Table118192023103031323538394041430[[#This Row],[قيمة مضافة]] -> 0 | M20: =M19+Table118192023103031323538394041430[[#This Row],[اجمالي الفاتوره]]-Table118192023103031323538394041430[[#This Row],[الدفعات]] -> 55794.73
H21: =0.14*Table118192023103031323538394041430[[#This Row],[النولون]] -> 0 | K21: =Table118192023103031323538394041430[[#This Row],[النولون]]+Table118192023103031323538394041430[[#This Row],[الايصالات]]-Table118192023103031323538394041430[[#This Row],[خصم أ ت ص]]+Table118192023103031323538394041430[[#This Row],[قيمة مضافة]] -> 0 | M21: =M20+Table118192023103031323538394041430[[#This Row],[اجمالي الفاتوره]]-Table118192023103031323538394041430[[#This Row],[الدفعات]] -> 55794.73
H22: =0.14*Table118192023103031323538394041430[[#This Row],[النولون]] -> 0 | K22: =Table118192023103031323538394041430[[#This Row],[النولون]]+Table118192023103031323538394041430[[#This Row],[الايصالات]]-Table118192023103031323538394041430[[#This Row],[خصم أ ت ص]]+Table118192023103031323538394041430[[#This Row],[قيمة مضافة]] -> 0 | M22: =M21+Table118192023103031323538394041430[[#This Row],[اجمالي الفاتوره]]-Table118192023103031323538394041430[[#This Row],[الدفعات]] -> 55794.73
H23: =0.14*Table118192023103031323538394041430[[#This Row],[النولون]] -> 0 | K23: =Table118192023103031323538394041430[[#This Row],[النولون]]+Table118192023103031323538394041430[[#This Row],[الايصالات]]-Table118192023103031323538394041430[[#This Row],[خصم أ ت ص]]+Table118192023103031323538394041430[[#This Row],[قيمة مضافة]] -> 0 | M23: =M22+Table118192023103031323538394041430[[#This Row],[اجمالي الفاتوره]]-Table118192023103031323538394041430[[#This Row],[الدفعات]] -> 55794.73
H24: =0.14*Table118192023103031323538394041430[[#This Row],[النولون]] -> 0 | K24: =Table118192023103031323538394041430[[#This Row],[النولون]]+Table118192023103031323538394041430[[#This Row],[الايصالات]]-Table118192023103031323538394041430[[#This Row],[خصم أ ت ص]]+Table118192023103031323538394041430[[#This Row],[قيمة مضافة]] -> 0 | M24: =M23+Table118192023103031323538394041430[[#This Row],[اجمالي الفاتوره]]-Table118192023103031323538394041430[[#This Row],[الدفعات]] -> 55794.73
H25: =0.14*Table118192023103031323538394041430[[#This Row],[النولون]] -> 0 | K25: =Table118192023103031323538394041430[[#This Row],[النولون]]+Table118192023103031323538394041430[[#This Row],[الايصالات]]-Table118192023103031323538394041430[[#This Row],[خصم أ ت ص]]+Table118192023103031323538394041430[[#This Row],[قيمة مضافة]] -> 0 | M25: =M24+Table118192023103031323538394041430[[#This Row],[اجمالي الفاتوره]]-Table118192023103031323538394041430[[#This Row],[الدفعات]] -> 55794.73
... H238: =0.14*Table118192023103031323538394041430[[#This Row],[النولون]] -> 0 | K238: =Table118192023103031323538394041430[[#This Row],[النولون]]+Table118192023103031323538394041430[[#This Row],[الايصالات]]-Table118192023103031323538394041430[[#This Row],[خصم أ ت ص]]+Table118192023103031323538394041430[[#This Row],[قيمة مضافة]] -> 0 | M238: =M237+Table118192023103031323538394041430[[#This Row],[اجمالي الفاتوره]]-Table118192023103031323538394041430[[#This Row],[الدفعات]] -> 55794.73
H239: =0.14*Table118192023103031323538394041430[[#This Row],[النولون]] -> 0 | I239: =0.03*Table118192023103031323538394041430[[#This Row],[النولون]] -> 0 | K239: =Table118192023103031323538394041430[[#This Row],[النولون]]+Table118192023103031323538394041430[[#This Row],[الايصالات]]-Table118192023103031323538394041430[[#This Row],[خصم أ ت ص]]+Table118192023103031323538394041430[[#This Row],[قيمة مضافة]] -> 0 | M239: =M238+Table118192023103031323538394041430[[#This Row],[اجمالي الفاتوره]]-Table118192023103031323538394041430[[#This Row],[الدفعات]] -> 55794.73
H240: =0.14*Table118192023103031323538394041430[[#This Row],[النولون]] -> 0 | I240: =0.03*Table118192023103031323538394041430[[#This Row],[النولون]] -> 0 | K240: =Table118192023103031323538394041430[[#This Row],[النولون]]+Table118192023103031323538394041430[[#This Row],[الايصالات]]-Table118192023103031323538394041430[[#This Row],[خصم أ ت ص]]+Table118192023103031323538394041430[[#This Row],[قيمة مضافة]] -> 0 | M240: =M239+Table118192023103031323538394041430[[#This Row],[اجمالي الفاتوره]]-Table118192023103031323538394041430[[#This Row],[الدفعات]] -> 55794.73
H241: =0.14*Table118192023103031323538394041430[[#This Row],[النولون]] -> 0 | I241: =0.03*Table118192023103031323538394041430[[#This Row],[النولون]] -> 0 | K241: =Table118192023103031323538394041430[[#This Row],[النولون]]+Table118192023103031323538394041430[[#This Row],[الايصالات]]-Table118192023103031323538394041430[[#This Row],[خصم أ ت ص]]+Table118192023103031323538394041430[[#This Row],[قيمة مضافة]] -> 0 | M241: =M240+Table118192023103031323538394041430[[#This Row],[اجمالي الفاتوره]]-Table118192023103031323538394041430[[#This Row],[الدفعات]] -> 55794.73
H242: =0.14*Table118192023103031323538394041430[[#This Row],[النولون]] -> 0 | I242: =0.03*Table118192023103031323538394041430[[#This Row],[النولون]] -> 0 | K242: =Table118192023103031323538394041430[[#This Row],[النولون]]+Table118192023103031323538394041430[[#This Row],[الايصالات]]-Table118192023103031323538394041430[[#This Row],[خصم أ ت ص]]+Table118192023103031323538394041430[[#This Row],[قيمة مضافة]] -> 0 | M242: =M241+Table118192023103031323538394041430[[#This Row],[اجمالي الفاتوره]]-Table118192023103031323538394041430[[#This Row],[الدفعات]] -> 55794.73
H243: =0.14*Table118192023103031323538394041430[[#This Row],[النولون]] -> 0 | I243: =0.03*Table118192023103031323538394041430[[#This Row],[النولون]] -> 0 | K243: =Table118192023103031323538394041430[[#This Row],[النولون]]+Table118192023103031323538394041430[[#This Row],[الايصالات]]-Table118192023103031323538394041430[[#This Row],[خصم أ ت ص]]+Table118192023103031323538394041430[[#This Row],[قيمة مضافة]] -> 0 | M243: =M242+Table118192023103031323538394041430[[#This Row],[اجمالي الفاتوره]]-Table118192023103031323538394041430[[#This Row],[الدفعات]] -> 55794.73
H244: =0.14*Table118192023103031323538394041430[[#This Row],[النولون]] -> 0 | I244: =0.03*Table118192023103031323538394041430[[#This Row],[النولون]] -> 0 | K244: =Table118192023103031323538394041430[[#This Row],[النولون]]+Table118192023103031323538394041430[[#This Row],[الايصالات]]-Table118192023103031323538394041430[[#This Row],[خصم أ ت ص]]+Table118192023103031323538394041430[[#This Row],[قيمة مضافة]] -> 0 | M244: =M243+Table118192023103031323538394041430[[#This Row],[اجمالي الفاتوره]]-Table118192023103031323538394041430[[#This Row],[الدفعات]] -> 55794.73
H245: =0.14*Table118192023103031323538394041430[[#This Row],[النولون]] -> 0 | I245: =0.03*Table118192023103031323538394041430[[#This Row],[النولون]] -> 0 | K245: =Table118192023103031323538394041430[[#This Row],[النولون]]+Table118192023103031323538394041430[[#This Row],[الايصالات]]-Table118192023103031323538394041430[[#This Row],[خصم أ ت ص]]+Table118192023103031323538394041430[[#This Row],[قيمة مضافة]] -> 0 | M245: =M244+Table118192023103031323538394041430[[#This Row],[اجمالي الفاتوره]]-Table118192023103031323538394041430[[#This Row],[الدفعات]] -> 55794.73
H246: =0.14*Table118192023103031323538394041430[[#This Row],[النولون]] -> 0 | I246: =0.03*Table118192023103031323538394041430[[#This Row],[النولون]] -> 0 | K246: =Table118192023103031323538394041430[[#This Row],[النولون]]+Table118192023103031323538394041430[[#This Row],[الايصالات]]-Table118192023103031323538394041430[[#This Row],[خصم أ ت ص]]+Table118192023103031323538394041430[[#This Row],[قيمة مضافة]] -> 0 | M246: =M245+Table118192023103031323538394041430[[#This Row],[اجمالي الفاتوره]]-Table118192023103031323538394041430[[#This Row],[الدفعات]] -> 55794.73
H247: =0.14*Table118192023103031323538394041430[[#This Row],[النولون]] -> 0 | I247: =0.03*Table118192023103031323538394041430[[#This Row],[النولون]] -> 0 | K247: =Table118192023103031323538394041430[[#This Row],[النولون]]+Table118192023103031323538394041430[[#This Row],[الايصالات]]-Table118192023103031323538394041430[[#This Row],[خصم أ ت ص]]+Table118192023103031323538394041430[[#This Row],[قيمة مضافة]] -> 0 | M247: =M246+Table118192023103031323538394041430[[#This Row],[اجمالي الفاتوره]]-Table118192023103031323538394041430[[#This Row],[الدفعات]] -> 55794.73
H248: =0.14*Table118192023103031323538394041430[[#This Row],[النولون]] -> 0 | I248: =0.03*Table118192023103031323538394041430[[#This Row],[النولون]] -> 0 | K248: =Table118192023103031323538394041430[[#This Row],[النولون]]+Table118192023103031323538394041430[[#This Row],[الايصالات]]-Table118192023103031323538394041430[[#This Row],[خصم أ ت ص]]+Table118192023103031323538394041430[[#This Row],[قيمة مضافة]] -> 0 | M248: =M247+Table118192023103031323538394041430[[#This Row],[اجمالي الفاتوره]]-Table118192023103031323538394041430[[#This Row],[الدفعات]] -> 55794.73
H249: =0.14*Table118192023103031323538394041430[[#This Row],[النولون]] -> 0 | I249: =0.03*Table118192023103031323538394041430[[#This Row],[النولون]] -> 0 | K249: =Table118192023103031323538394041430[[#This Row],[النولون]]+Table118192023103031323538394041430[[#This Row],[الايصالات]]-Table118192023103031323538394041430[[#This Row],[خصم أ ت ص]]+Table118192023103031323538394041430[[#This Row],[قيمة مضافة]] -> 0 | M249: =M248+Table118192023103031323538394041430[[#This Row],[اجمالي الفاتوره]]-Table118192023103031323538394041430[[#This Row],[الدفعات]] -> 55794.73
H250: =0.14*Table118192023103031323538394041430[[#This Row],[النولون]] -> 0 | I250: =0.03*Table118192023103031323538394041430[[#This Row],[النولون]] -> 0 | K250: =Table118192023103031323538394041430[[#This Row],[النولون]]+Table118192023103031323538394041430[[#This Row],[الايصالات]]-Table118192023103031323538394041430[[#This Row],[خصم أ ت ص]]+Table118192023103031323538394041430[[#This Row],[قيمة مضافة]] -> 0 | M250: =M249+Table118192023103031323538394041430[[#This Row],[اجمالي الفاتوره]]-Table118192023103031323538394041430[[#This Row],[الدفعات]] -> 55794.73
... H339: =0.14*Table118192023103031323538394041430[[#This Row],[النولون]] -> 0 | I339: =0.03*Table118192023103031323538394041430[[#This Row],[النولون]] -> 0 | K339: =Table118192023103031323538394041430[[#This Row],[النولون]]+Table118192023103031323538394041430[[#This Row],[الايصالات]]-Table118192023103031323538394041430[[#This Row],[خصم أ ت ص]]+Table118192023103031323538394041430[[#This Row],[قيمة مضافة]] -> 0 | M339: =M338+Table118192023103031323538394041430[[#This Row],[اجمالي الفاتوره]]-Table118192023103031323538394041430[[#This Row],[الدفعات]] -> 55794.73

Sheet سيلوباك
A1: م | B1: التاريخ | C1: اسم الشركه | D1: العنوان | E1: رقم الاذن | F1: عدد الحاويات | G1: النولون | H1: قيمة مضافة | I1: خصم أ ت ص | J1: الايصالات | K1: اجمالي الفاتوره | L1: الدفعات | M1: اجمالي الحساب | N1: Column1 | O1: Column2
A2: 1497 | B2: 46174 | C2: سيلوباك | D2: أكتوبر | E2: 221786 | F2: 1 | G2: 14800 | H2: =0.14*Table1181920231030313235383940414[[#This Row],[النولون]] -> 2072 | J2: 1100 | K2: =Table1181920231030313235383940414[[#This Row],[النولون]]+Table1181920231030313235383940414[[#This Row],[الايصالات]]-Table1181920231030313235383940414[[#This Row],[خصم أ ت ص]]+Table1181920231030313235383940414[[#This Row],[قيمة مضافة]] -> 17972 | M2: =Table1181920231030313235383940414[[#This Row],[اجمالي الفاتوره]] -> 17972
H3: =0.14*Table1181920231030313235383940414[[#This Row],[النولون]] -> 0 | K3: =Table1181920231030313235383940414[[#This Row],[النولون]]+Table1181920231030313235383940414[[#This Row],[الايصالات]]-Table1181920231030313235383940414[[#This Row],[خصم أ ت ص]]+Table1181920231030313235383940414[[#This Row],[قيمة مضافة]] -> 0 | M3: =M2+Table1181920231030313235383940414[[#This Row],[اجمالي الفاتوره]]-Table1181920231030313235383940414[[#This Row],[الدفعات]] -> 17972
H4: =0.14*Table1181920231030313235383940414[[#This Row],[النولون]] -> 0 | K4: =Table1181920231030313235383940414[[#This Row],[النولون]]+Table1181920231030313235383940414[[#This Row],[الايصالات]]-Table1181920231030313235383940414[[#This Row],[خصم أ ت ص]]+Table1181920231030313235383940414[[#This Row],[قيمة مضافة]] -> 0 | M4: =M3+Table1181920231030313235383940414[[#This Row],[اجمالي الفاتوره]]-Table1181920231030313235383940414[[#This Row],[الدفعات]] -> 17972
H5: =0.14*Table1181920231030313235383940414[[#This Row],[النولون]] -> 0 | K5: =Table1181920231030313235383940414[[#This Row],[النولون]]+Table1181920231030313235383940414[[#This Row],[الايصالات]]-Table1181920231030313235383940414[[#This Row],[خصم أ ت ص]]+Table1181920231030313235383940414[[#This Row],[قيمة مضافة]] -> 0 | M5: =M4+Table1181920231030313235383940414[[#This Row],[اجمالي الفاتوره]]-Table1181920231030313235383940414[[#This Row],[الدفعات]] -> 17972
H6: =0.14*Table1181920231030313235383940414[[#This Row],[النولون]] -> 0 | K6: =Table1181920231030313235383940414[[#This Row],[النولون]]+Table1181920231030313235383940414[[#This Row],[الايصالات]]-Table1181920231030313235383940414[[#This Row],[خصم أ ت ص]]+Table1181920231030313235383940414[[#This Row],[قيمة مضافة]] -> 0 | M6: =M5+Table1181920231030313235383940414[[#This Row],[اجمالي الفاتوره]]-Table1181920231030313235383940414[[#This Row],[الدفعات]] -> 17972
H7: =0.14*Table1181920231030313235383940414[[#This Row],[النولون]] -> 0 | K7: =Table1181920231030313235383940414[[#This Row],[النولون]]+Table1181920231030313235383940414[[#This Row],[الايصالات]]-Table1181920231030313235383940414[[#This Row],[خصم أ ت ص]]+Table1181920231030313235383940414[[#This Row],[قيمة مضافة]] -> 0 | M7: =M6+Table1181920231030313235383940414[[#This Row],[اجمالي الفاتوره]]-Table1181920231030313235383940414[[#This Row],[الدفعات]] -> 17972
H8: =0.14*Table1181920231030313235383940414[[#This Row],[النولون]] -> 0 | K8: =Table1181920231030313235383940414[[#This Row],[النولون]]+Table1181920231030313235383940414[[#This Row],[الايصالات]]-Table1181920231030313235383940414[[#This Row],[خصم أ ت ص]]+Table1181920231030313235383940414[[#This Row],[قيمة مضافة]] -> 0 | M8: =M7+Table1181920231030313235383940414[[#This Row],[اجمالي الفاتوره]]-Table1181920231030313235383940414[[#This Row],[الدفعات]] -> 17972
H9: =0.14*Table1181920231030313235383940414[[#This Row],[النولون]] -> 0 | K9: =Table1181920231030313235383940414[[#This Row],[النولون]]+Table1181920231030313235383940414[[#This Row],[الايصالات]]-Table1181920231030313235383940414[[#This Row],[خصم أ ت ص]]+Table1181920231030313235383940414[[#This Row],[قيمة مضافة]] -> 0 | M9: =M8+Table1181920231030313235383940414[[#This Row],[اجمالي الفاتوره]]-Table1181920231030313235383940414[[#This Row],[الدفعات]] -> 17972
H10: =0.14*Table1181920231030313235383940414[[#This Row],[النولون]] -> 0 | K10: =Table1181920231030313235383940414[[#This Row],[النولون]]+Table1181920231030313235383940414[[#This Row],[الايصالات]]-Table1181920231030313235383940414[[#This Row],[خصم أ ت ص]]+Table1181920231030313235383940414[[#This Row],[قيمة مضافة]] -> 0 | M10: =M9+Table1181920231030313235383940414[[#This Row],[اجمالي الفاتوره]]-Table1181920231030313235383940414[[#This Row],[الدفعات]] -> 17972
H11: =0.14*Table1181920231030313235383940414[[#This Row],[النولون]] -> 0 | K11: =Table1181920231030313235383940414[[#This Row],[النولون]]+Table1181920231030313235383940414[[#This Row],[الايصالات]]-Table1181920231030313235383940414[[#This Row],[خصم أ ت ص]]+Table1181920231030313235383940414[[#This Row],[قيمة مضافة]] -> 0 | M11: =M10+Table1181920231030313235383940414[[#This Row],[اجمالي الفاتوره]]-Table1181920231030313235383940414[[#This Row],[الدفعات]] -> 17972
H12: =0.14*Table1181920231030313235383940414[[#This Row],[النولون]] -> 0 | K12: =Table1181920231030313235383940414[[#This Row],[النولون]]+Table1181920231030313235383940414[[#This Row],[الايصالات]]-Table1181920231030313235383940414[[#This Row],[خصم أ ت ص]]+Table1181920231030313235383940414[[#This Row],[قيمة مضافة]] -> 0 | M12: =M11+Table1181920231030313235383940414[[#This Row],[اجمالي الفاتوره]]-Table1181920231030313235383940414[[#This Row],[الدفعات]] -> 17972
H13: =0.14*Table1181920231030313235383940414[[#This Row],[النولون]] -> 0 | K13: =Table1181920231030313235383940414[[#This Row],[النولون]]+Table1181920231030313235383940414[[#This Row],[الايصالات]]-Table1181920231030313235383940414[[#This Row],[خصم أ ت ص]]+Table1181920231030313235383940414[[#This Row],[قيمة مضافة]] -> 0 | M13: =M12+Table1181920231030313235383940414[[#This Row],[اجمالي الفاتوره]]-Table1181920231030313235383940414[[#This Row],[الدفعات]] -> 17972 | N13: =SUM(K:K)-SUM(L:L) -> 17972 | O13: =SUM(H:H) -> 2072
H14: =0.14*Table1181920231030313235383940414[[#This Row],[النولون]] -> 0 | K14: =Table1181920231030313235383940414[[#This Row],[النولون]]+Table1181920231030313235383940414[[#This Row],[الايصالات]]-Table1181920231030313235383940414[[#This Row],[خصم أ ت ص]]+Table1181920231030313235383940414[[#This Row],[قيمة مضافة]] -> 0 | M14: =M13+Table1181920231030313235383940414[[#This Row],[اجمالي الفاتوره]]-Table1181920231030313235383940414[[#This Row],[الدفعات]] -> 17972
H15: =0.14*Table1181920231030313235383940414[[#This Row],[النولون]] -> 0 | K15: =Table1181920231030313235383940414[[#This Row],[النولون]]+Table1181920231030313235383940414[[#This Row],[الايصالات]]-Table1181920231030313235383940414[[#This Row],[خصم أ ت ص]]+Table1181920231030313235383940414[[#This Row],[قيمة مضافة]] -> 0 | M15: =M14+Table1181920231030313235383940414[[#This Row],[اجمالي الفاتوره]]-Table1181920231030313235383940414[[#This Row],[الدفعات]] -> 17972
H16: =0.14*Table1181920231030313235383940414[[#This Row],[النولون]] -> 0 | K16: =Table1181920231030313235383940414[[#This Row],[النولون]]+Table1181920231030313235383940414[[#This Row],[الايصالات]]-Table1181920231030313235383940414[[#This Row],[خصم أ ت ص]]+Table1181920231030313235383940414[[#This Row],[قيمة مضافة]] -> 0 | M16: =M15+Table1181920231030313235383940414[[#This Row],[اجمالي الفاتوره]]-Table1181920231030313235383940414[[#This Row],[الدفعات]] -> 17972
H17: =0.14*Table1181920231030313235383940414[[#This Row],[النولون]] -> 0 | K17: =Table1181920231030313235383940414[[#This Row],[النولون]]+Table1181920231030313235383940414[[#This Row],[الايصالات]]-Table1181920231030313235383940414[[#This Row],[خصم أ ت ص]]+Table1181920231030313235383940414[[#This Row],[قيمة مضافة]] -> 0 | M17: =M16+Table1181920231030313235383940414[[#This Row],[اجمالي الفاتوره]]-Table1181920231030313235383940414[[#This Row],[الدفعات]] -> 17972
H18: =0.14*Table1181920231030313235383940414[[#This Row],[النولون]] -> 0 | K18: =Table1181920231030313235383940414[[#This Row],[النولون]]+Table1181920231030313235383940414[[#This Row],[الايصالات]]-Table1181920231030313235383940414[[#This Row],[خصم أ ت ص]]+Table1181920231030313235383940414[[#This Row],[قيمة مضافة]] -> 0 | M18: =M17+Table1181920231030313235383940414[[#This Row],[اجمالي الفاتوره]]-Table1181920231030313235383940414[[#This Row],[الدفعات]] -> 17972
H19: =0.14*Table1181920231030313235383940414[[#This Row],[النولون]] -> 0 | K19: =Table1181920231030313235383940414[[#This Row],[النولون]]+Table1181920231030313235383940414[[#This Row],[الايصالات]]-Table1181920231030313235383940414[[#This Row],[خصم أ ت ص]]+Table1181920231030313235383940414[[#This Row],[قيمة مضافة]] -> 0 | M19: =M18+Table1181920231030313235383940414[[#This Row],[اجمالي الفاتوره]]-Table1181920231030313235383940414[[#This Row],[الدفعات]] -> 17972
H20: =0.14*Table1181920231030313235383940414[[#This Row],[النولون]] -> 0 | K20: =Table1181920231030313235383940414[[#This Row],[النولون]]+Table1181920231030313235383940414[[#This Row],[الايصالات]]-Table1181920231030313235383940414[[#This Row],[خصم أ ت ص]]+Table1181920231030313235383940414[[#This Row],[قيمة مضافة]] -> 0 | M20: =M19+Table1181920231030313235383940414[[#This Row],[اجمالي الفاتوره]]-Table1181920231030313235383940414[[#This Row],[الدفعات]] -> 17972
H21: =0.14*Table1181920231030313235383940414[[#This Row],[النولون]] -> 0 | K21: =Table1181920231030313235383940414[[#This Row],[النولون]]+Table1181920231030313235383940414[[#This Row],[الايصالات]]-Table1181920231030313235383940414[[#This Row],[خصم أ ت ص]]+Table1181920231030313235383940414[[#This Row],[قيمة مضافة]] -> 0 | M21: =M20+Table1181920231030313235383940414[[#This Row],[اجمالي الفاتوره]]-Table1181920231030313235383940414[[#This Row],[الدفعات]] -> 17972
H22: =0.14*Table1181920231030313235383940414[[#This Row],[النولون]] -> 0 | K22: =Table1181920231030313235383940414[[#This Row],[النولون]]+Table1181920231030313235383940414[[#This Row],[الايصالات]]-Table1181920231030313235383940414[[#This Row],[خصم أ ت ص]]+Table1181920231030313235383940414[[#This Row],[قيمة مضافة]] -> 0 | M22: =M21+Table1181920231030313235383940414[[#This Row],[اجمالي الفاتوره]]-Table1181920231030313235383940414[[#This Row],[الدفعات]] -> 17972
H23: =0.14*Table1181920231030313235383940414[[#This Row],[النولون]] -> 0 | K23: =Table1181920231030313235383940414[[#This Row],[النولون]]+Table1181920231030313235383940414[[#This Row],[الايصالات]]-Table1181920231030313235383940414[[#This Row],[خصم أ ت ص]]+Table1181920231030313235383940414[[#This Row],[قيمة مضافة]] -> 0 | M23: =M22+Table1181920231030313235383940414[[#This Row],[اجمالي الفاتوره]]-Table1181920231030313235383940414[[#This Row],[الدفعات]] -> 17972
H24: =0.14*Table1181920231030313235383940414[[#This Row],[النولون]] -> 0 | K24: =Table1181920231030313235383940414[[#This Row],[النولون]]+Table1181920231030313235383940414[[#This Row],[الايصالات]]-Table1181920231030313235383940414[[#This Row],[خصم أ ت ص]]+Table1181920231030313235383940414[[#This Row],[قيمة مضافة]] -> 0 | M24: =M23+Table1181920231030313235383940414[[#This Row],[اجمالي الفاتوره]]-Table1181920231030313235383940414[[#This Row],[الدفعات]] -> 17972
H25: =0.14*Table1181920231030313235383940414[[#This Row],[النولون]] -> 0 | K25: =Table1181920231030313235383940414[[#This Row],[النولون]]+Table1181920231030313235383940414[[#This Row],[الايصالات]]-Table1181920231030313235383940414[[#This Row],[خصم أ ت ص]]+Table1181920231030313235383940414[[#This Row],[قيمة مضافة]] -> 0 | M25: =M24+Table1181920231030313235383940414[[#This Row],[اجمالي الفاتوره]]-Table1181920231030313235383940414[[#This Row],[الدفعات]] -> 17972
... H238: =0.14*Table1181920231030313235383940414[[#This Row],[النولون]] -> 0 | K238: =Table1181920231030313235383940414[[#This Row],[النولون]]+Table1181920231030313235383940414[[#This Row],[الايصالات]]-Table1181920231030313235383940414[[#This Row],[خصم أ ت ص]]+Table1181920231030313235383940414[[#This Row],[قيمة مضافة]] -> 0 | M238: =M237+Table1181920231030313235383940414[[#This Row],[اجمالي الفاتوره]]-Table1181920231030313235383940414[[#This Row],[الدفعات]] -> 17972
H239: =0.14*Table1181920231030313235383940414[[#This Row],[النولون]] -> 0 | I239: =0.03*Table1181920231030313235383940414[[#This Row],[النولون]] -> 0 | K239: =Table1181920231030313235383940414[[#This Row],[النولون]]+Table1181920231030313235383940414[[#This Row],[الايصالات]]-Table1181920231030313235383940414[[#This Row],[خصم أ ت ص]]+Table1181920231030313235383940414[[#This Row],[قيمة مضافة]] -> 0 | M239: =M238+Table1181920231030313235383940414[[#This Row],[اجمالي الفاتوره]]-Table1181920231030313235383940414[[#This Row],[الدفعات]] -> 17972
H240: =0.14*Table1181920231030313235383940414[[#This Row],[النولون]] -> 0 | I240: =0.03*Table1181920231030313235383940414[[#This Row],[النولون]] -> 0 | K240: =Table1181920231030313235383940414[[#This Row],[النولون]]+Table1181920231030313235383940414[[#This Row],[الايصالات]]-Table1181920231030313235383940414[[#This Row],[خصم أ ت ص]]+Table1181920231030313235383940414[[#This Row],[قيمة مضافة]] -> 0 | M240: =M239+Table1181920231030313235383940414[[#This Row],[اجمالي الفاتوره]]-Table1181920231030313235383940414[[#This Row],[الدفعات]] -> 17972
H241: =0.14*Table1181920231030313235383940414[[#This Row],[النولون]] -> 0 | I241: =0.03*Table1181920231030313235383940414[[#This Row],[النولون]] -> 0 | K241: =Table1181920231030313235383940414[[#This Row],[النولون]]+Table1181920231030313235383940414[[#This Row],[الايصالات]]-Table1181920231030313235383940414[[#This Row],[خصم أ ت ص]]+Table1181920231030313235383940414[[#This Row],[قيمة مضافة]] -> 0 | M241: =M240+Table1181920231030313235383940414[[#This Row],[اجمالي الفاتوره]]-Table1181920231030313235383940414[[#This Row],[الدفعات]] -> 17972
H242: =0.14*Table1181920231030313235383940414[[#This Row],[النولون]] -> 0 | I242: =0.03*Table1181920231030313235383940414[[#This Row],[النولون]] -> 0 | K242: =Table1181920231030313235383940414[[#This Row],[النولون]]+Table1181920231030313235383940414[[#This Row],[الايصالات]]-Table1181920231030313235383940414[[#This Row],[خصم أ ت ص]]+Table1181920231030313235383940414[[#This Row],[قيمة مضافة]] -> 0 | M242: =M241+Table1181920231030313235383940414[[#This Row],[اجمالي الفاتوره]]-Table1181920231030313235383940414[[#This Row],[الدفعات]] -> 17972
H243: =0.14*Table1181920231030313235383940414[[#This Row],[النولون]] -> 0 | I243: =0.03*Table1181920231030313235383940414[[#This Row],[النولون]] -> 0 | K243: =Table1181920231030313235383940414[[#This Row],[النولون]]+Table1181920231030313235383940414[[#This Row],[الايصالات]]-Table1181920231030313235383940414[[#This Row],[خصم أ ت ص]]+Table1181920231030313235383940414[[#This Row],[قيمة مضافة]] -> 0 | M243: =M242+Table1181920231030313235383940414[[#This Row],[اجمالي الفاتوره]]-Table1181920231030313235383940414[[#This Row],[الدفعات]] -> 17972
H244: =0.14*Table1181920231030313235383940414[[#This Row],[النولون]] -> 0 | I244: =0.03*Table1181920231030313235383940414[[#This Row],[النولون]] -> 0 | K244: =Table1181920231030313235383940414[[#This Row],[النولون]]+Table1181920231030313235383940414[[#This Row],[الايصالات]]-Table1181920231030313235383940414[[#This Row],[خصم أ ت ص]]+Table1181920231030313235383940414[[#This Row],[قيمة مضافة]] -> 0 | M244: =M243+Table1181920231030313235383940414[[#This Row],[اجمالي الفاتوره]]-Table1181920231030313235383940414[[#This Row],[الدفعات]] -> 17972
H245: =0.14*Table1181920231030313235383940414[[#This Row],[النولون]] -> 0 | I245: =0.03*Table1181920231030313235383940414[[#This Row],[النولون]] -> 0 | K245: =Table1181920231030313235383940414[[#This Row],[النولون]]+Table1181920231030313235383940414[[#This Row],[الايصالات]]-Table1181920231030313235383940414[[#This Row],[خصم أ ت ص]]+Table1181920231030313235383940414[[#This Row],[قيمة مضافة]] -> 0 | M245: =M244+Table1181920231030313235383940414[[#This Row],[اجمالي الفاتوره]]-Table1181920231030313235383940414[[#This Row],[الدفعات]] -> 17972
H246: =0.14*Table1181920231030313235383940414[[#This Row],[النولون]] -> 0 | I246: =0.03*Table1181920231030313235383940414[[#This Row],[النولون]] -> 0 | K246: =Table1181920231030313235383940414[[#This Row],[النولون]]+Table1181920231030313235383940414[[#This Row],[الايصالات]]-Table1181920231030313235383940414[[#This Row],[خصم أ ت ص]]+Table1181920231030313235383940414[[#This Row],[قيمة مضافة]] -> 0 | M246: =M245+Table1181920231030313235383940414[[#This Row],[اجمالي الفاتوره]]-Table1181920231030313235383940414[[#This Row],[الدفعات]] -> 17972
H247: =0.14*Table1181920231030313235383940414[[#This Row],[النولون]] -> 0 | I247: =0.03*Table1181920231030313235383940414[[#This Row],[النولون]] -> 0 | K247: =Table1181920231030313235383940414[[#This Row],[النولون]]+Table1181920231030313235383940414[[#This Row],[الايصالات]]-Table1181920231030313235383940414[[#This Row],[خصم أ ت ص]]+Table1181920231030313235383940414[[#This Row],[قيمة مضافة]] -> 0 | M247: =M246+Table1181920231030313235383940414[[#This Row],[اجمالي الفاتوره]]-Table1181920231030313235383940414[[#This Row],[الدفعات]] -> 17972
H248: =0.14*Table1181920231030313235383940414[[#This Row],[النولون]] -> 0 | I248: =0.03*Table1181920231030313235383940414[[#This Row],[النولون]] -> 0 | K248: =Table1181920231030313235383940414[[#This Row],[النولون]]+Table1181920231030313235383940414[[#This Row],[الايصالات]]-Table1181920231030313235383940414[[#This Row],[خصم أ ت ص]]+Table1181920231030313235383940414[[#This Row],[قيمة مضافة]] -> 0 | M248: =M247+Table1181920231030313235383940414[[#This Row],[اجمالي الفاتوره]]-Table1181920231030313235383940414[[#This Row],[الدفعات]] -> 17972
H249: =0.14*Table1181920231030313235383940414[[#This Row],[النولون]] -> 0 | I249: =0.03*Table1181920231030313235383940414[[#This Row],[النولون]] -> 0 | K249: =Table1181920231030313235383940414[[#This Row],[النولون]]+Table1181920231030313235383940414[[#This Row],[الايصالات]]-Table1181920231030313235383940414[[#This Row],[خصم أ ت ص]]+Table1181920231030313235383940414[[#This Row],[قيمة مضافة]] -> 0 | M249: =M248+Table1181920231030313235383940414[[#This Row],[اجمالي الفاتوره]]-Table1181920231030313235383940414[[#This Row],[الدفعات]] -> 17972
H250: =0.14*Table1181920231030313235383940414[[#This Row],[النولون]] -> 0 | I250: =0.03*Table1181920231030313235383940414[[#This Row],[النولون]] -> 0 | K250: =Table1181920231030313235383940414[[#This Row],[النولون]]+Table1181920231030313235383940414[[#This Row],[الايصالات]]-Table1181920231030313235383940414[[#This Row],[خصم أ ت ص]]+Table1181920231030313235383940414[[#This Row],[قيمة مضافة]] -> 0 | M250: =M249+Table1181920231030313235383940414[[#This Row],[اجمالي الفاتوره]]-Table1181920231030313235383940414[[#This Row],[الدفعات]] -> 17972
... H339: =0.14*Table1181920231030313235383940414[[#This Row],[النولون]] -> 0 | I339: =0.03*Table1181920231030313235383940414[[#This Row],[النولون]] -> 0 | K339: =Table1181920231030313235383940414[[#This Row],[النولون]]+Table1181920231030313235383940414[[#This Row],[الايصالات]]-Table1181920231030313235383940414[[#This Row],[خصم أ ت ص]]+Table1181920231030313235383940414[[#This Row],[قيمة مضافة]] -> 0 | M339: =M338+Table1181920231030313235383940414[[#This Row],[اجمالي الفاتوره]]-Table1181920231030313235383940414[[#This Row],[الدفعات]] -> 17972

Sheet برفكت
A1: فاتورة | B1: م | C1: التاريخ | D1: اسم الشركه | E1: العنوان | F1: رقم الاذن | G1: عدد الحاويات | H1: النولون | I1: قيمة مضافة | J1: الايصالات | K1: اجمالي الفاتوره | L1: الدفعات | M1: اجمالي الحساب | N1: Column1 | O1: Column2
I2: =0.14*Table118192023103031323538394042[[#This Row],[النولون]] -> 0 | K2: =Table118192023103031323538394042[[#This Row],[النولون]]+Table118192023103031323538394042[[#This Row],[الايصالات]]+Table118192023103031323538394042[[#This Row],[قيمة مضافة]] -> 0 | M2: =217793.48-103000 -> 114793.48
A3: 1211 | B3: 1 | C3: 3/1/2026 | D3: فابريك | E3: العاشر | F3: 534885 | G3: 10*40 | H3: =14800*10 -> 148000 | I3: =0.14*Table118192023103031323538394042[[#This Row],[النولون]] -> 20720 | J3: =1135+5*1100+4*1105+105.79+394.32+599.4+333.68+394.32+88.73+639.11+485.3+397.15+389.32+668.33+628.73+1245*2+4*1300+5365.01 -> 29234.19 | K3: =Table118192023103031323538394042[[#This Row],[النولون]]+Table118192023103031323538394042[[#This Row],[الايصالات]]+Table118192023103031323538394042[[#This Row],[قيمة مضافة]] -> 197954.19 | M3: =M2+Table118192023103031323538394042[[#This Row],[اجمالي الفاتوره]]-Table118192023103031323538394042[[#This Row],[الدفعات]] -> 312747.67
C4: 28/1/2026 | I4: =0.14*Table118192023103031323538394042[[#This Row],[النولون]] -> 0 | K4: =Table118192023103031323538394042[[#This Row],[النولون]]+Table118192023103031323538394042[[#This Row],[الايصالات]]+Table118192023103031323538394042[[#This Row],[قيمة مضافة]] -> 0 | L4: 300000 | M4: =M3+Table118192023103031323538394042[[#This Row],[اجمالي الفاتوره]]-Table118192023103031323538394042[[#This Row],[الدفعات]] -> 12747.67
B5: 2 | C5: 3/1/2026 | D5: محمد جميل | E5: أكتوبر | F5: 529643 | G5: 2ملاكي | H5: =2*5500 -> 11000 | I5: 0 | J5: =107.75+113.09 -> 220.84 | K5: =Table118192023103031323538394042[[#This Row],[النولون]]+Table118192023103031323538394042[[#This Row],[الايصالات]]+Table118192023103031323538394042[[#This Row],[قيمة مضافة]] -> 11220.84 | M5: =M4+Table118192023103031323538394042[[#This Row],[اجمالي الفاتوره]]-Table118192023103031323538394042[[#This Row],[الدفعات]] -> 23968.51
A6: 1216 | B6: 3 | C6: 8/1/2026 | D6: فابريك | E6: العاشر | F6: 263506263 | G6: 1*40 | H6: 14800 | I6: 0 | J6: =1100+105.79+429.91+25.1+500+4259 -> 6419.8 | K6: =Table118192023103031323538394042[[#This Row],[النولون]]+Table118192023103031323538394042[[#This Row],[الايصالات]]+Table118192023103031323538394042[[#This Row],[قيمة مضافة]] -> 21219.8 | M6: =M5+Table118192023103031323538394042[[#This Row],[اجمالي الفاتوره]]-Table118192023103031323538394042[[#This Row],[الدفعات]] -> 45188.31
A7: 1223 | B7: 4 | C7: 10/1/2026 | D7: الدولية | E7: العاشر | F7: 3869 | G7: 2*40 | H7: =14800*2 -> 29600 | I7: =0.14*Table118192023103031323538394042[[#This Row],[النولون]] -> 4144 | J7: =810+105.79*2+237.58+262.69+1254*2+100+228 -> 4357.85 | K7: =Table118192023103031323538394042[[#This Row],[النولون]]+Table118192023103031323538394042[[#This Row],[الايصالات]]+Table118192023103031323538394042[[#This Row],[قيمة مضافة]] -> 38101.85 | M7: =M6+Table118192023103031323538394042[[#This Row],[اجمالي الفاتوره]]-Table118192023103031323538394042[[#This Row],[الدفعات]] -> 83290.16
B8: 5 | C8: 18/1/2026 | D8: نيوبيبي | E8: العاشر | F8: 16627 | G8: 7*40 | H8: =14800*7 -> 103600 | I8: 0 | J8: =390+100+810+1407.9*7+336.51+399.98+397.15+729.72+668.33+462.37+362.27 -> 14511.63 | K8: =Table118192023103031323538394042[[#This Row],[النولون]]+Table118192023103031323538394042[[#This Row],[الايصالات]]+Table118192023103031323538394042[[#This Row],[قيمة مضافة]] -> 118111.63 | M8: =M7+Table118192023103031323538394042[[#This Row],[اجمالي الفاتوره]]-Table118192023103031323538394042[[#This Row],[الدفعات]] -> 201401.79
A9: 1239 | B9: 6 | C9: 18/1/2026 | D9: اورينت | E9: العاشر | F9: 16710 | G9: 8*40 | H9: =14800*8 -> 118400 | I9: =0.14*Table118192023103031323538394042[[#This Row],[النولون]] -> 16576 | J9: =125+100+747.76+663.08+549.16+392.15+389.32+362.27+359.44+389.32+5796.9+1749.9+1635.9+5*1407.9 -> 20299.7 | K9: =Table118192023103031323538394042[[#This Row],[النولون]]+Table118192023103031323538394042[[#This Row],[الايصالات]]+Table118192023103031323538394042[[#This Row],[قيمة مضافة]] -> 155275.7 | M9: =M8+Table118192023103031323538394042[[#This Row],[اجمالي الفاتوره]]-Table118192023103031323538394042[[#This Row],[الدفعات]] -> 356677.49
A10: 1246 | B10: 7 | C10: 22/1/2026 | D10: مسابك القاهرة | E10: بلبيس | F10: 19420 | G10: 10*40 | H10: =14800*10 -> 148000 | I10: =0.14*Table118192023103031323538394042[[#This Row],[النولون]] -> 20720 | J10: =2500+3*1100+6*1135+247.78+326.71+220.04+182.79+105.79+262.53+264.79+318.88+321.05+293.84+171.48+123+3449.64+10641.9+228+2091.9+6480.9+3231.9+1179.9+1179.9+1407.9*4 -> 49564.32 | K10: =Table118192023103031323538394042[[#This Row],[النولون]]+Table118192023103031323538394042[[#This Row],[الايصالات]]+Table118192023103031323538394042[[#This Row],[قيمة مضافة]] -> 218284.32 | M10: =M9+Table118192023103031323538394042[[#This Row],[اجمالي الفاتوره]]-Table118192023103031323538394042[[#This Row],[الدفعات]] -> 574961.81 | N10: =SUM(K:K)-SUM(L:L)+M2 -> 744759.39 | O10: =SUM(I:I) -> 282354.8
B11: 8 | C11: 22/1/2026 | D11: عبدالرحمن مصطفى | E11: م نصر | F11: 12774 | G11: 2*40 | H11: =15200*2 -> 30400 | I11: 0 | J11: =1100+1135+292.57+227.12+689.93+1521.9+1407.9 -> 6374.42 | K11: =Table118192023103031323538394042[[#This Row],[النولون]]+Table118192023103031323538394042[[#This Row],[الايصالات]]+Table118192023103031323538394042[[#This Row],[قيمة مضافة]] -> 36774.42 | M11: =M10+Table118192023103031323538394042[[#This Row],[اجمالي الفاتوره]]-Table118192023103031323538394042[[#This Row],[الدفعات]] -> 611736.23
A12: 1264 | B12: 9 | C12: 3/2/2026 | D12: اورينت | E12: العاشر | F12: 35139 | G12: 3*40 | H12: =14800*3 -> 44400 | I12: =0.14*Table118192023103031323538394042[[#This Row],[النولون]] -> 6216 | J12: =850+5010+289.09+268.34+300.4+1370*3+150 -> 10977.83 | K12: =Table118192023103031323538394042[[#This Row],[النولون]]+Table118192023103031323538394042[[#This Row],[الايصالات]]+Table118192023103031323538394042[[#This Row],[قيمة مضافة]] -> 61593.83 | M12: =M11+Table118192023103031323538394042[[#This Row],[اجمالي الفاتوره]]-Table118192023103031323538394042[[#This Row],[الدفعات]] -> 673330.06
A13: 1265 | B13: 10 | C13: 3/2/2026 | D13: اورينت | E13: العاشر | F13: 35057 | G13: 1*40 | H13: 14800 | I13: =0.14*Table118192023103031323538394042[[#This Row],[النولون]] -> 2072 | J13: =850+3160+358.01+912+2850+478.8+150 -> 8758.81 | K13: =Table118192023103031323538394042[[#This Row],[النولون]]+Table118192023103031323538394042[[#This Row],[الايصالات]]+Table118192023103031323538394042[[#This Row],[قيمة مضافة]] -> 25630.81 | M13: =M12+Table118192023103031323538394042[[#This Row],[اجمالي الفاتوره]]-Table118192023103031323538394042[[#This Row],[الدفعات]] -> 698960.87
A14: 1266 | B14: 11 | C14: 3/2/2026 | D14: الانارة العامة | E14: العاشر | F14: 35421 | G14: 1*40 | H14: 14800 | I14: =0.14*Table118192023103031323538394042[[#This Row],[النولون]] -> 2072 | J14: =1100+155.55+912+478.8 -> 2646.35 | K14: =Table118192023103031323538394042[[#This Row],[النولون]]+Table118192023103031323538394042[[#This Row],[الايصالات]]+Table118192023103031323538394042[[#This Row],[قيمة مضافة]] -> 19518.35 | M14: =M13+Table118192023103031323538394042[[#This Row],[اجمالي الفاتوره]]-Table118192023103031323538394042[[#This Row],[الدفعات]] -> 718479.22
B15: 12 | C15: 3/2/2026 | D15: انا لسيز | E15: حدايق أكتوبر | F15: 31084 | G15: 1*40+1*20 | H15: =13800+11500 -> 25300 | I15: 0 | J15: =1135+560+222.12+140.71+100+1300+1370 -> 4827.83 | K15: =Table118192023103031323538394042[[#This Row],[النولون]]+Table118192023103031323538394042[[#This Row],[الايصالات]]+Table118192023103031323538394042[[#This Row],[قيمة مضافة]] -> 30127.83 | M15: =M14+Table118192023103031323538394042[[#This Row],[اجمالي الفاتوره]]-Table118192023103031323538394042[[#This Row],[الدفعات]] -> 748607.05
B16: 13 | C16: 3/2/2026 | D16: نيوبيبي | E16: العاشر | F16: 41572 | G16: 5*40 | H16: =14800*5 -> 74000 | I16: 0 | J16: =10855+150+303.22+297.57+262.69+303.22+306.05+1300*2 -> 15077.75 | K16: =Table118192023103031323538394042[[#This Row],[النولون]]+Table118192023103031323538394042[[#This Row],[الايصالات]]+Table118192023103031323538394042[[#This Row],[قيمة مضافة]] -> 89077.75 | M16: =M15+Table118192023103031323538394042[[#This Row],[اجمالي الفاتوره]]-Table118192023103031323538394042[[#This Row],[الدفعات]] -> 837684.8
C17: 10/2/2026 | I17: =0.14*Table118192023103031323538394042[[#This Row],[النولون]] -> 0 | K17: =Table118192023103031323538394042[[#This Row],[النولون]]+Table118192023103031323538394042[[#This Row],[الايصالات]]+Table118192023103031323538394042[[#This Row],[قيمة مضافة]] -> 0 | L17: 200000 | M17: =M16+Table118192023103031323538394042[[#This Row],[اجمالي الفاتوره]]-Table118192023103031323538394042[[#This Row],[الدفعات]] -> 637684.8
C18: 24/2/2026 | I18: =0.14*Table118192023103031323538394042[[#This Row],[النولون]] -> 0 | K18: =Table118192023103031323538394042[[#This Row],[النولون]]+Table118192023103031323538394042[[#This Row],[الايصالات]]+Table118192023103031323538394042[[#This Row],[قيمة مضافة]] -> 0 | L18: 57999 | M18: =M17+Table118192023103031323538394042[[#This Row],[اجمالي الفاتوره]]-Table118192023103031323538394042[[#This Row],[الدفعات]] -> 579685.8
A19: 1287 | B19: 14 | C19: 14/2/2026 | D19: اورينت | E19: العاشر | F19: 61296 | G19: 4*40 | H19: =14800*4 -> 59200 | I19: =0.14*Table118192023103031323538394042[[#This Row],[النولون]] -> 8288 | J19: =392.15+702.79*2+375.84+4475+150+456+1000+1088.7*4 -> 12609.37 | K19: =Table118192023103031323538394042[[#This Row],[النولون]]+Table118192023103031323538394042[[#This Row],[الايصالات]]+Table118192023103031323538394042[[#This Row],[قيمة مضافة]] -> 80097.37 | M19: =M18+Table118192023103031323538394042[[#This Row],[اجمالي الفاتوره]]-Table118192023103031323538394042[[#This Row],[الدفعات]] -> 659783.17
A20: 1302 | B20: 15 | C20: 21/2/2026 | D20: اورينت | E20: العاشر | F20: 74865 | G20: 1*40 | H20: 14800 | I20: =0.14*Table118192023103031323538394042[[#This Row],[النولون]] -> 2072 | J20: =328.88+1140+114+360 -> 1942.88 | K20: =Table118192023103031323538394042[[#This Row],[النولون]]+Table118192023103031323538394042[[#This Row],[الايصالات]]+Table118192023103031323538394042[[#This Row],[قيمة مضافة]] -> 18814.88 | M20: =M19+Table118192023103031323538394042[[#This Row],[اجمالي الفاتوره]]-Table118192023103031323538394042[[#This Row],[الدفعات]] -> 678598.05
A21: 1303 | B21: 16 | C21: 21/2/2026 | D21: اورينت | E21: العاشر | F21: 74812 | G21: 2*40 | H21: =14800*2 -> 29600 | I21: =0.14*Table118192023103031323538394042[[#This Row],[النولون]] -> 4144 | J21: =850+308.51+302.25+957.6+150 -> 2568.36 | K21: =Table118192023103031323538394042[[#This Row],[النولون]]+Table118192023103031323538394042[[#This Row],[الايصالات]]+Table118192023103031323538394042[[#This Row],[قيمة مضافة]] -> 36312.36 | M21: =M20+Table118192023103031323538394042[[#This Row],[اجمالي الفاتوره]]-Table118192023103031323538394042[[#This Row],[الدفعات]] -> 714910.41
A22: 1319 | B22: 17 | C22: 1/3/2026 | D22: الدولية | E22: العاشر | F22: 95500 | G22: 2*40 | H22: =14800*2 -> 29600 | I22: =0.14*Table118192023103031323538394042[[#This Row],[النولون]] -> 4144 | J22: =5010+50+855*2+246.02+295.67+100 -> 7411.69 | K22: =Table118192023103031323538394042[[#This Row],[النولون]]+Table118192023103031323538394042[[#This Row],[الايصالات]]+Table118192023103031323538394042[[#This Row],[قيمة مضافة]] -> 41155.69 | M22: =M21+Table118192023103031323538394042[[#This Row],[اجمالي الفاتوره]]-Table118192023103031323538394042[[#This Row],[الدفعات]] -> 756066.1
B23: 18 | C23: 1/3/2026 | D23: نيوبيبي | E23: العاشر | F23: 92947 | G23: 5*40 | H23: =14800*5 -> 74000 | I23: 0 | J23: =15895+150+306.05+303.22+300.4+239.76+68.08+249.47+200+1311*4+1454+2850 -> 27259.98 | K23: =Table118192023103031323538394042[[#This Row],[النولون]]+Table118192023103031323538394042[[#This Row],[الايصالات]]+Table118192023103031323538394042[[#This Row],[قيمة مضافة]] -> 101259.98 | M23: =M22+Table118192023103031323538394042[[#This Row],[اجمالي الفاتوره]]-Table118192023103031323538394042[[#This Row],[الدفعات]] -> 857326.08
C24: 5/3/2026 | I24: =0.14*Table118192023103031323538394042[[#This Row],[النولون]] -> 0 | K24: =Table118192023103031323538394042[[#This Row],[النولون]]+Table118192023103031323538394042[[#This Row],[الايصالات]]+Table118192023103031323538394042[[#This Row],[قيمة مضافة]] -> 0 | L24: 200000 | M24: =M23+Table118192023103031323538394042[[#This Row],[اجمالي الفاتوره]]-Table118192023103031323538394042[[#This Row],[الدفعات]] -> 657326.08
C25: 12/3/2026 | I25: =0.14*Table118192023103031323538394042[[#This Row],[النولون]] -> 0 | K25: =Table118192023103031323538394042[[#This Row],[النولون]]+Table118192023103031323538394042[[#This Row],[الايصالات]]+Table118192023103031323538394042[[#This Row],[قيمة مضافة]] -> 0 | L25: 150000 | M25: =M24+Table118192023103031323538394042[[#This Row],[اجمالي الفاتوره]]-Table118192023103031323538394042[[#This Row],[الدفعات]] -> 507326.08
B26: 19 | C26: 14/3/2026 | D26: انا لسيز | E26: بلبيس | F26: 79693 | G26: 1*40 | H26: 14800 | I26: 0 | J26: =850+79+1100+225.85 -> 2254.85 | K26: =Table118192023103031323538394042[[#This Row],[النولون]]+Table118192023103031323538394042[[#This Row],[الايصالات]]+Table118192023103031323538394042[[#This Row],[قيمة مضافة]] -> 17054.85 | M26: =M25+Table118192023103031323538394042[[#This Row],[اجمالي الفاتوره]]-Table118192023103031323538394042[[#This Row],[الدفعات]] -> 524380.93
A27: 1340 | B27: 20 | C27: 28/3/2026 | D27: الدولية | E27: 3 أماكن | F27: 122075 | G27: 9*40 | H27: 157600 | I27: =0.14*Table118192023103031323538394042[[#This Row],[النولون]] -> 22064 | J27: =810+1135+1100*4+1130*4+120+79+407.8+394.94+240.11+402.77+300.39+211.27+218.78+223.45+208.45+5010+855*9+150 -> 26526.96 | K27: =Table118192023103031323538394042[[#This Row],[النولون]]+Table118192023103031323538394042[[#This Row],[الايصالات]]+Table118192023103031323538394042[[#This Row],[قيمة مضافة]] -> 206190.96 | L27: 400 | M27: =M26+Table118192023103031323538394042[[#This Row],[اجمالي الفاتوره]]-Table118192023103031323538394042[[#This Row],[الدفعات]] -> 730171.89
A28: 1341 | B28: 21 | C28: 28/3/2026 | D28: اورينت | E28: العاشر | F28: 12858 | G28: 2*40 | H28: =16700*2 -> 33400 | I28: =0.14*Table118192023103031323538394042[[#This Row],[النولون]] -> 4676 | J28: =810+5010+150+257.03+296.62+855*2+2280 -> 10513.65 | K28: =Table118192023103031323538394042[[#This Row],[النولون]]+Table118192023103031323538394042[[#This Row],[الايصالات]]+Table118192023103031323538394042[[#This Row],[قيمة مضافة]] -> 48589.65 | L28: 200 | M28: =M27+Table118192023103031323538394042[[#This Row],[اجمالي الفاتوره]]-Table118192023103031323538394042[[#This Row],[الدفعات]] -> 778561.54
C29: 29/3/2026 | I29: =0.14*Table118192023103031323538394042[[#This Row],[النولون]] -> 0 | K29: =Table118192023103031323538394042[[#This Row],[النولون]]+Table118192023103031323538394042[[#This Row],[الايصالات]]+Table118192023103031323538394042[[#This Row],[قيمة مضافة]] -> 0 | L29: 200000 | M29: =M28+Table118192023103031323538394042[[#This Row],[اجمالي الفاتوره]]-Table118192023103031323538394042[[#This Row],[الدفعات]] -> 578561.54
A30: 1360 | B30: 22 | C30: 46116 | D30: فابريك | E30: العاشر | F30: 898959 | G30: 1*40 | H30: 16200 | I30: 0 | J30: =1100+2500+200+285 -> 4085 | K30: =Table118192023103031323538394042[[#This Row],[النولون]]+Table118192023103031323538394042[[#This Row],[الايصالات]]+Table118192023103031323538394042[[#This Row],[قيمة مضافة]] -> 20285 | M30: =M29+Table118192023103031323538394042[[#This Row],[اجمالي الفاتوره]]-Table118192023103031323538394042[[#This Row],[الدفعات]] -> 598846.54
A31: 1361 | B31: 23 | C31: 46116 | D31: اورينت | E31: العاشر | F31: 154055 | G31: 2*40 | H31: =16000*2 -> 32000 | I31: =0.14*Table118192023103031323538394042[[#This Row],[النولون]] -> 4480 | J31: =30260+150+105.79+322.94+292.57+1772.7*2+228+600 -> 35504.7 | K31: =Table118192023103031323538394042[[#This Row],[النولون]]+Table118192023103031323538394042[[#This Row],[الايصالات]]+Table118192023103031323538394042[[#This Row],[قيمة مضافة]] -> 71984.7 | M31: =M30+Table118192023103031323538394042[[#This Row],[اجمالي الفاتوره]]-Table118192023103031323538394042[[#This Row],[الدفعات]] -> 670831.24
A32: 1362 | B32: 24 | C32: 46116 | D32: اورينت | E32: العاشر | F32: 154091 | G32: 1*40 | H32: 16000 | I32: =0.14*Table118192023103031323538394042[[#This Row],[النولون]] -> 2240 | J32: =850+9770+150+326.71+114+360+1282.5 -> 12853.21 | K32: =Table118192023103031323538394042[[#This Row],[النولون]]+Table118192023103031323538394042[[#This Row],[الايصالات]]+Table118192023103031323538394042[[#This Row],[قيمة مضافة]] -> 31093.21 | M32: =M31+Table118192023103031323538394042[[#This Row],[اجمالي الفاتوره]]-Table118192023103031323538394042[[#This Row],[الدفعات]] -> 701924.45
A33: 1353 | B33: 25 | C33: 46116 | D33: برفكت | E33: كينج مريوط | F33: 151896 | G33: 1*40 | H33: 8000 | I33: =0.14*Table118192023103031323538394042[[#This Row],[النولون]] -> 1120 | J33: =1210+150+319.65+1333.8+500 -> 3513.45 | K33: =Table118192023103031323538394042[[#This Row],[النولون]]+Table118192023103031323538394042[[#This Row],[الايصالات]]+Table118192023103031323538394042[[#This Row],[قيمة مضافة]] -> 12633.45 | M33: =M32+Table118192023103031323538394042[[#This Row],[اجمالي الفاتوره]]-Table118192023103031323538394042[[#This Row],[الدفعات]] -> 714557.9
C34: 46126 | I34: =0.14*Table118192023103031323538394042[[#This Row],[النولون]] -> 0 | K34: =Table118192023103031323538394042[[#This Row],[النولون]]+Table118192023103031323538394042[[#This Row],[الايصالات]]+Table118192023103031323538394042[[#This Row],[قيمة مضافة]] -> 0 | L34: 100000 | M34: =M33+Table118192023103031323538394042[[#This Row],[اجمالي الفاتوره]]-Table118192023103031323538394042[[#This Row],[الدفعات]] -> 614557.9
A35: 1384 | B35: 26 | C35: 46126 | D35: سوفتكس | E35: العاشر | F35: 9020169 | G35: 1*20 | H35: 13500 | I35: 0 | J35: =550+437.98+2500+150+171 -> 3808.98 | K35: =Table118192023103031323538394042[[#This Row],[النولون]]+Table118192023103031323538394042[[#This Row],[الايصالات]]+Table118192023103031323538394042[[#This Row],[قيمة مضافة]] -> 17308.98 | M35: =M34+Table118192023103031323538394042[[#This Row],[اجمالي الفاتوره]]-Table118192023103031323538394042[[#This Row],[الدفعات]] -> 631866.88
A36: 1455 | B36: 27 | C36: 46126 | D36: اجرولاند | E36: ايتاي البارود | F36: 150046 | G36: 4*40 | H36: =12000*4 -> 48000 | I36: =0.14*Table118192023103031323538394042[[#This Row],[النولون]] -> 6720 | J36: =850+1135*4+234.1+229.1+297.57+304.49+1467.18*4 -> 12323.98 | K36: =Table118192023103031323538394042[[#This Row],[النولون]]+Table118192023103031323538394042[[#This Row],[الايصالات]]+Table118192023103031323538394042[[#This Row],[قيمة مضافة]] -> 67043.98 | M36: =M35+Table118192023103031323538394042[[#This Row],[اجمالي الفاتوره]]-Table118192023103031323538394042[[#This Row],[الدفعات]] -> 698910.86
B37: 28 | C37: 46126 | D37: اتش دي | E37: العاشر | F37: 151662 | G37: 1*40 اوبن | H37: 16500 | I37: 0 | J37: =850+8030+300.07+1767+100 -> 11047.07 | K37: =Table118192023103031323538394042[[#This Row],[النولون]]+Table118192023103031323538394042[[#This Row],[الايصالات]]+Table118192023103031323538394042[[#This Row],[قيمة مضافة]] -> 27547.07 | M37: =M36+Table118192023103031323538394042[[#This Row],[اجمالي الفاتوره]]-Table118192023103031323538394042[[#This Row],[الدفعات]] -> 726457.93
B38: 29 | C38: 46130 | D38: نيوبيبي | E38: العاشر | F38: 175289 | G38: 7*40 | H38: =16000*7 -> 112000 | I38: 0 | J38: =7*1255+5010+810+100+150+336.71+321.05+323.88+304.65+370.62+383.44+311.53 -> 17206.88 | K38: =Table118192023103031323538394042[[#This Row],[النولون]]+Table118192023103031323538394042[[#This Row],[الايصالات]]+Table118192023103031323538394042[[#This Row],[قيمة مضافة]] -> 129206.88 | M38: =M37+Table118192023103031323538394042[[#This Row],[اجمالي الفاتوره]]-Table118192023103031323538394042[[#This Row],[الدفعات]] -> 855664.81
A39: 1385 | B39: 30 | C39: 46130 | D39: المصرية ميدكال | E39: العاشر | F39: 180487 | G39: 1*20 | H39: 13000 | I39: =0.14*Table118192023103031323538394042[[#This Row],[النولون]] -> 1820 | J39: =580+179.84+798+57+200 -> 1814.84 | K39: =Table118192023103031323538394042[[#This Row],[النولون]]+Table118192023103031323538394042[[#This Row],[الايصالات]]+Table118192023103031323538394042[[#This Row],[قيمة مضافة]] -> 16634.84 | M39: =M38+Table118192023103031323538394042[[#This Row],[اجمالي الفاتوره]]-Table118192023103031323538394042[[#This Row],[الدفعات]] -> 872299.65
A40: 1390 | B40: 31 | C40: 46131 | D40: الدولية للبن | E40: أكتوبر | F40: 164371 | G40: 1*20 | H40: 12500 | I40: =0.14*Table118192023103031323538394042[[#This Row],[النولون]] -> 1750 | J40: =850+580+141.56+200+1938 -> 3709.56 | K40: =Table118192023103031323538394042[[#This Row],[النولون]]+Table118192023103031323538394042[[#This Row],[الايصالات]]+Table118192023103031323538394042[[#This Row],[قيمة مضافة]] -> 17959.56 | M40: =M39+Table118192023103031323538394042[[#This Row],[اجمالي الفاتوره]]-Table118192023103031323538394042[[#This Row],[الدفعات]] -> 890259.21
C41: 46134 | I41: =0.14*Table118192023103031323538394042[[#This Row],[النولون]] -> 0 | K41: =Table118192023103031323538394042[[#This Row],[النولون]]+Table118192023103031323538394042[[#This Row],[الايصالات]]+Table118192023103031323538394042[[#This Row],[قيمة مضافة]] -> 0 | L41: 250000 | M41: =M40+Table118192023103031323538394042[[#This Row],[اجمالي الفاتوره]]-Table118192023103031323538394042[[#This Row],[الدفعات]] -> 640259.21
A42: 1424 | B42: 32 | C42: 46140 | D42: اورينت | E42: العاشر | F42: 184593 | G42: 6*40 | H42: =16000*6 -> 96000 | I42: =0.14*Table118192023103031323538394042[[#This Row],[النولون]] -> 13440 | J42: =9580+810+263.14+266.59+272.24+266.59+263.76+272.24+1140*4+2872.8+150 -> 19577.36 | K42: =Table118192023103031323538394042[[#This Row],[النولون]]+Table118192023103031323538394042[[#This Row],[الايصالات]]+Table118192023103031323538394042[[#This Row],[قيمة مضافة]] -> 129017.36 | M42: =M41+Table118192023103031323538394042[[#This Row],[اجمالي الفاتوره]]-Table118192023103031323538394042[[#This Row],[الدفعات]] -> 769276.57
A43: 1425 | B43: 33 | C43: 46140 | D43: اورينت | E43: العاشر | F43: 191012 | G43: 3*40 | H43: =3*16000 -> 48000 | I43: =0.14*Table118192023103031323538394042[[#This Row],[النولون]] -> 6720 | J43: =5300+850+256.26+256.26+253.43+2005+1574+2145+1710+150 -> 14499.95 | K43: =Table118192023103031323538394042[[#This Row],[النولون]]+Table118192023103031323538394042[[#This Row],[الايصالات]]+Table118192023103031323538394042[[#This Row],[قيمة مضافة]] -> 69219.95 | M43: =M42+Table118192023103031323538394042[[#This Row],[اجمالي الفاتوره]]-Table118192023103031323538394042[[#This Row],[الدفعات]] -> 838496.52
A44: 1426 | B44: 34 | C44: 46140 | D44: اورينت | E44: العاشر | F44: 191014 | G44: 1*40 | H44: 16000 | I44: =0.14*Table118192023103031323538394042[[#This Row],[النولون]] -> 2240 | J44: =1311+570+150 -> 2031 | K44: =Table118192023103031323538394042[[#This Row],[النولون]]+Table118192023103031323538394042[[#This Row],[الايصالات]]+Table118192023103031323538394042[[#This Row],[قيمة مضافة]] -> 20271 | M44: =M43+Table118192023103031323538394042[[#This Row],[اجمالي الفاتوره]]-Table118192023103031323538394042[[#This Row],[الدفعات]] -> 858767.52
B45: 35 | C45: 46140 | D45: استيل | E45: العاشر | F45: 173923 | G45: 4*40 OT | H45: =4*16500 -> 66000 | I45: 0 | J45: =2300*4+255.41+295.4+271.91+583.63+105.79+1255*4 -> 15732.14 | K45: =Table118192023103031323538394042[[#This Row],[النولون]]+Table118192023103031323538394042[[#This Row],[الايصالات]]+Table118192023103031323538394042[[#This Row],[قيمة مضافة]] -> 81732.14 | M45: =M44+Table118192023103031323538394042[[#This Row],[اجمالي الفاتوره]]-Table118192023103031323538394042[[#This Row],[الدفعات]] -> 940499.66
A46: 1434 | B46: 36 | C46: 46145 | D46: اورينت | E46: العاشر | F46: 199892 | G46: 1*40 | H46: 16000 | I46: =0.14*Table118192023103031323538394042[[#This Row],[النولون]] -> 2240 | J46: =321.05+810+120+1134.3+150 -> 2535.35 | K46: =Table118192023103031323538394042[[#This Row],[النولون]]+Table118192023103031323538394042[[#This Row],[الايصالات]]+Table118192023103031323538394042[[#This Row],[قيمة مضافة]] -> 20775.35 | M46: =M45+Table118192023103031323538394042[[#This Row],[اجمالي الفاتوره]]-Table118192023103031323538394042[[#This Row],[الدفعات]] -> 961275.01
A47: 1443 | B47: 37 | C47: 46145 | D47: المصرية اليابانية | E47: العاشر | F47: 188203 | G47: 2 فرش | H47: =22500*2 -> 45000 | I47: =0.14*Table118192023103031323538394042[[#This Row],[النولون]] -> 6300 | J47: =5051+150+3235+3200+1813.55+1818.27+200+500+500 -> 16467.82 | K47: =Table118192023103031323538394042[[#This Row],[النولون]]+Table118192023103031323538394042[[#This Row],[الايصالات]]+Table118192023103031323538394042[[#This Row],[قيمة مضافة]] -> 67767.82 | M47: =M46+Table118192023103031323538394042[[#This Row],[اجمالي الفاتوره]]-Table118192023103031323538394042[[#This Row],[الدفعات]] -> 1029042.8
B48: 38 | C48: 46145 | D48: اتش دي | I48: =0.14*Table118192023103031323538394042[[#This Row],[النولون]] -> 0 | J48: 13000 | K48: =Table118192023103031323538394042[[#This Row],[النولون]]+Table118192023103031323538394042[[#This Row],[الايصالات]]+Table118192023103031323538394042[[#This Row],[قيمة مضافة]] -> 13000 | M48: =M47+Table118192023103031323538394042[[#This Row],[اجمالي الفاتوره]]-Table118192023103031323538394042[[#This Row],[الدفعات]] -> 1042042.8
A49: 1440 | B49: 39 | C49: 46145 | D49: الدولية للبن | E49: الحوامدية | F49: 208663 | G49: 2*20 | H49: 21000 | I49: =0.14*Table118192023103031323538394042[[#This Row],[النولون]] -> 2940 | J49: =810+120+1150+105.79+970.17 -> 3155.96 | K49: =Table118192023103031323538394042[[#This Row],[النولون]]+Table118192023103031323538394042[[#This Row],[الايصالات]]+Table118192023103031323538394042[[#This Row],[قيمة مضافة]] -> 27095.96 | M49: =M48+Table118192023103031323538394042[[#This Row],[اجمالي الفاتوره]]-Table118192023103031323538394042[[#This Row],[الدفعات]] -> 1069138.8
C50: 46147 | I50: =0.14*Table118192023103031323538394042[[#This Row],[النولون]] -> 0 | K50: =Table118192023103031323538394042[[#This Row],[النولون]]+Table118192023103031323538394042[[#This Row],[الايصالات]]+Table118192023103031323538394042[[#This Row],[قيمة مضافة]] -> 0 | L50: 250000 | M50: =M49+Table118192023103031323538394042[[#This Row],[اجمالي الفاتوره]]-Table118192023103031323538394042[[#This Row],[الدفعات]] -> 819138.79
C51: 46152 | I51: =0.14*Table118192023103031323538394042[[#This Row],[النولون]] -> 0 | K51: =Table118192023103031323538394042[[#This Row],[النولون]]+Table118192023103031323538394042[[#This Row],[الايصالات]]+Table118192023103031323538394042[[#This Row],[قيمة مضافة]] -> 0 | L51: 250000 | M51: =M50+Table118192023103031323538394042[[#This Row],[اجمالي الفاتوره]]-Table118192023103031323538394042[[#This Row],[الدفعات]] -> 569138.79
A52: 1456 | B52: 40 | C52: 46153 | D52: برفكت | E52: العاشر | F52: 218173 | G52: 1*20 ثقيل | H52: 16000 | I52: =0.14*Table118192023103031323538394042[[#This Row],[النولون]] -> 2240 | J52: =16110+29+560+955.36+1254+285+150 -> 19343.36 | K52: =Table118192023103031323538394042[[#This Row],[النولون]]+Table118192023103031323538394042[[#This Row],[الايصالات]]+Table118192023103031323538394042[[#This Row],[قيمة مضافة]] -> 37583.36 | M52: =M51+Table118192023103031323538394042[[#This Row],[اجمالي الفاتوره]]-Table118192023103031323538394042[[#This Row],[الدفعات]] -> 606722.15
A53: 1457 | B53: 41 | C53: 46153 | D53: برفكت | E53: برج العرب | F53: 223228 | G53: 1*40 | H53: 9700 | I53: =0.14*Table118192023103031323538394042[[#This Row],[النولون]] -> 1358 | J53: =40+1130+365.84+100+1467.18+500+100 -> 3703.02 | K53: =Table118192023103031323538394042[[#This Row],[النولون]]+Table118192023103031323538394042[[#This Row],[الايصالات]]+Table118192023103031323538394042[[#This Row],[قيمة مضافة]] -> 14761.02 | M53: =M52+Table118192023103031323538394042[[#This Row],[اجمالي الفاتوره]]-Table118192023103031323538394042[[#This Row],[الدفعات]] -> 621483.17
A54: 1469 | B54: 42 | C54: 46159 | D54: اورينت | E54: العاشر | F54: 229364 | G54: 7*40 | H54: =16000*7 -> 112000 | I54: =0.14*Table118192023103031323538394042[[#This Row],[النولون]] -> 15680 | J54: =708.04+391.5+68.08+336.51+787.48+747.76+668.33+397.15+1467.18*6+1993.86+3480 -> 18381.79 | K54: =Table118192023103031323538394042[[#This Row],[النولون]]+Table118192023103031323538394042[[#This Row],[الايصالات]]+Table118192023103031323538394042[[#This Row],[قيمة مضافة]] -> 146061.79 | M54: =M53+Table118192023103031323538394042[[#This Row],[اجمالي الفاتوره]]-Table118192023103031323538394042[[#This Row],[الدفعات]] -> 767544.96
A55: 1470 | B55: 43 | C55: 46159 | D55: اورينت | E55: العاشر | F55: 233034 | G55: 1*40 | H55: 16000 | I55: =0.14*Table118192023103031323538394042[[#This Row],[النولون]] -> 2240 | J55: =4065+100+404.55+478.8 -> 5048.35 | K55: =Table118192023103031323538394042[[#This Row],[النولون]]+Table118192023103031323538394042[[#This Row],[الايصالات]]+Table118192023103031323538394042[[#This Row],[قيمة مضافة]] -> 23288.35 | M55: =M54+Table118192023103031323538394042[[#This Row],[اجمالي الفاتوره]]-Table118192023103031323538394042[[#This Row],[الدفعات]] -> 790833.31
C56: 46161 | I56: =0.14*Table118192023103031323538394042[[#This Row],[النولون]] -> 0 | K56: =Table118192023103031323538394042[[#This Row],[النولون]]+Table118192023103031323538394042[[#This Row],[الايصالات]]+Table118192023103031323538394042[[#This Row],[قيمة مضافة]] -> 0 | L56: 150000 | M56: =M55+Table118192023103031323538394042[[#This Row],[اجمالي الفاتوره]]-Table118192023103031323538394042[[#This Row],[الدفعات]] -> 640833.31
C57: 46162 | I57: =0.14*Table118192023103031323538394042[[#This Row],[النولون]] -> 0 | K57: =Table118192023103031323538394042[[#This Row],[النولون]]+Table118192023103031323538394042[[#This Row],[الايصالات]]+Table118192023103031323538394042[[#This Row],[قيمة مضافة]] -> 0 | L57: 300000 | M57: =M56+Table118192023103031323538394042[[#This Row],[اجمالي الفاتوره]]-Table118192023103031323538394042[[#This Row],[الدفعات]] -> 340833.31
B58: 44 | C58: 46166 | D58: أي اس | E58: عامرية | F58: 227707 | G58: 5*40+1*20فلات | H58: =5*7000+17000 -> 52000 | I58: 0 | J58: =9000+12000+1150+1105+105.79*2+166.48+361.5+190.62+158.66+161.48+229.3+1200+2166+3933+2622+2280+1995+2166+200+500+810 -> 42606.62 | K58: =Table118192023103031323538394042[[#This Row],[النولون]]+Table118192023103031323538394042[[#This Row],[الايصالات]]+Table118192023103031323538394042[[#This Row],[قيمة مضافة]] -> 94606.62 | M58: =M57+Table118192023103031323538394042[[#This Row],[اجمالي الفاتوره]]-Table118192023103031323538394042[[#This Row],[الدفعات]] -> 435439.93
A59: 1477 | B59: 45 | C59: 46166 | D59: المصرية ميدكال | E59: العاشر | F59: 237471 | G59: 1*20 | H59: 13000 | I59: =0.14*Table118192023103031323538394042[[#This Row],[النولون]] -> 1820 | J59: =850+550+75.47+172.01+400 -> 2047.48 | K59: =Table118192023103031323538394042[[#This Row],[النولون]]+Table118192023103031323538394042[[#This Row],[الايصالات]]+Table118192023103031323538394042[[#This Row],[قيمة مضافة]] -> 16867.48 | M59: =M58+Table118192023103031323538394042[[#This Row],[اجمالي الفاتوره]]-Table118192023103031323538394042[[#This Row],[الدفعات]] -> 452307.41
A60: 1478 | B60: 46 | C60: 46166 | D60: كير بلس | E60: العاشر | F60: 242686 | G60: 2*40 | H60: =2*16000 -> 32000 | I60: =0.14*Table118192023103031323538394042[[#This Row],[النولون]] -> 4480 | J60: =5110+150+850+1100+1105+437.36+538.66+1347.48 -> 10638.5 | K60: =Table118192023103031323538394042[[#This Row],[النولون]]+Table118192023103031323538394042[[#This Row],[الايصالات]]+Table118192023103031323538394042[[#This Row],[قيمة مضافة]] -> 47118.5 | M60: =M59+Table118192023103031323538394042[[#This Row],[اجمالي الفاتوره]]-Table118192023103031323538394042[[#This Row],[الدفعات]] -> 499425.91
A61: 1479 | B61: 47 | C61: 46166 | D61: كير بلس | E61: العاشر | F61: 248412 | G61: 5*40 | H61: =5*16000 -> 80000 | I61: =0.14*Table118192023103031323538394042[[#This Row],[النولون]] -> 11200 | J61: =150+850+244.76+236.93+303.22+265.51+294.74+1254*4+17334.56+9970 -> 34665.72 | K61: =Table118192023103031323538394042[[#This Row],[النولون]]+Table118192023103031323538394042[[#This Row],[الايصالات]]+Table118192023103031323538394042[[#This Row],[قيمة مضافة]] -> 125865.72 | M61: =M60+Table118192023103031323538394042[[#This Row],[اجمالي الفاتوره]]-Table118192023103031323538394042[[#This Row],[الدفعات]] -> 625291.63
A62: 1480 | B62: 48 | C62: 46166 | D62: كير بلس | E62: العاشر | F62: 248522 | G62: 4*40 | H62: =4*16000 -> 64000 | I62: =0.14*Table118192023103031323538394042[[#This Row],[النولون]] -> 8960 | J62: =120+850+1105+1105+1135+1105+45.15+320.86+323.68+351.85+665.05+5016+150+25135 -> 37427.59 | K62: =Table118192023103031323538394042[[#This Row],[النولون]]+Table118192023103031323538394042[[#This Row],[الايصالات]]+Table118192023103031323538394042[[#This Row],[قيمة مضافة]] -> 110387.59 | M62: =M61+Table118192023103031323538394042[[#This Row],[اجمالي الفاتوره]]-Table118192023103031323538394042[[#This Row],[الدفعات]] -> 735679.22
C63: 46167 | I63: =0.14*Table118192023103031323538394042[[#This Row],[النولون]] -> 0 | K63: =Table118192023103031323538394042[[#This Row],[النولون]]+Table118192023103031323538394042[[#This Row],[الايصالات]]+Table118192023103031323538394042[[#This Row],[قيمة مضافة]] -> 0 | L63: 250000 | M63: =M62+Table118192023103031323538394042[[#This Row],[اجمالي الفاتوره]]-Table118192023103031323538394042[[#This Row],[الدفعات]] -> 485679.22
A64: 1506 | B64: 49 | C64: 46172 | D64: انا لسيز | E64: بلبيس | F64: 234878 | G64: 1*20 | H64: 13000 | I64: =0.14*Table118192023103031323538394042[[#This Row],[النولون]] -> 1820 | J64: =29+530+135.71+1370 -> 2064.71 | K64: =Table118192023103031323538394042[[#This Row],[النولون]]+Table118192023103031323538394042[[#This Row],[الايصالات]]+Table118192023103031323538394042[[#This Row],[قيمة مضافة]] -> 16884.71 | M64: =M63+Table118192023103031323538394042[[#This Row],[اجمالي الفاتوره]]-Table118192023103031323538394042[[#This Row],[الدفعات]] -> 502563.93
A65: 1511 | B65: 50 | C65: 46179 | D65: ان اوتو | E65: عامرية | F65: 252032 | G65: 1*40 | H65: 7000 | I65: =0.14*Table118192023103031323538394042[[#This Row],[النولون]] -> 980 | J65: =1135+328.88+68.08+478.8 -> 2010.76 | K65: =Table118192023103031323538394042[[#This Row],[النولون]]+Table118192023103031323538394042[[#This Row],[الايصالات]]+Table118192023103031323538394042[[#This Row],[قيمة مضافة]] -> 9990.76 | M65: =M64+Table118192023103031323538394042[[#This Row],[اجمالي الفاتوره]]-Table118192023103031323538394042[[#This Row],[الدفعات]] -> 512554.69
A66: 1512 | B66: 51 | C66: 46179 | D66: نور الدين | E66: القاهرة | F66: 252606 | G66: 1*40 | H66: 16000 | I66: =0.14*Table118192023103031323538394042[[#This Row],[النولون]] -> 2240 | J66: =1100+205.62+1482+478.8 -> 3266.42 | K66: =Table118192023103031323538394042[[#This Row],[النولون]]+Table118192023103031323538394042[[#This Row],[الايصالات]]+Table118192023103031323538394042[[#This Row],[قيمة مضافة]] -> 21506.42 | M66: =M65+Table118192023103031323538394042[[#This Row],[اجمالي الفاتوره]]-Table118192023103031323538394042[[#This Row],[الدفعات]] -> 534061.11
C67: 46180 | I67: =0.14*Table118192023103031323538394042[[#This Row],[النولون]] -> 0 | K67: =Table118192023103031323538394042[[#This Row],[النولون]]+Table118192023103031323538394042[[#This Row],[الايصالات]]+Table118192023103031323538394042[[#This Row],[قيمة مضافة]] -> 0 | L67: 130000 | M67: =M66+Table118192023103031323538394042[[#This Row],[اجمالي الفاتوره]]-Table118192023103031323538394042[[#This Row],[الدفعات]] -> 404061.11
A68: 1513 | B68: 52 | C68: 46181 | D68: الدولية للبن | E68: أكتوبر | F68: 265123 | G68: 2*20 | H68: 21000 | I68: =0.14*Table118192023103031323538394042[[#This Row],[النولون]] -> 2940 | J68: =850+30+1120+991.12+1630+150 -> 4771.12 | K68: =Table118192023103031323538394042[[#This Row],[النولون]]+Table118192023103031323538394042[[#This Row],[الايصالات]]+Table118192023103031323538394042[[#This Row],[قيمة مضافة]] -> 28711.12 | M68: =M67+Table118192023103031323538394042[[#This Row],[اجمالي الفاتوره]]-Table118192023103031323538394042[[#This Row],[الدفعات]] -> 432772.23
A69: 1527 | B69: 53 | C69: 46186 | D69: كير بلس | E69: العاشر | F69: 277775 | G69: 3*40 | H69: =3*16000 -> 48000 | I69: =0.14*Table118192023103031323538394042[[#This Row],[النولون]] -> 6720 | J69: =10780+150+114+1105+1100+1100+302.37+105.79+533.41+68.08+734.31+1254*3 -> 19854.96 | K69: =Table118192023103031323538394042[[#This Row],[النولون]]+Table118192023103031323538394042[[#This Row],[الايصالات]]+Table118192023103031323538394042[[#This Row],[قيمة مضافة]] -> 74574.96 | M69: =M68+Table118192023103031323538394042[[#This Row],[اجمالي الفاتوره]]-Table118192023103031323538394042[[#This Row],[الدفعات]] -> 507347.19
A70: 1528 | B70: 54 | C70: 46186 | D70: اورينت | E70: العاشر | F70: 284709 | G70: 6*40 | H70: =6*16000 -> 96000 | I70: =0.14*Table118192023103031323538394042[[#This Row],[النولون]] -> 13440 | J70: =810+850+105.79+105.79*2+604.65+333.68+78.41+651.6+339.34+112.67+336.51+718.88+14115+1544.7*6+1368+150+116.12+105.79+116.12+105.79 -> 30498.13 | K70: =Table118192023103031323538394042[[#This Row],[النولون]]+Table118192023103031323538394042[[#This Row],[الايصالات]]+Table118192023103031323538394042[[#This Row],[قيمة مضافة]] -> 139938.13 | M70: =M69+Table118192023103031323538394042[[#This Row],[اجمالي الفاتوره]]-Table118192023103031323538394042[[#This Row],[الدفعات]] -> 647285.32
A71: 1529 | B71: 55 | C71: 46186 | D71: اورينت | E71: العاشر | F71: 285136 | G71: 2*40 | H71: =2*16000 -> 32000 | I71: =0.14*Table118192023103031323538394042[[#This Row],[النولون]] -> 4480 | J71: =338.59+337.36+689.93+1407.9+3459.9 -> 6233.68 | K71: =Table118192023103031323538394042[[#This Row],[النولون]]+Table118192023103031323538394042[[#This Row],[الايصالات]]+Table118192023103031323538394042[[#This Row],[قيمة مضافة]] -> 42713.68 | M71: =M70+Table118192023103031323538394042[[#This Row],[اجمالي الفاتوره]]-Table118192023103031323538394042[[#This Row],[الدفعات]] -> 689999
A72: 1530 | B72: 56 | C72: 46186 | D72: اورينت | E72: العاشر | F72: 271773 | G72: 6*40 | H72: =6*16000 -> 96000 | I72: =0.14*Table118192023103031323538394042[[#This Row],[النولون]] -> 13440 | J72: =27715+850+105.79+68.08+708.04+409.19+442.85+411.4+438.46+602.15+2872.8+150 -> 34773.76 | K72: =Table118192023103031323538394042[[#This Row],[النولون]]+Table118192023103031323538394042[[#This Row],[الايصالات]]+Table118192023103031323538394042[[#This Row],[قيمة مضافة]] -> 144213.76 | M72: =M71+Table118192023103031323538394042[[#This Row],[اجمالي الفاتوره]]-Table118192023103031323538394042[[#This Row],[الدفعات]] -> 834212.76
B73: 57 | C73: 46186 | D73: اتش دي | E73: العاشر | F73: 271407 | G73: 1*40 | H73: 13000 | J73: =850+550+270.1+50+1368+285 -> 3373.1 | K73: =Table118192023103031323538394042[[#This Row],[النولون]]+Table118192023103031323538394042[[#This Row],[الايصالات]]+Table118192023103031323538394042[[#This Row],[قيمة مضافة]] -> 16373.1 | M73: =M72+Table118192023103031323538394042[[#This Row],[اجمالي الفاتوره]]-Table118192023103031323538394042[[#This Row],[الدفعات]] -> 850585.86
C74: 46189 | I74: =0.14*Table118192023103031323538394042[[#This Row],[النولون]] -> 0 | K74: =Table118192023103031323538394042[[#This Row],[النولون]]+Table118192023103031323538394042[[#This Row],[الايصالات]]+Table118192023103031323538394042[[#This Row],[قيمة مضافة]] -> 0 | L74: 200000 | M74: =M73+Table118192023103031323538394042[[#This Row],[اجمالي الفاتوره]]-Table118192023103031323538394042[[#This Row],[الدفعات]] -> 650585.86
B75: 58 | C75: 46194 | D75: عبدالرحمن مصطفى | E75: القاهرة | F75: 291208 | G75: 2*40 | H75: =18000*2 -> 36000 | I75: 0 | J75: =1105+227.78+236.28+500+228+1453.5*2 -> 5204.06 | K75: =Table118192023103031323538394042[[#This Row],[النولون]]+Table118192023103031323538394042[[#This Row],[الايصالات]]+Table118192023103031323538394042[[#This Row],[قيمة مضافة]] -> 41204.06 | M75: =M74+Table118192023103031323538394042[[#This Row],[اجمالي الفاتوره]]-Table118192023103031323538394042[[#This Row],[الدفعات]] -> 691789.92
B76: 59 | C76: 46194 | D76: عبدالرحمن مصطفى | E76: القاهرة | F76: 301097 | G76: 3*40 | H76: =18000*3 -> 54000 | I76: 0 | J76: =850+810+1105+1105+30+1105+30+203.45+105.79+187.14+182.14+342+750+1453.5+1225.5+1453.5 -> 10938.02 | K76: =Table118192023103031323538394042[[#This Row],[النولون]]+Table118192023103031323538394042[[#This Row],[الايصالات]]+Table118192023103031323538394042[[#This Row],[قيمة مضافة]] -> 64938.02 | M76: =M75+Table118192023103031323538394042[[#This Row],[اجمالي الفاتوره]]-Table118192023103031323538394042[[#This Row],[الدفعات]] -> 756727.94
C77: 46194 | I77: =0.14*Table118192023103031323538394042[[#This Row],[النولون]] -> 0 | K77: =Table118192023103031323538394042[[#This Row],[النولون]]+Table118192023103031323538394042[[#This Row],[الايصالات]]+Table118192023103031323538394042[[#This Row],[قيمة مضافة]] -> 0 | L77: 70000 | M77: =M76+Table118192023103031323538394042[[#This Row],[اجمالي الفاتوره]]-Table118192023103031323538394042[[#This Row],[الدفعات]] -> 686727.94
C78: 46194 | I78: =0.14*Table118192023103031323538394042[[#This Row],[النولون]] -> 0 | K78: =Table118192023103031323538394042[[#This Row],[النولون]]+Table118192023103031323538394042[[#This Row],[الايصالات]]+Table118192023103031323538394042[[#This Row],[قيمة مضافة]] -> 0 | L78: 155000 | M78: =M77+Table118192023103031323538394042[[#This Row],[اجمالي الفاتوره]]-Table118192023103031323538394042[[#This Row],[الدفعات]] -> 531727.94
A79: 1557 | B79: 60 | C79: 46194 | D79: اورينت | E79: العاشر | F79: 6260292 | G79: 1*40 | H79: 16200 | I79: 0 | J79: =1100+464.34+1255+327 -> 3146.34 | K79: =Table118192023103031323538394042[[#This Row],[النولون]]+Table118192023103031323538394042[[#This Row],[الايصالات]]+Table118192023103031323538394042[[#This Row],[قيمة مضافة]] -> 19346.34 | M79: =M78+Table118192023103031323538394042[[#This Row],[اجمالي الفاتوره]]-Table118192023103031323538394042[[#This Row],[الدفعات]] -> 551074.28
A80: 1564 | B80: 61 | C80: 46196 | D80: اورينت | E80: العاشر | F80: 313334 | G80: 1*40 | H80: =16000+420 -> 16420 | I80: =0.14*Table118192023103031323538394042[[#This Row],[النولون]] -> 2298.8 | J80: =105.79+323.13 -> 428.92 | K80: =Table118192023103031323538394042[[#This Row],[النولون]]+Table118192023103031323538394042[[#This Row],[الايصالات]]+Table118192023103031323538394042[[#This Row],[قيمة مضافة]] -> 19147.72 | M80: =M79+Table118192023103031323538394042[[#This Row],[اجمالي الفاتوره]]-Table118192023103031323538394042[[#This Row],[الدفعات]] -> 570222
A81: 1565 | B81: 62 | C81: 46196 | D81: الدولية للبن | E81: الحوامدية | F81: 306914 | G81: 2*20 | H81: 21000 | I81: =0.14*Table118192023103031323538394042[[#This Row],[النولون]] -> 2940 | J81: =5880+850+1120+984.55+1117.2*2+150+100 -> 11318.95 | K81: =Table118192023103031323538394042[[#This Row],[النولون]]+Table118192023103031323538394042[[#This Row],[الايصالات]]+Table118192023103031323538394042[[#This Row],[قيمة مضافة]] -> 35258.95 | M81: =M80+Table118192023103031323538394042[[#This Row],[اجمالي الفاتوره]]-Table118192023103031323538394042[[#This Row],[الدفعات]] -> 605480.95
A82: 1566 | B82: 63 | C82: 46196 | D82: الدولية للبن | E82: الحوامدية | F82: 306912 | G82: 2*20 | H82: 21000 | I82: =0.14*Table118192023103031323538394042[[#This Row],[النولون]] -> 2940 | J82: =850+120+1120+30+941.35+1117.2*2+100+150 -> 5545.75 | K82: =Table118192023103031323538394042[[#This Row],[النولون]]+Table118192023103031323538394042[[#This Row],[الايصالات]]+Table118192023103031323538394042[[#This Row],[قيمة مضافة]] -> 29485.75 | M82: =M81+Table118192023103031323538394042[[#This Row],[اجمالي الفاتوره]]-Table118192023103031323538394042[[#This Row],[الدفعات]] -> 634966.7
A83: 1576 | B83: 64 | C83: 46208 | D83: نور الدين | E83: القاهرة | F83: 252702 | G83: 1*40 | H83: 18000 | I83: =0.14*Table118192023103031323538394042[[#This Row],[النولون]] -> 2520 | J83: =1100+204.3+1254+478.8 -> 3037.1 | K83: =Table118192023103031323538394042[[#This Row],[النولون]]+Table118192023103031323538394042[[#This Row],[الايصالات]]+Table118192023103031323538394042[[#This Row],[قيمة مضافة]] -> 23557.1 | M83: =M82+Table118192023103031323538394042[[#This Row],[اجمالي الفاتوره]]-Table118192023103031323538394042[[#This Row],[الدفعات]] -> 658523.8
A84: 1577 | B84: 65 | C84: 46208 | D84: اورينت | E84: العاشر | F84: 324630 | G84: 3*40 | H84: =16000*3 -> 48000 | I84: =0.14*Table118192023103031323538394042[[#This Row],[النولون]] -> 6720 | J84: =291.91+268.95+306.66+1255*2+8845+1255 -> 13477.52 | K84: =Table118192023103031323538394042[[#This Row],[النولون]]+Table118192023103031323538394042[[#This Row],[الايصالات]]+Table118192023103031323538394042[[#This Row],[قيمة مضافة]] -> 68197.52 | M84: =M83+Table118192023103031323538394042[[#This Row],[اجمالي الفاتوره]]-Table118192023103031323538394042[[#This Row],[الدفعات]] -> 726721.32
A85: 1578 | B85: 66 | C85: 46208 | D85: ان اوتو | E85: مرغم | F85: 321954 | G85: 1*40 | H85: 7000 | I85: =0.14*Table118192023103031323538394042[[#This Row],[النولون]] -> 980 | J85: =850*2+211.27+1368+478.8 -> 3758.07 | K85: =Table118192023103031323538394042[[#This Row],[النولون]]+Table118192023103031323538394042[[#This Row],[الايصالات]]+Table118192023103031323538394042[[#This Row],[قيمة مضافة]] -> 11738.07 | M85: =M84+Table118192023103031323538394042[[#This Row],[اجمالي الفاتوره]]-Table118192023103031323538394042[[#This Row],[الدفعات]] -> 738459.39
C86: 46208 | I86: =0.14*Table118192023103031323538394042[[#This Row],[النولون]] -> 0 | J86: =126*50 -> 6300 | K86: =Table118192023103031323538394042[[#This Row],[النولون]]+Table118192023103031323538394042[[#This Row],[الايصالات]]+Table118192023103031323538394042[[#This Row],[قيمة مضافة]] -> 6300 | M86: =M85+Table118192023103031323538394042[[#This Row],[اجمالي الفاتوره]]-Table118192023103031323538394042[[#This Row],[الدفعات]] -> 744759.39
I87: =0.14*Table118192023103031323538394042[[#This Row],[النولون]] -> 0 | K87: =Table118192023103031323538394042[[#This Row],[النولون]]+Table118192023103031323538394042[[#This Row],[الايصالات]]+Table118192023103031323538394042[[#This Row],[قيمة مضافة]] -> 0 | M87: =M86+Table118192023103031323538394042[[#This Row],[اجمالي الفاتوره]]-Table118192023103031323538394042[[#This Row],[الدفعات]] -> 744759.39
I88: =0.14*Table118192023103031323538394042[[#This Row],[النولون]] -> 0 | K88: =Table118192023103031323538394042[[#This Row],[النولون]]+Table118192023103031323538394042[[#This Row],[الايصالات]]+Table118192023103031323538394042[[#This Row],[قيمة مضافة]] -> 0 | M88: =M87+Table118192023103031323538394042[[#This Row],[اجمالي الفاتوره]]-Table118192023103031323538394042[[#This Row],[الدفعات]] -> 744759.39
I89: =0.14*Table118192023103031323538394042[[#This Row],[النولون]] -> 0 | K89: =Table118192023103031323538394042[[#This Row],[النولون]]+Table118192023103031323538394042[[#This Row],[الايصالات]]+Table118192023103031323538394042[[#This Row],[قيمة مضافة]] -> 0 | M89: =M88+Table118192023103031323538394042[[#This Row],[اجمالي الفاتوره]]-Table118192023103031323538394042[[#This Row],[الدفعات]] -> 744759.39
I90: =0.14*Table118192023103031323538394042[[#This Row],[النولون]] -> 0 | K90: =Table118192023103031323538394042[[#This Row],[النولون]]+Table118192023103031323538394042[[#This Row],[الايصالات]]+Table118192023103031323538394042[[#This Row],[قيمة مضافة]] -> 0 | M90: =M89+Table118192023103031323538394042[[#This Row],[اجمالي الفاتوره]]-Table118192023103031323538394042[[#This Row],[الدفعات]] -> 744759.39
I91: =0.14*Table118192023103031323538394042[[#This Row],[النولون]] -> 0 | K91: =Table118192023103031323538394042[[#This Row],[النولون]]+Table118192023103031323538394042[[#This Row],[الايصالات]]+Table118192023103031323538394042[[#This Row],[قيمة مضافة]] -> 0 | M91: =M90+Table118192023103031323538394042[[#This Row],[اجمالي الفاتوره]]-Table118192023103031323538394042[[#This Row],[الدفعات]] -> 744759.39
I92: =0.14*Table118192023103031323538394042[[#This Row],[النولون]] -> 0 | K92: =Table118192023103031323538394042[[#This Row],[النولون]]+Table118192023103031323538394042[[#This Row],[الايصالات]]+Table118192023103031323538394042[[#This Row],[قيمة مضافة]] -> 0 | M92: =M91+Table118192023103031323538394042[[#This Row],[اجمالي الفاتوره]]-Table118192023103031323538394042[[#This Row],[الدفعات]] -> 744759.39
I93: =0.14*Table118192023103031323538394042[[#This Row],[النولون]] -> 0 | K93: =Table118192023103031323538394042[[#This Row],[النولون]]+Table118192023103031323538394042[[#This Row],[الايصالات]]+Table118192023103031323538394042[[#This Row],[قيمة مضافة]] -> 0 | M93: =M92+Table118192023103031323538394042[[#This Row],[اجمالي الفاتوره]]-Table118192023103031323538394042[[#This Row],[الدفعات]] -> 744759.39
I94: =0.14*Table118192023103031323538394042[[#This Row],[النولون]] -> 0 | K94: =Table118192023103031323538394042[[#This Row],[النولون]]+Table118192023103031323538394042[[#This Row],[الايصالات]]+Table118192023103031323538394042[[#This Row],[قيمة مضافة]] -> 0 | M94: =M93+Table118192023103031323538394042[[#This Row],[اجمالي الفاتوره]]-Table118192023103031323538394042[[#This Row],[الدفعات]] -> 744759.39
